file_id,source_path,filename,file_type,size_bytes,drive_file_id,mime_type,version,status,last_processed,error_message
001,/Misc/For Writer/_5 Chanukah/Chanukah Events/Music,Play list _ Music for event.docx,document,7818,1wlOdSRVEAZJZbNFvXVV8ayTSPh89d0f3,application/vnd.openxmlformats-officedocument.wordprocessingml.document,1,processed,2025-11-09T11:43:32.864012,
002,/Misc/For Writer/_5 Chanukah/Chanukah Events/Event Advertising-Marketing,Newspaper Article.docx,document,10535,1Jx0S8hl63qnxWolvt4ihdZeb4XsFIXfk,application/vnd.openxmlformats-officedocument.wordprocessingml.document,1,processed,2025-11-09T11:43:32.864032,
003,/Misc/For Writer/_5 Chanukah/Chanukah Events/Event Ideas,events ideas_.docx,document,10299,1GRc9Sh-qa7qfwuzVLoHVKAazNlsz6VKu,application/vnd.openxmlformats-officedocument.wordprocessingml.document,1,processed,2025-11-09T11:43:32.864034,
004,/Misc/For Writer/_5 Chanukah/Chanukah Events/Event Ideas,Home Depot.docx,document,8442,1fS_hdP9jS6jx5v2jEqPwHkS6oaxJQfoN,application/vnd.openxmlformats-officedocument.wordprocessingml.document,1,processed,2025-11-09T11:43:32.864036,
005,/Misc/For Writer/_5 Chanukah/Chanukah Events/Event Ideas,Chanukah Bus Delivers Joy to Senior Citizens.docx,document,7671,1k322UOp6nDOvzQouAjW8SeAten65UlgU,application/vnd.openxmlformats-officedocument.wordprocessingml.document,1,processed,2025-11-09T11:43:32.864037,
006,/Misc/For Writer/_5 Chanukah/Chanukah Events/Event Ideas,"Ladies Pre Chanukah Evening_ Wine, Cheese_.docx",document,7515,1fpRph3-kL7ccw95nY_NmRtcRo9afMo8N,application/vnd.openxmlformats-officedocument.wordprocessingml.document,1,pending,2025-11-09T04:56:54.798963,
007,/Misc/For Writer/_5 Chanukah/Chanukah Events/Event Ideas,Menorah Ideas for Events.docx,document,8250,1j7OSwlHeaEC7MtnxOCiwyMq1Z5sjjRAA,application/vnd.openxmlformats-officedocument.wordprocessingml.document,1,pending,2025-11-09T04:56:54.801965,
008,/Misc/For Writer/_5 Chanukah/Chanukah Events/Event Ideas,Chanukah Wonderland_.docx,document,6784,1VyhV2NSurm8JukPt5LhoRdfXAKHiT6-L,application/vnd.openxmlformats-officedocument.wordprocessingml.document,1,pending,2025-11-09T04:56:54.805964,
009,/Misc/For Writer/_5 Chanukah/Chanukah Events/Event Ideas,Chanukah in the Mall.docx,document,6508,1tWTLnUVtXFV2mt6xHEeSbP4Bm8QoTG4V,application/vnd.openxmlformats-officedocument.wordprocessingml.document,1,pending,2025-11-09T04:56:54.810964,
010,/Misc/For Writer/_5 Chanukah/Chanukah Events/Event Ideas,Virtual Reality.docx,document,7389,1x3r31BvU0vW2u3N0ha5jHNRPYn-AqWuT,application/vnd.openxmlformats-officedocument.wordprocessingml.document,1,pending,2025-11-09T04:56:54.813968,
011,/Misc/For Writer/_5 Chanukah/Chanukah Events/Event Ideas,Jewish Heritage Night.docx,document,10046,1-5Vt3w57py2_gmqWSJM3WTfmuoZ_6iC3,application/vnd.openxmlformats-officedocument.wordprocessingml.document,1,pending,2025-11-09T04:56:54.817964,
012,/Misc/For Writer/_5 Chanukah/Chanukah Events/Event Ideas,Games and Crafts.docx,document,6568,1lTEpUbU1B3cE6ewQoN62APPHNgp64FHb,application/vnd.openxmlformats-officedocument.wordprocessingml.document,1,pending,2025-11-09T04:56:54.820965,
013,/Misc/For Writer/_5 Chanukah/Chanukah Events/Event Ideas,Latke Tasting.docx,document,7825,10ZZv9jTD2ImEuhfjK3_0-YXtebEVxkKK,application/vnd.openxmlformats-officedocument.wordprocessingml.document,1,pending,2025-11-09T04:56:54.823975,
014,/Misc/For Writer/_5 Chanukah/Chanukah Events/Event Ideas,Chanukah Wonderland.docx,document,35851,1Osw9551UOKkGPtPieciy_C35_9Wte-ce,application/vnd.openxmlformats-officedocument.wordprocessingml.document,1,pending,2025-11-09T04:56:54.827974,
015,/Misc/For Writer/_5 Chanukah/Chanukah Events/Recipes,Chanukah Recipes.docx,document,7405,1oxFVxDN1IQQA6LuwZ6yVLoJQ0X40HSgV,application/vnd.openxmlformats-officedocument.wordprocessingml.document,1,pending,2025-11-09T04:56:54.830964,
016,/Misc/For Writer/_5 Chanukah/Chanukah Events/Recipes,Trader Joes Latkes.docx,document,6670,1wBKJZdSqdToSaxyxBRWMKIr7aSEvm4rm,application/vnd.openxmlformats-officedocument.wordprocessingml.document,1,pending,2025-11-09T04:56:54.833964,
017,/Misc/For Writer/_5 Chanukah/Chanukah Events,Insurance for Chanukah event.docx,document,7133,1SzwmiKo4V33RQWHpZzJyE-E9WexDDvbx,application/vnd.openxmlformats-officedocument.wordprocessingml.document,1,pending,2025-11-09T04:56:54.835964,
018,/Misc/For Writer/_5 Chanukah/Car Menorah-Parade,Completed Draft: Car Menorah Parade,google_doc,7297,14aMRXdcA-RdIu49bY1SV7SzI_2cKniYm8756dmwzTv8,application/vnd.google-apps.document,1,pending,2025-11-09T04:56:54.838965,
019,/Misc/For Writer/_5 Chanukah/Car Menorah-Parade,Press Release #8.docx,document,8335,1izPzGfFBuMKm8gs0E5_Qzrou6NtXrpkv,application/vnd.openxmlformats-officedocument.wordprocessingml.document,1,pending,2025-11-09T04:56:54.843973,
020,/Misc/For Writer/_5 Chanukah/Car Menorah-Parade,car Menorah Parade.docx,document,16336,1lvwIh1xWpOE9xKClvreGAfjoJYcem7_g,application/vnd.openxmlformats-officedocument.wordprocessingml.document,1,pending,2025-11-09T04:56:54.848965,
021,/Misc/For Writer/_5 Chanukah/Chanukah writer/Old Docs,Draft_ Ideas for Menorah Parade.docx,document,8773,1gk_dQS2d9w3agIlSbtDEX_5AgpNDTkS1,application/vnd.openxmlformats-officedocument.wordprocessingml.document,1,pending,2025-11-09T04:56:54.852963,
022,/Misc/For Writer/_5 Chanukah/Chanukah writer/Old Docs,Draft_ Purchase Car Menorah.docx,document,9652,16IEfKlOe2KTX3NiFNQrLNtSl9PLYofJu,application/vnd.openxmlformats-officedocument.wordprocessingml.document,1,pending,2025-11-09T04:56:54.857979,
023,/Misc/For Writer/_5 Chanukah/Chanukah writer/Old Docs,Draft_ License for Parade.docx,document,7538,1tI5cWveXquVBRrLllTK-5UsGYOYn2W0B,application/vnd.openxmlformats-officedocument.wordprocessingml.document,1,pending,2025-11-09T04:56:54.861963,
024,/Misc/For Writer/_5 Chanukah/Chanukah writer/Old Docs,Draft_ Police Escort.docx,document,6769,1zWedrPxljXiBtGqHQ8UVkU20fWAHwc9-,application/vnd.openxmlformats-officedocument.wordprocessingml.document,1,pending,2025-11-09T04:56:54.863964,
025,/Misc/For Writer/_5 Chanukah/Old/Chanukah Menorahs-/Car Menorahs-/Parade-/Connecting music,Radio Connection.docx,document,6748,1frGd2G2pOlRTRoc8wviIkDVkU_lmEe3Q,application/vnd.openxmlformats-officedocument.wordprocessingml.document,1,pending,2025-11-09T04:56:54.866973,
026,/Misc/For Writer/_5 Chanukah/Old/Chanukah Menorahs-/Car Menorahs-/Parade-/Connecting music,Connecting Music for Parade.docx,document,8107,1kPgHYSSKzyFMZtvOgn7Lp8j_NFywn_X-,application/vnd.openxmlformats-officedocument.wordprocessingml.document,1,pending,2025-11-09T04:56:54.870966,
027,/Misc/For Writer/_5 Chanukah/Old/Chanukah Menorahs-/Car Menorahs-/Parade-/Parade Press Release,Chanukah Car Parade Press Release.docx,document,6321,1Tq4rkLMPoYOXdGfEnD2hwsoX70uROKfH,application/vnd.openxmlformats-officedocument.wordprocessingml.document,1,pending,2025-11-09T04:56:54.874963,
028,/Misc/For Writer/_5 Chanukah/Old/Chanukah Menorahs-/Car Menorahs-/Parade-/Parade Press Release,Parade Press 1.docx,document,8038,1RhODcYnPnVdyR00BKzjRMlT6a1ZTWtMc,application/vnd.openxmlformats-officedocument.wordprocessingml.document,1,pending,2025-11-09T04:56:54.878964,
029,/Misc/For Writer/_5 Chanukah/Old/Chanukah Menorahs-/Car Menorahs-/Parade-,License for Parade_.docx,document,6831,1BhCrM-24D6W5pTfvPsZ6A_gU4FZx-eNa,application/vnd.openxmlformats-officedocument.wordprocessingml.document,1,pending,2025-11-09T04:56:54.884966,
030,/Misc/For Writer/_5 Chanukah/Old/Chanukah Menorahs-/Car Menorahs-/Parade-,Police Escort.docx,document,6731,1I2MsJJed-85yjyGy5IzoaH308sUeJyHA,application/vnd.openxmlformats-officedocument.wordprocessingml.document,1,pending,2025-11-09T04:56:54.887964,
031,/Misc/For Writer/_5 Chanukah/Old/Chanukah Menorahs-/Car Menorahs-,Purchase Car Menorah.docx,document,9416,1Iu-STDQ6x_oUFpl3RBVe_rM8vEt0I9y2,application/vnd.openxmlformats-officedocument.wordprocessingml.document,1,pending,2025-11-09T04:56:54.892967,
032,/Misc/For Writer/_5 Chanukah/Old/Chanukah Menorahs-/Car Menorahs-,Build a wood car Menorah.docx,document,6304,17k9b6Uerwng4A9q-ciQz5OVx6WSx51T6,application/vnd.openxmlformats-officedocument.wordprocessingml.document,1,pending,2025-11-09T04:56:54.896968,
033,/Misc/For Writer/_5 Chanukah/Old/Chanukah Menorahs-/Car Menorahs-,Drawing for Menorah 3.docx,document,6305,1-kJogiojvohXkR4A77CdgcrhvPApQF2o,application/vnd.openxmlformats-officedocument.wordprocessingml.document,1,pending,2025-11-09T04:56:54.899965,
034,/Misc/For Writer/_5 Chanukah/Old/Chanukah Menorahs-/Public Menorah-,Reform opposition.docx,document,11773,143EIhn22IWk_WrWX8fk5f9JiDwGj9spi,application/vnd.openxmlformats-officedocument.wordprocessingml.document,1,pending,2025-11-09T04:56:54.902964,
035,/Misc/For Writer/_5 Chanukah/Old/Chanukah Menorahs-/Public Menorah-,Giant Menorah.docx,document,18440,16fH631Wcpi9lYyiebVcOHvTysZMPmva4,application/vnd.openxmlformats-officedocument.wordprocessingml.document,1,pending,2025-11-09T04:56:54.905966,
036,/Misc/For Writer/_5 Chanukah/Old/Chanukah Menorahs-/Public Menorah-,City Wants to Copy Public Lighting Event.docx,document,8020,13LxkbXJ35zVfXjx57ng_uQ2568HRGszp,application/vnd.openxmlformats-officedocument.wordprocessingml.document,1,pending,2025-11-09T04:56:54.909970,
037,/Misc/For Writer/_5 Chanukah/Old/Chanukah Menorahs-/Public Menorah-,Ideas to jazz up small town menorah lighting.docx,document,9230,1xUNs4EwZroECtHlhCgQZsCBqIo6FnLrR,application/vnd.openxmlformats-officedocument.wordprocessingml.document,1,pending,2025-11-09T04:56:54.915963,
038,/Misc/For Writer/_5 Chanukah/Old/Chanukah Menorahs-/Public Menorah-,Fire Truck giving gelt.docx,document,7004,1O5qsxWVUJ_4O1BqQO6f9nog8f-qLcE_W,application/vnd.openxmlformats-officedocument.wordprocessingml.document,1,pending,2025-11-09T04:56:54.918964,
039,/Misc/For Writer/_5 Chanukah/Old/Chanukah Menorahs-/Public Menorah-,Reform want to join Event.docx,document,7365,1ClKWqVIxm9WIH32oiq4WolIDscEmntgH,application/vnd.openxmlformats-officedocument.wordprocessingml.document,1,pending,2025-11-09T04:56:54.921963,
040,/Misc/For Writer/_5 Chanukah/Old/Chanukah Menorahs-/Public Menorah-,Spotlight on your Menorah.docx,document,7987,1Bk_7Va9AMg-S0nTqMf6QiHYLmy8zfyg7,application/vnd.openxmlformats-officedocument.wordprocessingml.document,1,pending,2025-11-09T04:56:54.927970,
041,/Misc/For Writer/_5 Chanukah/Old/Chanukah Menorahs-/Public Menorah-,Ideas on how to light public Menorah no fire.docx,document,11954,1j_xmgcKLYhQbAPqDvUzEjvtFLdslwtn5,application/vnd.openxmlformats-officedocument.wordprocessingml.document,1,pending,2025-11-09T04:56:54.930967,
042,/Misc/For Writer/_5 Chanukah/Old/Chanukah Menorahs-/Public Menorah-,Public Menorah Power Source Ideas.docx,document,14729,1M-ps5Np7QXKckLP-eXQOqPx4ooG8Turh,application/vnd.openxmlformats-officedocument.wordprocessingml.document,1,pending,2025-11-09T04:56:54.933964,
043,/Misc/For Writer/_5 Chanukah/Old/Chanukah Menorahs-/Public Menorah-,Permission Request From City.docx,document,8493,1nz0cdBOlKLNyNzAhd_QxThO5XGG460yv,application/vnd.openxmlformats-officedocument.wordprocessingml.document,1,pending,2025-11-09T04:56:54.938964,
044,/Misc/For Writer/_5 Chanukah/Old/Chanukah Menorahs-/Public Menorah-,What to use to light a public menorah.docx,document,8147,17yq8wdF3Sc_xKH7sjte_qmUHgkYFWc-_,application/vnd.openxmlformats-officedocument.wordprocessingml.document,1,pending,2025-11-09T04:56:54.943964,
045,/Misc/For Writer/_5 Chanukah/Old/Chanukah Menorahs-/Public Menorah-,Proposal for Menorah public_.docx,document,7825,152QEdDiTy-0C7nO-sNgyu1xwbqcK-Gaz,application/vnd.openxmlformats-officedocument.wordprocessingml.document,1,pending,2025-11-09T04:56:54.947966,
046,/Misc/For Writer/_5 Chanukah/Old/Chanukah Menorahs-/Public Menorah-,Menorah on city ground.docx,document,6463,1nvBy_7q9Hxr747mcQvgDYn_DyP399sZT,application/vnd.openxmlformats-officedocument.wordprocessingml.document,1,pending,2025-11-09T04:56:54.950964,
047,/Misc/For Writer/_5 Chanukah/Old/Chanukah Menorahs-/Public Menorah-,Invitation for BB.docx,document,6828,1ci65tHDR1YI6TKIX58vp01OJGRlzMPnP,application/vnd.openxmlformats-officedocument.wordprocessingml.document,1,pending,2025-11-09T04:56:54.954965,
048,/Misc/For Writer/_5 Chanukah/Old/Chanukah Menorahs-/Public Menorah-,Letters from the Rebbe on Public Lighting.docx,document,8212,1pXj1YfuaPLNdq9xyyPpTGXjiOrtkqxOY,application/vnd.openxmlformats-officedocument.wordprocessingml.document,1,pending,2025-11-09T04:56:54.958966,
049,/Misc/For Writer/_5 Chanukah/General,Copy of Chanukah Todo List.docx,document,26088,10ptuHXTJWYJ0eQfKlEnuvLifHsAGZEOT,application/vnd.openxmlformats-officedocument.wordprocessingml.document,1,pending,2025-11-09T04:56:54.963963,
050,/Misc/For Writer/_5 Chanukah/General,Chanukah Facebook Contest.docx,document,6812,1CYPF3ObvzRFys7QHVvAnciAGQRg-aaS3,application/vnd.openxmlformats-officedocument.wordprocessingml.document,1,pending,2025-11-09T04:56:54.966966,
051,/Misc/For Writer/_5 Chanukah/General,Menorah Letters From the Rebbe.docx,document,6401,1IAizMQSJsMXbGdfZ2pVCdBWbm3mSohf9,application/vnd.openxmlformats-officedocument.wordprocessingml.document,1,pending,2025-11-09T04:56:54.970963,
052,/Misc/For Writer/_5 Chanukah/General,Chanukah Tips and Tricks.docx,document,8587,1KIPyjDosgyzvItcG7ywxk6uNAE5eVAPC,application/vnd.openxmlformats-officedocument.wordprocessingml.document,1,pending,2025-11-09T04:56:54.974964,
053,/Misc/For Writer/_5 Chanukah/mivtzoim,Menorah Lighting Instruction for BB.docx,document,7449,1qTFwiBRnRgiGZpo_2KKFvvM0MEqJyemM,application/vnd.openxmlformats-officedocument.wordprocessingml.document,1,pending,2025-11-09T04:56:54.978965,
054,/Misc/For Writer/_5 Chanukah/Classes,Copy of 121414201__Chanukah Heroines.docx,document,43529,1t1HR3al-Qj3iJlkDcw8613rUDszdClM2,application/vnd.openxmlformats-officedocument.wordprocessingml.document,1,pending,2025-11-09T04:56:54.982966,
055,/Misc/For Writer/_5 Chanukah/Classes,Copy of 121620302__WWR Chanukah 2011.doc,document,57344,1KJ3zN0gZSaSAT_R_b-CORdbDJ9IqJLJ2,application/msword,1,pending,2025-11-09T04:56:54.986964,
056,/Misc/For Writer/_5 Chanukah/Classes,Copy of Women of the Chanukah story.docx,document,27986,1P_9k8q0oTbgEaGL9azA4rg8Tttbpv1oE,application/vnd.openxmlformats-officedocument.wordprocessingml.document,1,pending,2025-11-09T04:56:54.992971,
057,/Misc/For Writer/_5 Chanukah/Classes,"Copy of 121521502__Class on Chanukah -8 candles, 8 lessons.docx",document,20072,1hueNjOGnn3c8b8rPPKH4P80yTuc4gUwW,application/vnd.openxmlformats-officedocument.wordprocessingml.document,1,pending,2025-11-09T04:56:54.995966,
058,/Misc/For Writer/_5 Chanukah/Classes,Copy of chanukah 5779 my notes.docx,document,19380,1SQZc7fF2iXSNORWG7siBWapNEo_rJUCK,application/vnd.openxmlformats-officedocument.wordprocessingml.document,1,pending,2025-11-09T04:56:54.998964,
059,/Misc/For Writer/_5 Chanukah/Classes,Copy of 121414201__Feminine Side of Chanuka Dvar Torah.docx,document,15336,1ienNPEZbqVmlcxTGLeDUNvBIqLaJIOIW,application/vnd.openxmlformats-officedocument.wordprocessingml.document,1,pending,2025-11-09T04:56:55.003967,
060,/Misc/For Writer/_5 Chanukah/Classes,Copy of womens event chanuka speech.docx,document,17516,1s8UFAVZboenrcLgv3gwfM0oVpqxZQ_AK,application/vnd.openxmlformats-officedocument.wordprocessingml.document,1,pending,2025-11-09T04:56:55.007968,
061,/Misc/For Writer/_5 Chanukah/Classes,Copy of DD6_A_DEEPER_MEANING_INTO_CHANUKAH.docx,document,16355,1GamixePz-8K57_DpKgcZ79RhHOjEwOWT,application/vnd.openxmlformats-officedocument.wordprocessingml.document,1,pending,2025-11-09T04:56:55.012963,
062,/Misc/For Writer/_5 Chanukah/Classes,Copy of ChanukahLightUpYourWorld--TeacherGuide.pdf,document,247503,1jbMScVd32iZTVAyp1o_cDTY5WS6oVrnv,application/pdf,1,pending,2025-11-09T04:56:55.016964,
063,/Misc/For Writer/_5 Chanukah/Classes,Copy of Dvar Torah.docx,document,19124,1YAuoWFX3IDSvSN6n12knezo3JVjG3B6C,application/vnd.openxmlformats-officedocument.wordprocessingml.document,1,pending,2025-11-09T04:56:55.021966,
064,/Misc/For Writer/_5 Chanukah/Press Release,_TV interview_.docx,document,6482,1IbvabxCsVt9PVZiK4yoJHc1T-_NoLiCQ,application/vnd.openxmlformats-officedocument.wordprocessingml.document,1,pending,2025-11-09T04:56:55.025971,
065,/Misc/For Writer/_5 Chanukah/Press Release,Press Release #7.docx,document,8118,1qWAaZOLVqz5j91xtQsSh_kRSqM4rCvBH,application/vnd.openxmlformats-officedocument.wordprocessingml.document,1,pending,2025-11-09T04:56:55.029963,
066,/Misc/For Writer/_5 Chanukah/Press Release,Press 4.docx,document,8441,1eByL1TjpO-t5DZWkSaZep9QetSNAUAER,application/vnd.openxmlformats-officedocument.wordprocessingml.document,1,pending,2025-11-09T04:56:55.033965,
067,/Misc/For Writer/_5 Chanukah/Press Release,Chanukah Newspaper Article.docx,document,8012,1Fw0C-XfbW8YUtIa7r8p4NsZWQbFdIbKB,application/vnd.openxmlformats-officedocument.wordprocessingml.document,1,pending,2025-11-09T04:56:55.037964,
068,/Misc/For Writer/_5 Chanukah/Public Menorah Lighting/Dignitaries/Invitation,Dignitary Invitation #2.docx,document,7522,1OzjJuFOQ3UCq2HgQH8hSVOAYy0AiJZVl,application/vnd.openxmlformats-officedocument.wordprocessingml.document,1,pending,2025-11-09T04:56:55.041968,
069,/Misc/For Writer/_5 Chanukah/Public Menorah Lighting/Dignitaries/Invitation,Dignitary Invitation #1-2.docx,document,6981,1Rsx4EjIdrFswEcKDaIZZDbUPEoVazqxl,application/vnd.openxmlformats-officedocument.wordprocessingml.document,1,pending,2025-11-09T04:56:55.045966,
070,/Misc/For Writer/_5 Chanukah/Public Menorah Lighting/Dignitaries/Invitation,Dignitary Invitation #3.docx,document,7147,1gv8qyAplFL6eNL2_X-emXsQmACsm5JdD,application/vnd.openxmlformats-officedocument.wordprocessingml.document,1,pending,2025-11-09T04:56:55.051965,
071,/Misc/For Writer/_5 Chanukah/Public Menorah Lighting/Dignitaries/Proclamation-Speech,Dignitary Proclamation.docx,document,8210,1uChaVti71CVxYGVfMKey3aJZnYGb-CXx,application/vnd.openxmlformats-officedocument.wordprocessingml.document,1,pending,2025-11-09T04:56:55.055966,
072,/Misc/For Writer/_5 Chanukah/Public Menorah Lighting/Dignitaries/Proclamation-Speech,Dignitary Proclamation Speech.docx,document,6967,1SyYrclFQUtAZUrwtWakP5kSl8ck7ze8N,application/vnd.openxmlformats-officedocument.wordprocessingml.document,1,pending,2025-11-09T04:56:55.060972,
073,/Misc/For Writer/_5 Chanukah/Public Menorah Lighting/Dignitaries/Thank You Letter,Thank you letter for Dignitary.docx,document,7377,1kE_WxTCZ2e1mFCG7GcjdIhgzaPT6xmsF,application/vnd.openxmlformats-officedocument.wordprocessingml.document,1,pending,2025-11-09T04:56:55.064966,
074,/Misc/For Writer/_5 Chanukah/Public Menorah Lighting/Public Lighting Halachos,Public Menorah Guidelines_Halacha.docx,document,14487,10J7hrBgMzXSfYabyNIzl_4CmDfXwCE0v,application/vnd.openxmlformats-officedocument.wordprocessingml.document,1,pending,2025-11-09T04:56:55.068966,
075,/Misc/For Writer/_5 Chanukah/Public Menorah Lighting/Public Lighting Halachos,questions Chanukah.docx,document,8535,1A0oXDv58phzBbLncp-eUxEZUfkd96HRd,application/vnd.openxmlformats-officedocument.wordprocessingml.document,1,pending,2025-11-09T04:56:55.072967,
076,/Misc/For Writer/_5 Chanukah/Public Menorah Lighting/Religious Symbol Legal,Complete supreme court ruling.docx,document,119359,1diVJ2Lfu3UpPS2cypyohnEYFRKtbpScM,application/vnd.openxmlformats-officedocument.wordprocessingml.document,1,pending,2025-11-09T04:56:55.077967,
077,/Misc/For Writer/_5 Chanukah/Public Menorah Lighting/Religious Symbol Legal,Menorah - display of freedom.docx,document,8013,1Dnaf8uFWmJTBOlVYR89YhJTMa4hGl32z,application/vnd.openxmlformats-officedocument.wordprocessingml.document,1,pending,2025-11-09T04:56:55.081965,
078,/Misc/For Writer/_5 Chanukah/Public Menorah Lighting/Religious Symbol Legal,Legal Points For Menorah.docx,document,9440,11e9D2L7G1TtXSBy8luEgDc3PNVcT3kM3,application/vnd.openxmlformats-officedocument.wordprocessingml.document,1,pending,2025-11-09T04:56:55.088963,
079,/Misc/For Writer/_5 Chanukah/Public Menorah Lighting/Religious Symbol Legal,EXCERPTS FROM THE U.S. SUPREME COURT RULING.docx,document,7929,1TEln5PjtmCWqNuv1-pG0mSp8Zw7F6S3P,application/vnd.openxmlformats-officedocument.wordprocessingml.document,1,pending,2025-11-09T04:56:55.092965,
080,/Misc/For Writer/_5 Chanukah/Public Menorah Lighting/Religious Symbol Legal,info on Legal rights.docx,document,6276,1No5tgZqUkWszoXvNP5dt5VlqC-ZzNyEY,application/vnd.openxmlformats-officedocument.wordprocessingml.document,1,pending,2025-11-09T04:56:55.096964,
081,/Misc/For Writer/_5 Chanukah/Public Menorah Lighting/Religious Symbol Legal,"Public Menorah, church _ state_!.docx",document,8016,1ZN7v4y8je4vXAKZ0o2obKEsxcxdX-YXf,application/vnd.openxmlformats-officedocument.wordprocessingml.document,1,pending,2025-11-09T04:56:55.100964,
082,/Misc/For Writer/_5 Chanukah/Public Menorah Lighting/Religious Symbol Legal,Denied permission for menorah.docx,document,9736,1k7iet8hs7RvcpRHcLW8F2K8D8MAAhm3X,application/vnd.openxmlformats-officedocument.wordprocessingml.document,1,pending,2025-11-09T04:56:55.105965,
083,/Misc/For Writer/_5 Chanukah/Public Menorah Lighting/Press Release,Press Release 3.docx,document,7141,1Z6AJo4oHjfUXDSTYWiCIJs7bWb-U8hEi,application/vnd.openxmlformats-officedocument.wordprocessingml.document,1,pending,2025-11-09T04:56:55.110965,
084,/Misc/For Writer/_5 Chanukah/Public Menorah Lighting/Press Release,Press Release 1.docx,document,8548,1KcxIoSg2MGMVUs7wL2rKImkvmBBv_ZTG,application/vnd.openxmlformats-officedocument.wordprocessingml.document,1,pending,2025-11-09T04:56:55.115968,
085,/Misc/For Writer/_5 Chanukah/Public Menorah Lighting/Press Release,Press Release 2.docx,document,7683,1K83qotUWmp9OuYD3G5Kf55l5_ApERm7A,application/vnd.openxmlformats-officedocument.wordprocessingml.document,1,pending,2025-11-09T04:56:55.120966,
086,/Misc/For Writer/_5 Chanukah/Public Menorah Lighting,Copy of Menorah Lighting- TO DO LIST.docx,document,8085,1rKPaQW1HWw1t5VFukCrzgopCDg2c5YiV,application/vnd.openxmlformats-officedocument.wordprocessingml.document,1,pending,2025-11-09T04:56:55.125967,
087,/Misc/For Writer/_5 Chanukah/Public Menorah Lighting,Public Lighting tips.docx,document,18016,1LSITFrT50B6oxdWcYdecg5Lbs4es0Gda,application/vnd.openxmlformats-officedocument.wordprocessingml.document,1,pending,2025-11-09T04:56:55.131965,
088,/Misc/For Writer/_5 Chanukah/sponsorship,Walmart Foundation.docx,document,7758,11mg1qJrO_q7GC0BVIM9vbwkHN3c4yIU8,application/vnd.openxmlformats-officedocument.wordprocessingml.document,1,pending,2025-11-09T04:56:55.138964,
089,/Misc/For Writer/_5 Chanukah/sponsorship,corporate sponshorship email.docx,document,12536,16SiNRTwcluiQQX3nyOW99jn30yBNsxlW,application/vnd.openxmlformats-officedocument.wordprocessingml.document,1,pending,2025-11-09T04:56:55.143966,
090,/Misc/For Writer/_5 Chanukah/Halacha,Hilchos Chanukah.docx,document,6780,1vVYE9--TFgeSWuoMPQ2JW3HwRgM2nrAK,application/vnd.openxmlformats-officedocument.wordprocessingml.document,1,pending,2025-11-09T04:56:55.147965,
091,/Misc/For Writer/_5 Chanukah/Public Menorah,Public Menorah.docx,document,9149,1uSfQmHiR_M3ZYggQsoRvlJb-wGWBV21l,application/vnd.openxmlformats-officedocument.wordprocessingml.document,1,pending,2025-11-09T04:56:55.152965,
092,/Misc/For Writer/_5 Chanukah/Public Menorah,Drawings for building 6ft menorah from wood.docx,document,6347,1bz1cWmjfBHOMDF03k3KinDK4hgyvY0dl,application/vnd.openxmlformats-officedocument.wordprocessingml.document,1,pending,2025-11-09T04:56:55.157966,
093,/Misc/For Writer/_5 Chanukah/Public Menorah,Public Menorah (Electric) Which Lights to Turn on Each Night.docx,document,11322,1njLKMQGuj-L1QpsoaVDBkxZacxJH6Hb7,application/vnd.openxmlformats-officedocument.wordprocessingml.document,1,pending,2025-11-09T04:56:55.163970,
094,/Misc/For Writer/_5 Chanukah/Public Menorah,Legal Points.docx,document,6354,1g2JIyIfW8Z5JCMmvJGXmOaRGBT0dblDj,application/vnd.openxmlformats-officedocument.wordprocessingml.document,1,pending,2025-11-09T04:56:55.168964,
095,/Misc/For Writer/_5 Chanukah,Chanukah Canva Links.docx,document,6924,1T_aQk9WaaHNgu_SKnbC0ZYczsuNv27IX,application/vnd.openxmlformats-officedocument.wordprocessingml.document,1,pending,2025-11-09T04:56:55.173965,
096,/Misc/For Writer/_5 Chanukah,Menorah by a Wedding.docx,document,8139,1S-aC5oYzc2M65Ew98zpWTyAaGJ00SzRl,application/vnd.openxmlformats-officedocument.wordprocessingml.document,1,pending,2025-11-09T04:56:55.178967,
097,/Misc/For Writer,Shluchim Exchange Index,google_sheet,7428,1YooDxOD644AI3zqlW9sRdVEvSfpLsRAoI9lS7K-_Vsw,application/vnd.google-apps.spreadsheet,1,pending,2025-11-09T04:56:55.182967,
098,/Misc/For Writer,Tree - Proposed Sections and Pages - Shluchim Wiki - Merkos 302 ,google_sheet,1024,1O4QbS5BI7GI1Er1zJmD3EZ4qlhWIURdcl21vdDqBU_Q,application/vnd.google-apps.spreadsheet,1,pending,2025-11-09T04:56:55.186966,
099,/Misc/Compass/Halacha,Using a Shabbos Goy.pdf,document,8462860,1asYZK7njEHOvoyTTpMSz8II2spfTzwBw,application/pdf,1,pending,2025-11-09T04:56:55.191966,
100,/Misc/Compass/Halacha,Halacha. Research before doing a wedding.pdf,document,829903,1rGZ3lLdoxm-_ud2cDO-F2hVGoNN2f5o0,application/pdf,1,pending,2025-11-09T04:56:55.196965,
101,/Misc/Compass/Halacha,Halacha Charity and Maser in a Chabad house.pdf,document,3718265,1A0hn64MzYFbMPqAPEjnwRWgbY6Hgm2Ab,application/pdf,1,pending,2025-11-09T04:56:55.200966,
102,/Misc/Compass/Halacha,Halacha for Challah Bake.pdf,document,2005674,1c-8BySVZEq52Ux9lDXMLMANV6JGchsaE,application/pdf,1,pending,2025-11-09T04:56:55.205964,
103,/Misc/Compass/Halacha,Mechitzah Part 1.pdf,document,2521143,1q5Pl9jWSUXyYegaRGvN2TsetFQull06T,application/pdf,1,pending,2025-11-09T04:56:55.210963,
104,/Misc/Compass/Halacha,Mechitzah Part 1,document,2521143,1eEonCPW9kk-14z8Yv6KM0h2w6Bna-saW,application/pdf,1,pending,2025-11-09T04:56:55.214964,
105,/Misc/Compass/Halacha,Mechitzah Part 2,document,1860097,1YO2oWwDCcpIdk_aLdnmywXVaX8nmOoTJ,application/pdf,1,pending,2025-11-09T04:56:55.219964,
106,/Misc/Compass/Halacha,Kosher Mezuzos.pdf,document,3222376,1nAUKpbj6JN-LI5BOkcw3UVh8V-mL09Rr,application/pdf,1,pending,2025-11-09T04:56:55.224967,
107,/Misc/Compass/Halacha,Halachos of Kashering.pdf,document,1859889,1MOYZNKVX37ZJGyG3WwGJ9Uz5yU5VjDg3,application/pdf,1,pending,2025-11-09T04:56:55.229967,
108,/Misc/Compass/Halacha,Hilchos Pesach for a Chabad House.pdf,document,3650335,1YfwdC4h8o131Hw25Oc3BKa3nru0o0fNl,application/pdf,1,pending,2025-11-09T04:56:55.234965,
109,/Misc/Compass/Halacha,Guide to Mivtzah Mezuzah.pdf,document,740169,1ZBpP5VtrWQnxzXbMID7FsR84k0buFCbP,application/pdf,1,pending,2025-11-09T04:56:55.240965,
110,/Misc/Compass/Halacha,FAQ Regarding Mivtzah Tefillin.pdf,document,9394278,189bEs1hfdCpObhhqLCH9sKTH1rgrNvGu,application/pdf,1,pending,2025-11-09T04:56:55.244967,
111,/Misc/Compass/Halacha,FAQ Regarding Sifrei Torah Etc.pdf,document,2600261,112il7S5ts5Pj02UfMnU6qR7Htd1GMQwo,application/pdf,1,pending,2025-11-09T04:56:55.249964,
112,/Misc/Compass/Halacha,FAQ Regarding Krias Hatorah.pdf,document,3164342,1JECIbWcrLSUogyOhIpH-T7bClxpQ8IA9,application/pdf,1,pending,2025-11-09T04:56:55.254963,
113,/Misc/Compass/Halacha,FAQ regarding Minyanim in a Chabad House.pdf,document,1591939,1yVUq1VVIHtuPQfgf179GNCCTpwZYdmPv,application/pdf,1,pending,2025-11-09T04:56:55.260963,
114,/Misc/Compass/Halacha,FAQ Regarding Yuchsin.pdf,document,1110448,1DnLl6Zjcx42Fictwcr6GwD2Wk5pLqSon,application/pdf,1,pending,2025-11-09T04:56:55.265964,
115,/Misc/Compass/Halacha,FAQ regarding Shabbos Candles.pdf,document,9652369,1VX1b7t-BPM1TWRQKW5qQa7NHxmqRm5vM,application/pdf,1,pending,2025-11-09T04:56:55.269964,
116,/Misc/Compass/Halacha,FAQ Regarding Kvurah and Aveilus - Compass.pdf,document,3811547,1GLA-CbNPlNU3nOLVQbiNTsGivFUO3A5J,application/pdf,1,pending,2025-11-09T04:56:55.274966,
117,/Misc/Compass/Halacha,Kashrus -Shabbos In the Chabad house Kitchen #1.pdf,document,16203383,14REwSrQjUtrt-0v74ggDTGJyhLZo5oyn,application/pdf,1,pending,2025-11-09T04:56:55.279969,
118,/Misc/Compass/Halacha,Kashrus - Shabbos in the Chabad house kitchen #2.pdf,document,1790038,1-IuVAU3jdu9d9UQl6UTCrSwDP8aSgqo3,application/pdf,1,pending,2025-11-09T04:56:55.283963,
119,/Misc/Compass,Preparing to speak.pdf,document,347128,195tKhjn-6c3XmDHUaxajGuiyoFehqOuZ,application/pdf,1,pending,2025-11-09T04:56:55.287967,
120,/Misc/Compass,what you need to know about Insurance.pdf,document,131549,1TnEC0YFkVBol18smmBXvvW7OjTwsdRWc,application/pdf,1,pending,2025-11-09T04:56:55.293965,
121,/Misc/Compass,Tips for planning your Shlichus.pdf,document,759832,1b9LO-QsR0Pn5-9CN0Vm6ZQshyHRCGD0s,application/pdf,1,pending,2025-11-09T04:56:55.298965,
122,/Misc/Compass,Mental Wellness for Shluchim,google_doc,26326,1TeSbE7lVqvOlpN0kVvdRq9DpZTAT_z7O2-ylodj6dWg,application/vnd.google-apps.document,1,pending,2025-11-09T04:56:55.303963,
123,/Misc/Compass,About Addiction.pdf,document,570414,1pZAUNU-rj-azJbAA9Q4H-A9FOzCKMpqe,application/pdf,1,pending,2025-11-09T04:56:55.308965,
124,/Misc/Compass,Adult Education Center.pdf,document,555950,1VrfzHVnAC-8r3K6uZDYZEuEsc925ukWd,application/pdf,1,pending,2025-11-09T04:56:55.313972,
125,/Misc/Compass,Guiding Someone during Mourning.pdf,document,2323278,1E0d0qrtZ2wy7ytvGzIQAWMES3eT-ddlw,application/pdf,1,pending,2025-11-09T04:56:55.317968,
126,/Misc/Compass,Mortgage 2.pdf,document,600079,15UsmWcU5GGL6y8MzdN_IyJs_8YzmDINA,application/pdf,1,pending,2025-11-09T04:56:55.322965,
127,/Misc/Compass,Mortgage.pdf,document,78553,1GmVynZgMa6ZPIXrOojj4lfhRIC0oR4_E,application/pdf,1,pending,2025-11-09T04:56:55.331965,
128,/Misc/Compass,Mikvah.pdf,document,13935103,1gc8JUBS_nmUpaMdnAGCjrwIbb6QzfzyC,application/pdf,1,pending,2025-11-09T04:56:55.337963,
129,/Misc/Compass/Fundraising,Grants.pdf,document,571704,12kJ-Vcbzvq4jAStjxAkFCV0zeIAYSdL8,application/pdf,1,pending,2025-11-09T04:56:55.342969,
130,/Misc/Compass/Fundraising,Women Shluchois Fundraising.pdf,document,4391380,1YLDhIyvnHJwuUXBpvYgmlkK3DQNJG_Zy,application/pdf,1,pending,2025-11-09T04:56:55.348962,
131,/Misc/Compass/Fundraising,Fundraising. Finances.pdf,document,7807535,18baW8UQpuzx2Y1MHd0bOTdMiL1k6Z5Uw,application/pdf,1,pending,2025-11-09T04:56:55.353962,
132,/Misc/Compass/Fundraising,Starting a Chai Club.pdf,document,1187159,1m5rKtNxlkjAtMZ5DfmQiwQKKCKo6to4U,application/pdf,1,pending,2025-11-09T04:56:55.358963,
133,/Misc/Compass/Fundraising,Fundraising.pdf,document,2540679,1JRSXR35IbtBJyWM2VPs6LjzwnLEt_wnb,application/pdf,1,pending,2025-11-09T04:56:55.373966,
134,/Misc/Compass/Fundraising,Fundraising. Stam.pdf,document,1546197,1exzEgD2MPms5kcfp4AIY7Sg0KI2rw8qR,application/pdf,1,pending,2025-11-09T04:56:55.380964,
135,/Misc/Compass/Fundraising,Fundraising from Tourist.pdf,document,21187854,1imayOeoIVHReDSbfzoyvKNcVCG8kuQWE,application/pdf,1,pending,2025-11-09T04:56:55.385963,
136,/Misc/Compass/Fundraising,"Fundraising, The ask - Brod.pdf",document,4398162,1g56UGy7RKXOHMunJoBR7ndBxmVclRGzO,application/pdf,1,pending,2025-11-09T04:56:55.391966,
137,/Misc/Compass/Fundraising,Fundraising - Planned Giving.pdf,document,352899,1W5HAT2Fup9AMwDqNzwQxzU7nhNTFFnGi,application/pdf,1,pending,2025-11-09T04:56:55.396964,
138,/Misc/Compass/Fundraising,Fundraising - Brod.pdf,document,1286950,1prOwFCeZw-6LlNrZB-fmbjVBMUGu9Xgw,application/pdf,1,pending,2025-11-09T04:56:55.402966,
139,/Misc/Compass/Fundraising,Capital Campaign Vs Annual Campaign.pdf,document,990895,1aqmfmkhmrgVls7AmChHEiu28fhUJQr_S,application/pdf,1,pending,2025-11-09T04:56:55.409965,
140,/Misc/Compass/Fundraising,Fundraising - end of year campaign.pdf,document,908268,1gq8TC1VMCP_gLi74Bpjl6Hf1aHmPr3xf,application/pdf,1,pending,2025-11-09T04:56:55.414963,
141,/Misc/Compass/Fundraising,Fundraising Campaign.pdf,document,1027002,1QDOnwme95ts6GnAsCFDzr7wGT2qJW_b1,application/pdf,1,pending,2025-11-09T04:56:55.419965,
142,/Misc/Compass/Fundraising,Fundraising - Will.pdf,document,3039230,16g1vSNm6XTBOn7UpnYVdcSPEdoxw9Pt_,application/pdf,1,pending,2025-11-09T04:56:55.426962,
143,/Misc/Compass/Fundraising,Fundraising 2.pdf,document,1942432,1k4liW5tQ3J_PY-O46xMZ3DTGQt6JCNE9,application/pdf,1,pending,2025-11-09T04:56:55.432962,
144,/Misc/Compass/Fundraising,Fundraising 1.pdf,document,670656,17E6tIIlTFEvUa8_KV7F37u42Gq0zJfnl,application/pdf,1,pending,2025-11-09T04:56:55.453962,
145,/Misc/Compass,Hebrew School.pdf,document,4294024,1AvlHrtmesyQO2XegK4Vu2abqnUo_0A9u,application/pdf,1,pending,2025-11-09T04:56:55.459963,
146,/Misc/Compass,Camp Gan Yisroel.pdf,document,6025804,1UCSJg9pvhv7Fe46_2shYno1NTwd6nHr3,application/pdf,1,pending,2025-11-09T04:56:55.466963,
147,/Misc/Compass,Fundraising. Stam.pdf,document,1546197,1-FTHcOu_gumR4Hh0gAIkS6H-PlZMyClq,application/pdf,1,pending,2025-11-09T04:56:55.471963,
148,/Misc/Compass,Crafting a Fundraising Letter.pdf,document,240726,1AYkIUY8D2n3MkP9HugWUG7QP95K_uiQ0,application/pdf,1,pending,2025-11-09T04:56:55.477968,
149,/Misc/Compass,When Buying a Home....pdf,document,186709,1DYPK1GejY-RpcK2ympgWR4Em6V9VfeUy,application/pdf,1,pending,2025-11-09T04:56:55.502963,
150,/Misc/Compass,Writing a Meaningful Thank you Letter.pdf,document,228214,1bICrUC4JKTRLLTbb0HMcSWuakemkOMgV,application/pdf,1,pending,2025-11-09T04:56:55.508963,
151,/Misc/Compass,Bringing Moshiach to our Baalei Batim.pdf,document,726195,1yx3I5ZJBTWbu1Tf3kuvSctdLBAt_yDph,application/pdf,1,pending,2025-11-09T04:56:55.514967,
152,/Misc/Compass/Social Media,Dealing with real Media.pdf,document,1972463,1DoOAtg2hT25quc3mJG4Uvb3YW8E-M2UV,application/pdf,1,pending,2025-11-09T04:56:55.519967,
153,/Misc/Compass/Social Media,Social Media.pdf,document,487856,17wXb85x-0ZQJrvst4c0MQ9GgP5IRk9z0,application/pdf,1,pending,2025-11-09T04:56:55.526965,
154,/Misc/Compass/Social Media,"Social Media, Email Timing.pdf",document,281516,1ip5zrZ8oNK9WD8kAlszEYb0YdGEIwM_g,application/pdf,1,pending,2025-11-09T04:56:55.538965,
155,/Misc/Compass/Social Media,Social Media On shlichus 2.pdf,document,3805448,1XEfhyG1VC7m97bQiNPd7mGRKkqVlAneF,application/pdf,1,pending,2025-11-09T04:56:55.545980,
156,/Misc/Compass/Social Media,Social Media on Shlichus.pdf,document,1272085,1a5-aAC0T866ODnSHTq9ORHLXBZI0FrOj,application/pdf,1,pending,2025-11-09T04:56:55.551964,
157,/Misc/Compass,Impactful high Holiday Sermon.pdf,document,435516,1sAIdRJH_FEinHTfjk-aDmv_waVU1d5kr,application/pdf,1,pending,2025-11-09T04:56:55.557963,
158,/Misc/Compass,Chabad and Jewish Fedarations.pdf,document,628734,1Th8CqsTd3qLklWs5AF6p6qYZ0syoclrq,application/pdf,1,pending,2025-11-09T04:56:55.564968,
159,/Misc/Compass,Mental Wellness for Shluchim.pdf,document,665947,1etLmC5-b7-rtjN5OveHhM-CM9MhJ7srl,application/pdf,1,pending,2025-11-09T04:56:55.571962,
160,/Misc/Compass,Points before Building a Chabad House.pdf,document,2483119,1Ax3IkZiCcPtd4XhC_ucyvRhfrOo2bNix,application/pdf,1,pending,2025-11-09T04:56:55.582963,
161,/Misc/Compass,Pas Yisroel and Bishul Yisroel.pdf,document,2750699,1xl6wozToVrjJ2pHx_sJ35mgKdLmCHL6L,application/pdf,1,pending,2025-11-09T04:56:55.591963,
162,/Misc/Compass,Step by Step - Officiating at a wedding.pdf,document,5983348,1g3_nfrjmU9IcDk3aHEXP1et5_sIRvqhQ,application/pdf,1,pending,2025-11-09T04:56:55.599964,
163,/Misc/Compass,Step by step - Officiating at a wedding - Continuation,document,3687995,1OaEUJY3cC2nh03qYnY_R5OFcPL16qnia,application/pdf,1,pending,2025-11-09T04:56:55.606963,
164,/Misc/Compass/? Shliach Oseh Shliach ? ,Working with other Shluchim.pdf,document,200140,1FGYRWeu4W5-B8_HLxMG-ptxX8gYlfoXr,application/pdf,1,pending,2025-11-09T04:56:55.613963,
165,/Misc/Compass/? Shliach Oseh Shliach ? ,Healthy Communication.pdf,document,1570699,1GVLfI6RQVfo9vKdI5qv-h7lAy6LUQp0r,application/pdf,1,pending,2025-11-09T04:56:55.622967,
166,/Misc/Compass/? Shliach Oseh Shliach ? ,Shliach Oseh Shliach 2.pdf,document,896850,11Frp2QnLUwuMqE1sH3JzO04yWycBP0CV,application/pdf,1,pending,2025-11-09T04:56:55.631010,
167,/Misc/Compass/? Shliach Oseh Shliach ? ,Shliach Oiseh Shliach,document,386462,1jnhzUFAAOoKF1y6I4LneBatXbAKPyi6y,application/pdf,1,pending,2025-11-09T04:56:55.636971,
168,/Misc/Compass,Wedding - Ksubah and Witnesses.pdf,document,2345222,1KgbRuZ7Gm3zp6F-3M-_Bv04Wh0hl3VSv,application/pdf,1,pending,2025-11-09T04:56:55.643963,
169,/Misc/Compass,Financial groundwork to Purchase your Chabad House.pdf,document,169273,1T9Mohlct2gUQuklwi-ZnoOpJ5ADO1Xo3,application/pdf,1,pending,2025-11-09T04:56:55.649965,
170,/Misc/Compass,Building My Chabad House.pdf,document,520204,1yxfYSrxU1dLsBEezh77sQ5oVQBNqlBPj,application/pdf,1,pending,2025-11-09T04:56:55.661968,
171,/Misc/Compass,Military Chaplain Etc.pdf,document,2009920,1mmo2kGelAi1zLJLgN8BxBVylChbjXLfy,application/pdf,1,pending,2025-11-09T04:56:55.667963,
172,/Misc/Compass,How to Self install a Mens and Keilim Mikvah - Compass.pdf,document,912544,1TOPeCCnFnkB_SFtfH2qguBWCfo_u1OIN,application/pdf,1,pending,2025-11-09T04:56:55.675965,
173,/Misc/Compass,Jewish Burial - Compass.pdf,document,414587,1tSu9t2j2BsyMhTq-C4-cd4xepwMUOuNn,application/pdf,1,pending,2025-11-09T04:56:55.683963,
174,/Misc/WhatsApp Chat with Shluchim Near 30 #AskARov.txt,Untitled document,google_doc,55401,1p1a4FvfN6vH8-gnR-NsKf-G-HVRRGZaFyRUNzrpreKI,application/vnd.google-apps.document,1,pending,2025-11-09T04:56:55.691971,
175,/Misc/WhatsApp Chat with Shluchim Near 30 #AskARov.txt,2) chat.txt,document,6957007,1uK7RLGIrJJ4COkptZcmb8uNUblHijym8,text/plain,1,pending,2025-11-09T04:56:55.701963,
176,/Community Members/Shluchim Personal/Health,Mental Health,google_doc,3951,1BmsOyuWv_Sxw5yFyrIr97buxFiQz8uFLMBMd9f2XAS0,application/vnd.google-apps.document,1,pending,2025-11-09T04:56:55.708967,
177,/Community Members/Shluchim Personal/Health,"Healthy Shliach, Healthy Shlichus",google_doc,1024,1T2SI6NPYevtBXtDSk1CeLr8M8HA14rT6rvYE98sF_Qg,application/vnd.google-apps.document,1,pending,2025-11-09T04:56:55.714968,
178,/Community Members/Shluchim Personal/Cars,Buying,google_doc,5614,1UslsQI2sz4EW2_mmoSES4A5Zhx7fued5Fmu86gsMTks,application/vnd.google-apps.document,1,pending,2025-11-09T04:56:55.721963,
179,/Community Members/Shluchim Personal/Cars,Maintenance,google_doc,7187,1oK-b9rK7OPwVAYuVvJxNFpDZGPfI7QhfCmW55o3ntig,application/vnd.google-apps.document,1,pending,2025-11-09T04:56:55.729968,
180,/Life Cycle/Pidyan Haben,Pidyon Haben - Notes for MC,google_doc,2713,1ArsQG6xw7U0QM_Wo_nv2J0AybhwrLaOasBCxZkY5jVA,application/vnd.google-apps.document,1,pending,2025-11-09T04:56:55.746965,
181,/Life Cycle/Pidyan Haben,Pidyon Haben Booklet,google_doc,59266,1jk-cGJYFjkRijURxl-vsWmm9GINggyu5t-gyG1M2RNo,application/vnd.google-apps.document,1,pending,2025-11-09T04:56:55.752965,
182,/Life Cycle/Pidyan Haben,Pidyon Haben - Procedure and Program.pub,other,92160,1vJoau32VujRVY33yrGrgl7_Cbqh4TJUr,application/vnd.ms-publisher,1,pending,2025-11-09T04:56:55.759962,
183,/Life Cycle/Creamation,The Jewish View on Cremation.docx,document,209266,1lJ7SJSdSlkMMPCebEEc4NVM7Fce6CZnK,application/vnd.openxmlformats-officedocument.wordprocessingml.document,1,pending,2025-11-09T04:56:55.775964,
184,/Life Cycle/Creamation,law on cremation,google_doc,4900,1D67NAY1XniufAyei6semEmR2VLDKVQ9XusbDhWx-UqQ,application/vnd.google-apps.document,1,pending,2025-11-09T04:56:55.783968,
185,/Life Cycle/Creamation,Cremation Resources  ,google_doc,3971,16SfwaEOeXPFd-kmv2DzSlQRPrNUbsP_-vwx2vaHUl58,application/vnd.google-apps.document,1,pending,2025-11-09T04:56:55.793963,
186,/Life Cycle/Creamation,Roadmap Cremation  ,google_doc,5670,17qWagBiIUCxL_TroNDX0mT2Z3QD5LqfJBBZV2eGGb0I,application/vnd.google-apps.document,1,pending,2025-11-09T04:56:55.803963,
187,/Life Cycle/Creamation,Cremation Talking Points,google_doc,5111,1Vf1ejGLepYNE8q9ZYzyeZ9lr-IUuLWYpDUMnBWQPcxc,application/vnd.google-apps.document,1,pending,2025-11-09T04:56:55.809963,
188,/Life Cycle/Creamation,Traditional End-of-Life Awareness Movement (TEAM),google_doc,2549,1kVE9hMrUl16sh-nzfiBQTIstaj3YPlGDWR6WYgiqLAM,application/vnd.google-apps.document,1,pending,2025-11-09T04:56:55.815967,
189,/Life Cycle/Creamation,Letter to Family,google_doc,4030,1pJ-EVVjkeXOzJaGCZUjr13KnlTU3l93M5g2zHZQ5pA8,application/vnd.google-apps.document,1,pending,2025-11-09T04:56:55.832964,
190,/Life Cycle/Creamation,4 Steps You Can Take to Help Jews Choose Jewish Burial.pdf,document,529433,1fDFJ6n3mxSDM9gYOEIR2i9a42VvE0T0V,application/pdf,1,pending,2025-11-09T04:56:55.840964,
191,/Life Cycle/Funeral + Burial , Kaddish Services ,google_doc,1024,1Egc7zHaNrP0oa2Aia8JG7QTa5u0SBD5ub2jnLAeZ6KM,application/vnd.google-apps.document,1,pending,2025-11-09T04:56:55.846965,
192,/Life Cycle/Funeral + Burial ,Tips for funeral & Eulogy,google_doc,3514,1W9czxlPW0rpztZc2XuV9FGzKlJnH-uMResTOsogiR0E,application/vnd.google-apps.document,1,pending,2025-11-09T04:56:55.852966,
193,/Life Cycle/Funeral + Burial ,Ideas for a Eulogy for a Suicide,google_doc,3174,1cCGOVK2ZdCJac7mBFtJcqbHIvRJ1sublqSGXIVEef_E,application/vnd.google-apps.document,1,pending,2025-11-09T04:56:55.859964,
194,/Life Cycle/Funeral + Burial ,Funeral Service for  a man pamphlet .pub,other,13440000,1BYfSJrfBK9QHmkvYMUV7ittf_NBH957P,application/vnd.ms-publisher,1,pending,2025-11-09T04:56:55.864979,
195,/Life Cycle/Funeral + Burial ,eulogy generic,document,26112,1t2tlokwYNgdlm2R5cAKYGAbHVSA_ttMB,application/msword,1,pending,2025-11-09T04:56:55.876969,
196,/Life Cycle/Funeral + Burial ,Halacha shielos,google_doc,1024,13CjjOABQaIp9US3Wk6jQCo7ScDHX5MpvXkBf4AEQn48,application/vnd.google-apps.document,1,pending,2025-11-09T04:56:55.882962,
197,/Life Cycle/Funeral + Burial /Taharah and Burial,"what to do by a death R""L",google_doc,2434,1yF53TF4WWE-VrSfFn0JQzJP1V-4n8oF_mbyVOs-rBmA,application/vnd.google-apps.document,1,pending,2025-11-09T04:56:55.890965,
198,/Life Cycle/Funeral + Burial /Taharah and Burial,Taharah Burial Guide.doc,document,74752,148muU1WHwBPA_SXfdrwhLfBYU6olqh9I,application/msword,1,pending,2025-11-09T04:56:55.897964,
199,/Life Cycle/Funeral + Burial /Taharah and Burial,Funeral Service Guide.docx,document,11879,1JJY2sCV7NSBu7KXWb3eCeW9wroZZ0d89,application/vnd.openxmlformats-officedocument.wordprocessingml.document,1,pending,2025-11-09T04:56:55.908963,
200,/Life Cycle/Funeral + Burial ,mishnayos_Prokim checklist.doc,document,65536,1CAMOFEFPOLmQshnuhF7P_iouEbwSYPG4,application/msword,1,pending,2025-11-09T04:56:55.915964,
201,/Life Cycle/Funeral + Burial ,Eulogy for an overdose teen,google_doc,3161,1tVHILyXOLuqnzVS0X8zge1kuo9kwkGbqOMNlNcHNDAg,application/vnd.google-apps.document,1,pending,2025-11-09T04:56:55.924964,
202,/Life Cycle/Funeral + Burial , Funeral Booklet.docx,document,1321243,1JsvhYdVJdcxUk5wMV0yG6J-YKpEpQuv0,application/vnd.openxmlformats-officedocument.wordprocessingml.document,1,pending,2025-11-09T04:56:55.931965,
203,/Life Cycle/Funeral + Burial ,Ziva Barnavon Eulogy.docx,document,23862,1mZNDXiYlDmNc-3FlVcGdZI8ZlDZh0KJX,application/vnd.openxmlformats-officedocument.wordprocessingml.document,1,pending,2025-11-09T04:56:55.939967,
204,/Life Cycle/Funeral + Burial ,Funeral Service for  a man.pub,other,13440000,1gBmEXgrImB48RZsNSp99OjL3hg6bM50E,application/vnd.ms-publisher,1,pending,2025-11-09T04:56:55.952967,
205,/Life Cycle/Bas Mitzvah,bas mitzvah,google_doc,3488,1HdwUP5uaRxvMZPHSSDIeO30mzBxfq7ghrPAhZUZ25zo,application/vnd.google-apps.document,1,pending,2025-11-09T04:56:55.963964,
206,/Life Cycle/Bas Mitzvah/unique bas mitzvah,script.docx,document,20763,1oYQVk6uouISnJ_7hN4TKjVvNQRXKHhuj,application/vnd.openxmlformats-officedocument.wordprocessingml.document,1,pending,2025-11-09T04:56:55.979965,
207,/Life Cycle/Bas Mitzvah/unique bas mitzvah,About ,google_doc,2178,12d0lCCqzGtJwPvf0olcrCwUzUpGLkl3cv00peMy-07U,application/vnd.google-apps.document,1,pending,2025-11-09T04:56:55.985963,
208,/Life Cycle/Baby Naming,Baby Naming ,google_doc,3987,1w-Ks4i2Dj2k647IaP9uhY5oTsWRY_oDqlwPb7UQuGgY,application/vnd.google-apps.document,1,pending,2025-11-09T04:56:55.994963,
209,/Life Cycle/Baby Naming,Baby Naming Elsie Edwards.pdf,document,484086,11ZRbmZ6OzgHM3DW8uTC0X-85oepfNyEY,application/pdf,1,pending,2025-11-09T04:56:56.001966,
210,/Life Cycle/After life - will,Will,google_doc,3628,1u0Z6TFab8V1XBf6sgMJT1CI4piYlmUpRjfKiDYjuwK0,application/vnd.google-apps.document,1,pending,2025-11-09T04:56:56.010966,
211,/Life Cycle/Yahrtzeit,Yahrtzeit & Memorial,google_doc,1024,1KOECmI_a5KcT0IiTN_19sLkFMPrv556mRlS11E4evy4,application/vnd.google-apps.document,1,pending,2025-11-09T04:56:56.017964,
212,/Life Cycle/Yahrtzeit,prayers for grave visit russian.pdf,document,750385,1IXRqbQPX-3MbGZucZbA6HLbbohYpxgkI,application/pdf,1,pending,2025-11-09T04:56:56.025964,
213,/Life Cycle/Yahrtzeit,prayers for grave visit.pdf,document,959869,1VrwtRG6qztiTbGAln-XsqNlzr2pX4t-9,application/pdf,1,pending,2025-11-09T04:56:56.036964,
214,/Life Cycle/Birthday,Birthday,google_doc,1024,1pMTwOEmZGDm3tg0RSEu3OCbwSniYfuTvY_Eao0H579s,application/vnd.google-apps.document,1,pending,2025-11-09T04:56:56.045964,
215,/Life Cycle/Birthday,Birthday #1.doc,document,24576,1az-mBPBooOmGN4g0S3S_7EO4TncAjUcX,application/msword,1,pending,2025-11-09T04:56:56.052964,
216,/Life Cycle/Birthday,965_Class_on_40.doc,document,34304,1zg7YZOPlVaLdb6w10l9fU60anB7SRfaQ,application/msword,1,pending,2025-11-09T04:56:56.062966,
217,/Life Cycle/Birthday,Jewish_birthday.doc,document,165888,1N0-OFpfTdNgyk_egUc3UBy1NciVLATTm,application/msword,1,pending,2025-11-09T04:56:56.074964,
218,/Life Cycle/Birthday,Invitation.doc,document,474112,1ZJQ39ReBc2OIILJ89swtKO3oopppN_3n,application/msword,1,pending,2025-11-09T04:56:56.083964,
219,/Life Cycle/Birthday,i celebrated my jewish birthday.pdf,document,217232,1UAU6S85KZmu7Bt6_UblusA7TOA1mAtmo,application/pdf,1,pending,2025-11-09T04:56:56.092971,
220,/Life Cycle/Birthday,birthday certificate.pdf,document,1463279,1LITFZeFxLTZW4NEojje7IRVNm841vtx-,application/pdf,1,pending,2025-11-09T04:56:56.098966,
221,/Life Cycle/Birthday,donation gift in honor of your birthday.doc,document,35840,1kcbN4AnTo4rAqGHyXcQL8NOUj0uu0MgW,application/msword,1,pending,2025-11-09T04:56:56.105966,
222,/Life Cycle/Upshernish,Minhagim for Upsherin,google_doc,2872,1y7Wax1L2bs5huk-BC0_Ae4Qi4x6GFjCZ3cslj8ceZGo,application/vnd.google-apps.document,1,pending,2025-11-09T04:56:56.125965,
223,/Life Cycle/Upshernish,Speach Upshernish.doc,document,22528,114nkaqHou8fX4jiU_32Obv-vtp71h2zz,application/msword,1,pending,2025-11-09T04:56:56.132965,
224,/Life Cycle/Upshernish,booklet #2.pub,other,5143552,1IkQuk9tkxT8Jo3dgdvPOOrqJ_3ph0UDs,application/vnd.ms-publisher,1,pending,2025-11-09T04:56:56.141964,
225,/Life Cycle/Upshernish,Yoel Tzemach Alef Bais Upshern Book.pub,other,68698624,1qLqbvg9CH9e6cM8AfDfmHMAk3WM0guAA,application/vnd.ms-publisher,1,pending,2025-11-09T04:56:56.148964,
226,/Life Cycle/Upshernish,Zalman Upshern Book.pub,other,33907200,1MbCk3kSBegxcDHwrgIGDV89EZJG7gyBW,application/vnd.ms-publisher,1,pending,2025-11-09T04:56:56.169965,
227,/Life Cycle/Upshernish,Upsherinish Ideas.doc,document,22016,1oAMmaKWw682_zzTC24xDt8Wy7TZ8kkDQ,application/msword,1,pending,2025-11-09T04:56:56.177966,
228,/Life Cycle/Upshernish,cheder1.doc,document,378368,1ZxavblTFU11J_rffQC-lLPMiGoR1MJSt,application/msword,1,pending,2025-11-09T04:56:56.184964,
229,/Life Cycle/Upshernish,upsherenish_book.doc,document,319719,1TtRdZJPX9QljLKY2HZ_xNP_t5bYi4URr,application/msword,1,pending,2025-11-09T04:56:56.191963,
230,/Life Cycle/End of life,End of life,google_doc,2205,10alpvtQhCdeNssNYbAgLrPNfpbX0sYyoPaI3s32fC80,application/vnd.google-apps.document,1,pending,2025-11-09T04:56:56.198969,
231,/Life Cycle/End of life,Shluchim Talk.  Terminal Illness,google_doc,1024,1hOa6P-jsiqqksTbCwK5MdQFEyM_B9c8XvQpDd3-siq4,application/vnd.google-apps.document,1,pending,2025-11-09T04:56:56.217964,
232,/Life Cycle/Wedding ,Birur Yehadus,google_doc,1024,1MixXn-VMXaHncQK2zvIFUhsUOH3hoytxxaYYYoZivMY,application/vnd.google-apps.document,1,pending,2025-11-09T04:56:56.224962,
233,/Life Cycle/Wedding ,Wedding Checklist and Distribution of Honors.docx (Rabbi Yossi Brackman),document,19505,1-hDhkiR3OM5q8HJnydS1Pigg7iXor3fD,application/vnd.openxmlformats-officedocument.wordprocessingml.document,1,pending,2025-11-09T04:56:56.231965,
234,/Life Cycle/Wedding ,Thoughts on officiating at a non-Kosher wedding:,google_doc,5623,1AYXVKGoTPeT4Fl2Qjcd2qAsOxzp2VS8HhzGRG6BRLC8,application/vnd.google-apps.document,1,pending,2025-11-09T04:56:56.238967,
235,/Life Cycle/Wedding ,letter certifing jewish .doc,document,30720,1crUsnkg5N-tWOYb5h6rNJM_SGk7u6zyb,application/msword,1,pending,2025-11-09T04:56:56.248963,
236,/Life Cycle/Wedding /Wedding day,ketubah.doc,document,12571,1sx9586keGtj8GMrofsTOl31e1IL6_flc,application/msword,1,pending,2025-11-09T04:56:56.255969,
237,/Life Cycle/Wedding /Wedding day,Shtar Tenoim.docx,document,13384,1j4KnvmJwJcIOBRS38kmulCY9NjP9kp5m,application/vnd.openxmlformats-officedocument.wordprocessingml.document,1,pending,2025-11-09T04:56:56.265964,
238,/Life Cycle/Wedding /Wedding day,Eid letter.doc,document,22528,148FD9Mus7C_cdrxR4jltfkjzW-ajR76v,application/msword,1,pending,2025-11-09T04:56:56.273966,
239,/Life Cycle/Wedding /Wedding day,Rebbes_Letter.pdf,document,17774,1BfPyIBdRNd1che1rSawQbWWSgmHkyC51,application/pdf,1,pending,2025-11-09T04:56:56.285966,
240,/Life Cycle/Wedding /Wedding day,Wedding Notes,google_doc,4317,1rGa7imVoXpJgfYvK1W5644dcbn3MlxNhm2017Yhx8pE,application/vnd.google-apps.document,1,pending,2025-11-09T04:56:56.295963,
241,/Life Cycle/Wedding /Wedding day,Blank Ketubah with Instructions.docx,document,15236,1Ma3S0_2B9W62o237rjxUvolD5CjxJgTg,application/vnd.openxmlformats-officedocument.wordprocessingml.document,1,pending,2025-11-09T04:56:56.303962,
242,/Life Cycle/Wedding ,marriage course.doc,document,52224,1GUfSnw3q63UGJKhm6xsYnNJlWg39wjeb,application/msword,1,pending,2025-11-09T04:56:56.312962,
243,/Life Cycle/Wedding ,Marriage Form 09.doc,document,167936,1spysTiI48-B2lcIuXlQ_D9RpAYFNhhQS,application/msword,1,pending,2025-11-09T04:56:56.319968,
244,/Life Cycle/Wedding ,An Aufruf with Chabad of Merrick-Bellmore.doc,document,57856,1fz4sdvHLsYYtoINkI-w6COeCTyMbqkVx,application/msword,1,pending,2025-11-09T04:56:56.347964,
245,/Life Cycle/Wedding ,Guidance to Bride and Groom.doc,document,35840,1gvMsI4t3kEdyA-xSCfmsWkl6sqi-K5pA,application/msword,1,pending,2025-11-09T04:56:56.355966,
246,/Life Cycle/Wedding ,שאלת חכם (1).pdf,document,762366,1UvOucSyc5biApnUwAP9rGMaZCPIxnnYX,application/pdf,1,pending,2025-11-09T04:56:56.363966,
247,/Life Cycle/Bris,Chabad Mohelim Database,google_sheet,7151,13qpsMeIDP8B9oG5_0bDDKUKoQz9WAwYIC4hgo7pegRA,application/vnd.google-apps.spreadsheet,1,pending,2025-11-09T04:56:56.371965,
248,/Life Cycle/Bris,Bris Honors,google_doc,1923,1TtvfTTZ5ZOlKIEPP6J5Fe1HcOauXWQ0PmVpZvP9ZNfA,application/vnd.google-apps.document,1,pending,2025-11-09T04:56:56.381965,
249,/Life Cycle/Bris,Bris Booklet.pdf,document,745584,12aX-t1ZerZp839ebpjyOehayk3AYlgku,application/pdf,1,pending,2025-11-09T04:56:56.390966,
250,/Life Cycle/Bris,Bris booklet revised.pub,other,1443840,19N3Esb-r2Xgo_jRZRDszbJlkLk16asCt,application/vnd.ms-publisher,1,pending,2025-11-09T04:56:56.399964,
251,/Life Cycle/Bris,Bris email invite,google_doc,1825,1s-fQ-4N-N1b-pUe835pLydjrH5yDbq_TM_bYm6-ptCg,application/vnd.google-apps.document,1,pending,2025-11-09T04:56:56.407519,
252,/Life Cycle/Bris,סדר ברית מילה נוסח לבני עדות המזרח.doc,document,41472,1ULi_wS7IPyVbT0jdiUGsfhlD8vw54oJD,application/msword,1,pending,2025-11-09T04:56:56.417516,
253,/Life Cycle/Bris,Bris Booklet with Rebbe's letter in Hebrew.pub,other,676864,1tO_tPoTVVllN16MJ3ys6ErCXSq9Wb5Q_,application/vnd.ms-publisher,1,pending,2025-11-09T04:56:56.430379,
254,/Life Cycle/Bris,letter for a Bris - translated.doc,document,24576,1D4_iCYEBeRFH8BRfMMeVP_Ol-x6UCTjw,application/msword,1,pending,2025-11-09T04:56:56.441377,
255,/Life Cycle/Bris,zohar_for_bris_english.doc,document,78336,13qqgQu8OweeEablTHNl_wrjqUfLADLzL,application/msword,1,pending,2025-11-09T04:56:56.451378,
256,/Life Cycle/Bris,Bris,google_doc,1024,1rVa8VGs6PV_rWiLv3tuDuokftRDle3qeV2U_A-1YNOU,application/vnd.google-apps.document,1,pending,2025-11-09T04:56:56.459379,
257,/Life Cycle/Bris,Bris Notes,google_doc,3394,1LrlN10hI5qOg0Mgj3GPmz23PHxGkaMdCzl8jQqDuNMA,application/vnd.google-apps.document,1,pending,2025-11-09T04:56:56.467402,
258,/Life Cycle/Bar Mitzvah,Bar Mitzvah overview,google_doc,4061,1V7SvrQnC_ggDvaMxNTGm_mpr3gMPgs223tmZ7PLxHTM,application/vnd.google-apps.document,1,pending,2025-11-09T04:56:56.475401,
259,/Life Cycle/Bar Mitzvah,Zev%27s%20Bar%20Mitzvah%20Booklet%20for%20Shul.pub,other,565760,1gcReJmLm2EgQFS40NfmwoBHWCOvqjruz,application/octet-stream,1,pending,2025-11-09T04:56:56.482401,
260,/Life Cycle/Bar Mitzvah,Halacha Shailos,google_doc,2226,1V1CUlCu0puoxtvAX_cSOeF3uV1Lvimnqod1hIMkIvHg,application/vnd.google-apps.document,1,pending,2025-11-09T04:56:56.499433,
261,/Life Cycle/Bar Mitzvah,Motzei shabbos BM,google_doc,2162,1jlj5PQImqRETNvamC3MpjCES-S4oewEWJiAaatKh-Zo,application/vnd.google-apps.document,1,pending,2025-11-09T04:56:56.509302,
262,/Life Cycle/Bar Mitzvah/BM Guide (Rabbi Yehuda Heber),Bar mitzvah at chabad yorktown guide.docx,document,58181,15F2FXa2PrgCIb5dVgK9E909Dumbu6Dt4,application/vnd.openxmlformats-officedocument.wordprocessingml.document,1,pending,2025-11-09T04:56:56.517020,
263,/Life Cycle/Bar Mitzvah/BM Guide (Rabbi Yehuda Heber),BM Guide Intro,google_doc,1024,104AAfBsjCCSfZqySeJbGXTqH7w38YBn7SQiymHvjcxk,application/vnd.google-apps.document,1,pending,2025-11-09T04:56:56.525020,
264,/Life Cycle/Bar Mitzvah,Ariticle : Why Won't You Call My Daughter Up To The Torah_,google_doc,11728,1GcU4TO2STYH-Ua4s5TWiabuY6_9TKSJjDDtVhchnCM8,application/vnd.google-apps.document,1,pending,2025-11-09T04:56:56.537021,
265,/Life Cycle/Bar Mitzvah,ideas for the Non jewish dad,google_doc,1024,1vcrlLAV0Qh_ZO2Jgulk6ee9Ki3FejJmObAZf6LudsV4,application/vnd.google-apps.document,1,pending,2025-11-09T04:56:56.548017,
266,/Life Cycle/Bar Mitzvah/Maamar,Bar Mitzva Maamar in Hebrew.pdf,document,43615,1aXUYA9JIh_Ydv9Pzcf-u3iaJUxYKITCL,application/pdf,1,pending,2025-11-09T04:56:56.556017,
267,/Life Cycle/Bar Mitzvah/Maamar,Maamar handout.pdf,document,112283,16smqMkDaYjYQwaDfgrgLPjy4UcTL4gqj,application/pdf,1,pending,2025-11-09T04:56:56.564024,
268,/Life Cycle/Bar Mitzvah/General Information for Family,BarMitzvaBook,google_doc,13587,12pm_4TfrZq-6Jjpu3_R5NgmwQKxcgRRJPs-h0kipNwo,application/vnd.google-apps.document,1,pending,2025-11-09T04:56:56.581020,
269,/Life Cycle/Bar Mitzvah/General Information for Family,bar_mitzvah_guidelines.doc,document,24424,1rnVEJpyuCYwg750VgH90nz3bJDcvCGY7,application/msword,1,pending,2025-11-09T04:56:56.595020,
270,/Life Cycle/Bar Mitzvah/General Information for Family,BarMitzvaBook.pdf,document,81002,1sQoin6C4yLCJo0mKG7Kh_CbYdyWWkT2d,application/pdf,1,pending,2025-11-09T04:56:56.603020,
271,/Life Cycle/Bar Mitzvah/General Information for Family,Bar mitzvah at chabad yorktown guide.docx,document,58181,1TqZiAulMyd21-4UZG4CJRdCbkjBb9GkP,application/vnd.openxmlformats-officedocument.wordprocessingml.document,1,pending,2025-11-09T04:56:56.611020,
272,/Life Cycle/Bar Mitzvah/Tefillin,Why not to buy Tefillin on amazon?,google_doc,1872,1o4csVxJ-ob7I-pcetKkZ-2_s4Bwr32uExPThjRgsAkU,application/vnd.google-apps.document,1,pending,2025-11-09T04:56:56.620020,
273,/Life Cycle/Bar Mitzvah/Tefillin,Laws of Teffilin Diagrams.docx,document,427577,1tWbL0vpy3Y5V5I5nPTXf17Ki6U4wF9Nx,application/vnd.openxmlformats-officedocument.wordprocessingml.document,1,pending,2025-11-09T04:56:56.627018,
274,/Life Cycle/Bar Mitzvah/Tefillin,Tefillin Facts Reasons Benefits Lessons.docx,document,97724,1BJqpG-Fl96rzC5p_MGRWHwJ7KtSJjb4m,application/vnd.openxmlformats-officedocument.wordprocessingml.document,1,pending,2025-11-09T04:56:56.635018,
275,/Life Cycle/Bar Mitzvah/Bar Mitzvah Lessons,App or Website to learn Kriah,google_doc,1024,17EJ53Ub37DmnEU2jiLcgQ8I7_XDX2sxDJVYAaCJdrws,application/vnd.google-apps.document,1,pending,2025-11-09T04:56:56.644024,
276,/Life Cycle/Bar Mitzvah/Bar Mitzvah Lessons,Recording for BM boy,google_doc,1134,15G_4bn4IAieNot2KmZZGxG8eZIYKciYyGszU358rRYw,application/vnd.google-apps.document,1,pending,2025-11-09T04:56:56.654022,
277,/Life Cycle/Bar Mitzvah/Bar Mitzvah Lessons,Copy of Bar Mitzvah Booklet revised (2).pdf,document,24380260,1jy9c3VmN03Y_JME9ND4dyDoGn1B3UwKu,application/pdf,1,pending,2025-11-09T04:56:56.664018,
278,/Life Cycle/Bar Mitzvah/Bar Mitzvah Lessons,Cteen curriculum for BM,google_doc,3227,1ZscSZg5-D5SPtOMgbh2OMhMOyvcz9Oi2_X7FBgV10BE,application/vnd.google-apps.document,1,pending,2025-11-09T04:56:56.674019,
279,/Life Cycle/Bar Mitzvah/Bar Mitzvah Lessons,Bar Mitzvah speech.pdf,document,343728,1sq0lniYpwgi6ZOw6mRakNghHVb96zF4W,application/pdf,1,pending,2025-11-09T04:56:56.682019,
280,/Life Cycle/Bar Mitzvah/Bar Mitzvah Lessons,Pilpul.pdf,document,353149,1i4nw50XffYWQl-BSJMAjJb0BwmPzZKfY,application/pdf,1,pending,2025-11-09T04:56:56.693020,
281,/Life Cycle/Bar Mitzvah/Bar Mitzvah Lessons,Copy of Judaism 101 Curriculum.Marrus (1).pdf,document,371848,1LBjSJP3ZibQpxUDyQ7RWwuVg28bUQ2pm,application/pdf,1,pending,2025-11-09T04:56:56.702022,
282,/Life Cycle/Bar Mitzvah/Bar Mitzvah Lessons,Judaism 101 Curriculum.Marrus (1).pdf,document,371848,1ve4dS9xKNTIEuW_RqURyHKnEm4UxWYnb,application/pdf,1,pending,2025-11-09T04:56:56.711023,
283,/Life Cycle/Bar Mitzvah,rebbe_bar_mitzvah_letter.tif,image,36158,1D2CT37YcQwsVPDCN_WlSJ5a0enMUBK-a,image/tiff,1,pending,2025-11-09T04:56:56.721020,
284,/Life Cycle/Bar Mitzvah,Making a Celebration before the BM date,google_doc,6906,1WNlfL8EJAyfjjOWiRAReZoi5ggkxsKwoFDRbNdBE0rA,application/vnd.google-apps.document,1,pending,2025-11-09T04:56:56.735023,
285,/,Compass index 1,google_sheet,30584,15iss_FMXBcv2_HIO2FCu46gAwFLzMoyxUveTviP3uwg,application/vnd.google-apps.spreadsheet,1,pending,2025-11-09T04:56:56.744022,
286,/,Shluchim exchange how to,google_doc,1024,1J7qyG8QoTpUJu2cVHWKfj-7kqbo6Rpnn9IfckzOm7Ew,application/vnd.google-apps.document,1,pending,2025-11-09T04:56:56.753020,
287,/,compass index,google_sheet,28709,12NJAJb2dRuf6q_1__bRGl-pbPJgP91IpSCriU9k72RU,application/vnd.google-apps.spreadsheet,1,pending,2025-11-09T04:56:56.763021,
288,/,Electronic Display,google_doc,1763,1ItlKVcMG76sl_LMXHjvLSIubyxhoHrFXhkLlWOEj_Aw,application/vnd.google-apps.document,1,pending,2025-11-09T04:56:56.770021,
289,/Jewish Practice/Mikvah,Mikvah Roadmap,google_doc,93199,1sE2jgUExGdZjkdSvecvK7jAV4lvRh_8xPuO_oF1Hw_Q,application/vnd.google-apps.document,1,pending,2025-11-09T04:56:56.779021,
290,/Jewish Practice/Mivtzoim/Mezuzah,Mezuzah Halacha,google_doc,1024,1OcE9V_H1-NIMJDtx-hZhs0VoyXz1IETnS1jfxWsMHHQ,application/vnd.google-apps.document,1,pending,2025-11-09T04:56:56.791019,
291,/Jewish Practice/Mivtzoim/Tzedakah,The 8 levels of Tzedakah.docx,document,256860,1Y1QBHMgRfhd5ONex2UZAtV-3DnWu3Y2s,application/vnd.openxmlformats-officedocument.wordprocessingml.document,1,pending,2025-11-09T04:56:56.801018,
292,/Jewish Practice/Mivtzoim/Tzedakah,Pushkah ,google_doc,163178,1oQafxyqTsqXTHrwU5ZRw3T153cGun4CVncrHGxsD6Bs,application/vnd.google-apps.document,1,pending,2025-11-09T04:56:56.811018,
293,/Jewish Practice/Mivtzoim/Tzedakah,Electric Pushkah,google_doc,1024,1GSon-UPat6uvdAZIbd09deci-bWuI-YFGQ2i1wSZPzA,application/vnd.google-apps.document,1,pending,2025-11-09T04:56:56.821019,
294,/Jewish Practice/Mivtzoim/Tzedakah,pushka_letter.docx,document,377637,1S1bJ_KzUZQnr-MomDn5iO2mtfm1a0xb0,application/vnd.openxmlformats-officedocument.wordprocessingml.document,1,pending,2025-11-09T04:56:56.832018,
295,/Jewish Practice/Mivtzoim/Tzedakah,Tzedakah song and questions.doc,document,20992,1mIntoAbgj2I_MQkUdMRhf88TYm5wbCFv,application/msword,1,pending,2025-11-09T04:56:56.843020,
296,/Jewish Practice/Mivtzoim/Tzedakah,Tzedakah talking points,google_doc,2490,1B2O6C0bAUGUvudZL-M4ruhQ1kHePF8AoNCiZMNOJkZM,application/vnd.google-apps.document,1,pending,2025-11-09T04:56:56.852020,
297,/Jewish Practice/Mivtzoim/Tefillin,Tefillin Club,google_doc,2286,1u4xXTpzsjW6ZsNF-NBP8Umu2BokCgztATT02Bb4QxC0,application/vnd.google-apps.document,1,pending,2025-11-09T04:56:56.860020,
298,/Jewish Practice/Mivtzoim/Tefillin,Tefillin,google_doc,1412,1_fbH4oMSPAoEgVPSQted08vos1egbbo032ZA0_QcMF4,application/vnd.google-apps.document,1,pending,2025-11-09T04:56:56.869020,
299,/Jewish Practice/Mivtzoim/Tefillin,tefilin.pdf,document,3962627,1oiQMFyY3sqq6SMxSUzFv8AxcCqWENWZ1,application/pdf,1,pending,2025-11-09T04:56:56.879019,
300,/Jewish Practice/Mivtzoim/Tefillin,Halochos Tefillin,google_doc,1024,18BHcqIcdxj991xJBp8gVthkMt93q4g0Jh9Zj8kMHp3Y,application/vnd.google-apps.document,1,pending,2025-11-09T04:56:56.887019,
301,/Shlichus Programing, Mens Programs,google_doc,2208,1yGyUjj6_9tAAGuYXNnUyCxzHER-Arj3tNBEf1ya2G4I,application/vnd.google-apps.document,1,pending,2025-11-09T04:56:56.897019,
302,/Shlichus Programing,Challah Bake,google_doc,70656,1p56B9dV2UxruwSnI6bZ6tROLD_S-Zn0KwfcXOz2WXOQ,application/vnd.google-apps.document,1,pending,2025-11-09T04:56:56.907023,
303,/Shlichus Programing,Copy of Womans Programs,google_doc,20345,1-1RKxXInGdJCZmWg9cJgS1AxcUhWccWxRRBmtkotpp8,application/vnd.google-apps.document,1,pending,2025-11-09T04:56:56.916019,
304,/Shlichus Programing,Womans Programs,google_doc,15685,1nx5CcIIP4xksaSzxZXHY3z4knwOOgF7OXkR8PKiqy0Q,application/vnd.google-apps.document,1,pending,2025-11-09T04:56:56.928019,
305,/Shlichus Programing,Seniors,google_doc,4174,1F8-Cnwh90LLjwcQNsGjdzdGJwPSV8GsBigK3PmdVfQI,application/vnd.google-apps.document,1,pending,2025-11-09T04:56:56.939023,
306,/Shlichus Programing/Kids programs,kids shabbos program,google_doc,2899,1q8QJlXHuRXVF7Y6zS9segdMXeghUEQdSNOJDiM-uKl4,application/vnd.google-apps.document,1,pending,2025-11-09T04:56:56.951019,
307,/Shlichus Programing/Kids programs,Family fun day,google_doc,2555,1vj1AbNyc3DMA-7nneDbz3LSSALPBbDGhktp09LlKWL8,application/vnd.google-apps.document,1,pending,2025-11-09T04:56:56.961048,
308,/Shlichus Programing/Kids programs,Mommy and Me,google_doc,1024,1kC0yfT16hxAi_EQ8KLg3IlgjBQqFxGZY9Gz_sU3vhNE,application/vnd.google-apps.document,1,pending,2025-11-09T04:56:56.975017,
309,/Shlichus Programing/Kids programs,Simchas torah kids ,google_doc,1599,1FqKYgdfoLHsGIkkRX5OVlFihv74jhaCV9O8cBUyESVI,application/vnd.google-apps.document,1,pending,2025-11-09T04:56:56.990025,
310,/Shlichus Programing/Kids programs,jewQ,google_doc,1024,1qbA4ahD-eJs5ix103AriOZvG4qLiJH_viYdo4T2gP28,application/vnd.google-apps.document,1,pending,2025-11-09T04:56:57.008023,
311,/Shlichus Programing/Kids programs,kids in the kitchen,google_doc,1024,1JIEcl40lwPb-LPmwHoud4acLtj8Km6eHOiZD05XWBes,application/vnd.google-apps.document,1,pending,2025-11-09T04:56:57.024022,
312,/Shlichus Programing/Trips/Ohel,Writing to the Ohel,google_doc,1024,1ejW25QIUd1f0ZB93xyr9ZdpUHVbCm9YgB9Z6H4iu4Is,application/vnd.google-apps.document,1,pending,2025-11-09T04:56:57.035020,
313,/Shlichus Programing/Trips/Israel Trip,Israel Trip itinerary,google_doc,1764,1P5BCkvYajkEAViUlX8VMLgpm8RtqzBz9rknGCi_MN9c,application/vnd.google-apps.document,1,pending,2025-11-09T04:56:57.051040,
314,/Shlichus Programing/Trips/Israel Trip,Answers Needed,google_doc,2255,1H2Ugot8ovK2U6lC9PivUbDBXRBKFzVNFAFDNgnkd0q8,application/vnd.google-apps.document,1,pending,2025-11-09T04:56:57.060019,
315,/Shlichus Programing/Seder Nigunim,Seder Niggunim Stories ,document,33282,1I8YKzp2sQiOkgF51He_QRPVnh2IF9o_4,application/vnd.openxmlformats-officedocument.wordprocessingml.document,1,pending,2025-11-09T04:56:57.069017,
316,/Shlichus Programing/Seder Nigunim,The Rebbe' s songs.doc (Rabbi Yisroel Altein),document,28572,1d39SfTlDeJoyqXZ88VCXQhyZSP9KUChV,application/vnd.openxmlformats-officedocument.wordprocessingml.document,1,pending,2025-11-09T04:56:57.085021,
317,/Shlichus Programing/Seder Nigunim,Seder Nigunim.pdf (Rabbi Eli Wilansky),document,427767,1COwRqmwDzXRSEqcJ59WN6OOL0lqr4tO4,application/pdf,1,pending,2025-11-09T04:56:57.102018,
318,/Shlichus Programing/Torah Campaign,Torah article.doc,document,0,1jLa7s3ycryXRGwrI2FMvX1gC4cHueXLa,application/msword,1,pending,2025-11-09T04:56:57.120018,
319,/Shlichus Programing/Torah Campaign,Torah Dedication.doc,document,0,1jErbq-y6He5xjFZz5KQOo9TmC3wHU1a5,application/msword,1,pending,2025-11-09T04:56:57.130017,
320,/Shlichus Programing/Torah Campaign/Torah Text,Torah Text/Article,google_doc,2516,1v_eqMrFgzAQLiYMZ4Hi86VFVkKR6gjYWicItcEe0mrg,application/vnd.google-apps.document,1,pending,2025-11-09T04:56:57.141024,
321,/Shlichus Programing/Torah Campaign,Co-sponsor Torah Workshop,google_doc,2514,1JHsxyr1Jd2kWDv-X3-p8JIDOhjHIBwaUgR9z1DOZqaE,application/vnd.google-apps.document,1,pending,2025-11-09T04:56:57.151027,
322,/Shlichus Programing/Torah Campaign,Proposal,google_doc,1205,1KviSWrI1EBeCWep_bh8XrCuKWs1Tv0gOnfDA4TZtP_I,application/vnd.google-apps.document,1,pending,2025-11-09T04:56:57.162020,
323,/Shlichus Programing/Torah Campaign,Torah Invitation Letter,google_doc,2119,1z8qqt_IZ46kP9T_xbudZJXVKT8hJfYnfRz6rmxSkCVk,application/vnd.google-apps.document,1,pending,2025-11-09T04:56:57.175021,
324,/Shlichus Programing/Torah Campaign,Torah Inaguration Ceremony,google_doc,1748,1vcJyFIMNA7w_UUvPCDd4A0PfHE3NfMA5vqp64lNcajA,application/vnd.google-apps.document,1,pending,2025-11-09T04:56:57.189018,
325,/Shlichus Programing/Torah Campaign,Torah Dedication,google_doc,1582,1yQIpG7CBuU0YoZuvhVrmM_CIPOtXZ7WetktGnaQzEmk,application/vnd.google-apps.document,1,pending,2025-11-09T04:56:57.199023,
326,/Shlichus Programing/Torah Campaign,Torah Dedication Project,google_doc,3541,1aUFubtzs4xgGQ7X2rYkfyxzneu1FAnohRABupoQewPc,application/vnd.google-apps.document,1,pending,2025-11-09T04:56:57.208024,
327,/Shlichus Programing/Torah Campaign,Contractual Agreement,google_doc,1838,1Z5IM-hMyxYxpF0YeO92bYgYfDVWLKkT_22i_CNhE3us,application/vnd.google-apps.document,1,pending,2025-11-09T04:56:57.216021,
328,/Shlichus Programing/Torah Campaign,Torah Article,google_doc,3067,1n8VdbXT50Pu8_-8asnJ3YlRUZZgDbqzKEM9CVYs2_eU,application/vnd.google-apps.document,1,pending,2025-11-09T04:56:57.225023,
329,/Shlichus Programing/Merkos shlichus,tips for MS,google_doc,3426,1nX2ViSrszoyLmLUcHznRhO7ag7_k8G2ycXkE36xpITY,application/vnd.google-apps.document,1,pending,2025-11-09T04:56:57.235019,
330,/Shlichus Programing/Merkos shlichus,Knocking on doors,google_doc,1024,1ulH5wOiSKMkM1AoMBVIdc6PCqVx7k5d0_IaKZpc596c,application/vnd.google-apps.document,1,pending,2025-11-09T04:56:57.245020,
331,/Shlichus Programing/Adult Education/Curriculum/Contemporary Issues,Chabad and Israel,google_doc,7697,1-ODhzCUrXBKfFpPYJoBKeSr7VdQrUwAM9TjRmVwviwo,application/vnd.google-apps.document,1,pending,2025-11-09T04:56:57.254019,
332,/Shlichus Programing/Adult Education/Curriculum/Contemporary Issues,"Uriel Vigler, New York, NY",google_doc,6469,1-Y4VZs_NvS5vw34PsfD1TG5sx7qDCrd2C5KSdvlmrtM,application/vnd.google-apps.document,1,pending,2025-11-09T04:56:57.262019,
333,/Shlichus Programing/Adult Education/Curriculum/Contemporary Issues, Letter from JDC re. situation in Lithuania,google_doc,6235,1roOwfTPuoGKMctOsh22XwHrSrKwQmF8AaP-MDZW-bsI,application/vnd.google-apps.document,1,pending,2025-11-09T04:56:57.271037,
334,/Shlichus Programing/Adult Education/Curriculum/Contemporary Issues,Question,google_doc,10700,1ZugTbEhId5z5jOvJ1aVqNdGvIHmdlRGFYY4XLNj1R98,application/vnd.google-apps.document,1,pending,2025-11-09T04:56:57.280019,
335,/Shlichus Programing/Adult Education/Curriculum/Contemporary Issues,Rude awakening for shliach,google_doc,21623,1d8h-arc7oYbF_WAggH8OYVF5VWOw8zepBLyaC7JTrzk,application/vnd.google-apps.document,1,pending,2025-11-09T04:56:57.288019,
336,/Shlichus Programing/Adult Education/Curriculum/Contemporary Issues/Reform Conversion,BB with conservitive Grandson,google_doc,3447,1grgKJEm_xDj6PD4Ye1Ie83qWpURJYmPZuc_4A_M8xrI,application/vnd.google-apps.document,1,pending,2025-11-09T04:56:57.297018,
337,"/Shlichus Programing/Adult Education/Curriculum/Contemporary Issues/Reform, Conservative, Interfaith/reform",reform/conservative rabbi at menorah lighting,google_doc,6577,1nPUqcW5cbWW62x6Gx0_fOa-fZfzApEk6kkPvpwjBPfs,application/vnd.google-apps.document,1,pending,2025-11-09T04:56:57.307020,
338,"/Shlichus Programing/Adult Education/Curriculum/Contemporary Issues/Reform, Conservative, Interfaith",Conservative-Reform Rabbis at Chanukah Lightings,google_doc,1936,1vDQpgjjiiZHVz-FteZiWwIUJUYSAb7SLDQsM4luGgWs,application/vnd.google-apps.document,1,pending,2025-11-09T04:56:57.318021,
339,"/Shlichus Programing/Adult Education/Curriculum/Contemporary Issues/Reform, Conservative, Interfaith",Interfaith Clergy,google_doc,3284,1MSNnuWXEbQO2THW4L_svP-kEU6Xfy3G2aD-K7BQ7YSc,application/vnd.google-apps.document,1,pending,2025-11-09T04:56:57.327017,
340,"/Shlichus Programing/Adult Education/Curriculum/Contemporary Issues/Reform, Conservative, Interfaith",Reform copying Chanukah event,google_doc,1047,1ThZPT2S2WLnc1-dNhxfsB9kmApgASTpjw2V6akBDl88,application/vnd.google-apps.document,1,pending,2025-11-09T04:56:57.337018,
341,/Shlichus Programing/Adult Education/Curriculum/Contemporary Issues,Sun Around Earth,google_doc,6599,1j2WpNWWr5iQSLRDVq4l0CsF5vpI2mDc1z3AMcC56wCg,application/vnd.google-apps.document,1,pending,2025-11-09T04:56:57.346018,
342,/Shlichus Programing/Adult Education,Tanya,google_doc,1024,11uPHNQn213eyF-I4pUnBZAKPm6j6P4FkULjeT5hBEeQ,application/vnd.google-apps.document,1,pending,2025-11-09T04:56:57.355018,
343,/Shlichus Programing/Adult Education,write up on public speaking,google_doc,4134,1A4gyDmk92aNSiAOmigobgfwTeDKBW4JubiK6Rkvxlc8,application/vnd.google-apps.document,1,pending,2025-11-09T04:56:57.367019,
344,/Shlichus Programing/Adult Education,Parsha Classes,google_doc,1024,12JR2S-yuOWGNbTUBNQU-Np-wgrv9rbFF5w4-nIskZR4,application/vnd.google-apps.document,1,pending,2025-11-09T04:56:57.379027,
345,/Shlichus Programing/Adult Education,Involving Mekuravim in Limud hatorah,google_doc,3403,1IXYyCrNDqmVRA1NR4OP4DT3kX9WQ4IjhDtDw4nVLNyY,application/vnd.google-apps.document,1,pending,2025-11-09T04:56:57.390022,
346,/Shlichus Programing/Adult Education/Law n Lunch,Law N Lunch Class 1 5765 Hand-out for me.doc,document,42496,1L-ZyM6117mpLYi_ETMZoAZ-T11AGDcuU,application/msword,1,pending,2025-11-09T04:56:57.401017,
347,/Shlichus Programing/Adult Education/Law n Lunch,Law N Lunch Class 1 5765.doc,document,64000,1atE2GO6FaBdJlfm6Y2suBs60jRciKO8E,application/msword,1,pending,2025-11-09T04:56:57.411018,
348,/Shlichus Programing/Adult Education/Law n Lunch,law N Lunch - bankruptcy 5767 handout.doc,document,26112,1oNakqKHedsAHpwSiOecZXFBF9jhhUqQM,application/msword,1,pending,2025-11-09T04:56:57.421018,
349,/Shlichus Programing/Adult Education/Law n Lunch,Law N Lunch - bankruptcy 5766.doc,document,42496,10NrG6T_d5VOz0LIawni2aptPi4fsHwfT,application/msword,1,pending,2025-11-09T04:56:57.431025,
350,/Shlichus Programing/Adult Education/Law n Lunch,Law N Lunch Class 3 5765 Bar Metzra Hand-out (1).doc,document,1356800,1bkh8J0U-4eRMl9VF9qe7v0RACxnIa_Ht,application/msword,1,pending,2025-11-09T04:56:57.442019,
351,/Shlichus Programing/Adult Education/Law n Lunch,Law N Lunch Class 3 5765 Bar Metzra (1).doc,document,36864,1gCCKfHaxDS6LTFzM98cxdNAhz8VMpshR,application/msword,1,pending,2025-11-09T04:56:57.452023,
352,/Shlichus Programing/Adult Education/Law n Lunch,Law N Lunch Class 3 5765 Bar Metzra Hand-out.doc,document,1356800,159R9ijevwPNgyv-iTTxWxVgIze_C7UaZ,application/msword,1,pending,2025-11-09T04:56:57.462018,
353,/Shlichus Programing/Adult Education/Law n Lunch,Law N Lunch Class 3 5765 Bar Metzra.doc,document,36864,18z7WNJ7lFTYo5X5S6-5alldFsXJ4HPgw,application/msword,1,pending,2025-11-09T04:56:57.472017,
354,/Shlichus Programing/Adult Education/Law n Lunch,Law N Lunch - eminent domain handout final.doc,document,36864,1a2k5qiQ5YPA8qrj3U6mw-P4RZZezJl10,application/msword,1,pending,2025-11-09T04:56:57.481039,
355,/Shlichus Programing/Adult Education/Law n Lunch,Law N Lunch - Eminent Domain.doc,document,53760,172faAN6RpyqlItFcoqC-RKycJ5B6RNsj,application/msword,1,pending,2025-11-09T04:56:57.491023,
356,/Shlichus Programing/Adult Education/Law n Lunch,Law N Lunch Class 6 5765 Extradition Handout.doc,document,46080,1jcbwYgTpaXtGBdZi4Dl9HDS24egwJbXx,application/msword,1,pending,2025-11-09T04:56:57.502020,
357,/Shlichus Programing/Adult Education/Law n Lunch,Law N Lunch Class 6 5765 Extradition.doc,document,72192,1sfTI-_Zmy4tb99zpf86FBkhOzxYO89gK,application/msword,1,pending,2025-11-09T04:56:57.512019,
358,/Shlichus Programing/Adult Education/Law n Lunch,Law N Lunch Class 2 5765 Hand-out.doc,document,48128,1YXy78_2ZIrzSvkJVylSC83ahV1annUx6,application/msword,1,pending,2025-11-09T04:56:57.525016,
359,/Shlichus Programing/Adult Education/Law n Lunch,Law N Lunch Class 2 5765 Genaivat Dat Full.doc,document,82432,13uKJ2x_SQbPxkDuaKAw06fbuyhp_fjhw,application/msword,1,pending,2025-11-09T04:56:57.535026,
360,/Shlichus Programing/Adult Education/Law n Lunch,Law N Lunch Class 4 5765 Hand-out prison.doc,document,59904,1g5176P7OJvEmnX9sm0EGwlunOL1uGUSC,application/msword,1,pending,2025-11-09T04:56:57.545018,
361,/Shlichus Programing/Adult Education/Law n Lunch,Law N Lunch Class 4 5765 prison.doc,document,112128,12K-U_rnynodBiCFIvkpAJOLcNwBL-X_E,application/msword,1,pending,2025-11-09T04:56:57.556019,
362,/Shlichus Programing/Adult Education/Law n Lunch,law N Lunch - informing handout 5767.doc,document,41472,16TZOhyls51gN-A6SFbCSx-G1DKXv25b-,application/msword,1,pending,2025-11-09T04:56:57.566018,
363,/Shlichus Programing/Adult Education/Law n Lunch,law N Lunch - informing.doc,document,64000,1oxVfmaGsdR6Toryuhr93tN3ska7CKoKu,application/msword,1,pending,2025-11-09T04:56:57.576019,
364,/Shlichus Programing/Adult Education/Law n Lunch,law N Lunch Class 2 5766 Mediation Handout.doc,document,34816,1_Tt4E8HtKAu_47g5YcUz_ayO7lO62lM1,application/msword,1,pending,2025-11-09T04:56:57.584031,
365,/Shlichus Programing/Adult Education/Law n Lunch,law N Lunch Class 2 5766 Mediation Arbitration.doc,document,62464,1KE-XF1Oo6xTl8lS_fLEokNUVVdMF_-Jf,application/msword,1,pending,2025-11-09T04:56:57.595018,
366,/Shlichus Programing/Adult Education/Law n Lunch,Law N' Lunch -Class 5 5765  Proff. Conf. Handout.doc,document,29696,1dxlbTjvSdsve4myx1XUlEK8Q6ySezuN3,application/msword,1,pending,2025-11-09T04:56:57.605019,
367,/Shlichus Programing/Adult Education/Law n Lunch,Law N Lunch - professional confidentiality.doc,document,65536,1M1sjyPdAHW4uTtUSgP0n1NuR_8AaYq7E,application/msword,1,pending,2025-11-09T04:56:57.615019,
368,/Shlichus Programing/Adult Education/Law n Lunch,law N Lunch - 1 5766-67.doc,document,60416,1DBor7ttMEt09w3ClHe_kePj8gRpRr1bX,application/msword,1,pending,2025-11-09T04:56:57.624031,
369,/Shlichus Programing/Adult Education/Law n Lunch,law N Lunch - 1 5766-67 handout.doc,document,30720,1DWnf__FVlOcw7cjjHoOJ8JXOlQ6Gbtqj,application/msword,1,pending,2025-11-09T04:56:57.635019,
370,/Shlichus Programing/Adult Education/Law n Lunch,law N Lunch - chometz sale- handout.doc,document,33280,1HvMlgXWsxGx7ZfWhs0icWOqCEgLZGINK,application/msword,1,pending,2025-11-09T04:56:57.645022,
371,/Shlichus Programing/Adult Education/Law n Lunch,Law N Lunch - Selling Chametz.doc,document,60416,1xBX1hengCCNft90b-jENmupXJcc0S4bN,application/msword,1,pending,2025-11-09T04:56:57.655019,
372,/Shlichus Programing/Adult Education/Law n Lunch,Law n Lunch Class 1 5766 Hand-out Stealing To Save A Life.doc,document,50176,159alpe8vq8IFnyxV72RLoYjwb-Gks24v,application/msword,1,pending,2025-11-09T04:56:57.665018,
373,/Shlichus Programing/Adult Education/Law n Lunch,Law n Lunch Class 1 5766 Stealing To Save A Life.doc,document,155136,1951uUFfl6q65_C2GQAfLX4HeB5jiV9TL,application/msword,1,pending,2025-11-09T04:56:57.674021,
374,/Shlichus Programing/Adult Education/Law n Lunch,Law N Lunch - Stumbling Block Hand-Out.doc,document,29184,1DEQfyrdWQjbf3dLvTEflPHWdZBNNlBsT,application/msword,1,pending,2025-11-09T04:56:57.684018,
375,/Shlichus Programing/Adult Education/Law n Lunch,Law N Lunch - Stumbling Block.doc,document,36864,1GT0tZ8q0-f1q8cfIkQLthLAtInTBoIMe,application/msword,1,pending,2025-11-09T04:56:57.694018,
376,/Shlichus Programing/Adult Education/Law n Lunch,Law N Lunch- Jewish values & business Handout.doc,document,39424,1Mlv1XnVZ0h0eaWrMf8l_5uyc6IGUThW9,application/msword,1,pending,2025-11-09T04:56:57.703024,
377,/Shlichus Programing/Adult Education/Law n Lunch,Law N Lunch Jewish values & business.doc,document,52224,1KZ_bYthFHLV5Jia7KstkOuACdAwPaKkj,application/msword,1,pending,2025-11-09T04:56:57.714029,
378,/Shlichus Programing/Adult Education/Law n Lunch,Suicide_ThinkJewish.doc,document,43008,1Go4JMTuxN3m22Z0RsX5J5T55WqVJm2Ix,application/msword,1,pending,2025-11-09T04:56:57.729019,
379,/Shlichus Programing/Adult Education/Law n Lunch,GunControl_outline.docx,document,13855,1LAIHEFmC80UJ9M6wwJBS2VYx6n-XSLbJ,application/vnd.openxmlformats-officedocument.wordprocessingml.document,1,pending,2025-11-09T04:56:57.739020,
380,/Shlichus Programing/Adult Education/Law n Lunch,PrisonReform.zip,other,386015,1HXBi2uKflNKD7dcHIjBghmZtUj6IdDSd,application/x-zip-compressed,1,pending,2025-11-09T04:56:57.751020,
381,/Shlichus Programing/Adult Education/History/Course on Historical Figures,Yehudah Hanasi Handout.doc,document,39424,1SjEzaEyW2vgN8mRtzC6lcivTvb3_97gb,application/msword,1,pending,2025-11-09T04:56:57.763017,
382,/Shlichus Programing/Adult Education/History/Course on Historical Figures,Ruth Handout.doc,document,39936,1MPhQ340gLKew2g-QxE_9-xkClCwqudwi,application/msword,1,pending,2025-11-09T04:56:57.777019,
383,/Shlichus Programing/Adult Education/History/Course on Historical Figures,Ramban  Handout.doc,document,32256,1z-dDn9r5D2krfy7uVT942yfadjZfzp5s,application/msword,1,pending,2025-11-09T04:56:57.786019,
384,/Shlichus Programing/Adult Education/History/Course on Historical Figures,Hillel Handout.doc,document,38912,1273fvWnSVPyEMls82_5qx7mU4Usv3Nxg,application/msword,1,pending,2025-11-09T04:56:57.798020,
385,/Shlichus Programing/Adult Education/History/Course on Historical Figures,Course Syllabus.doc,document,26624,1i18sBmMQUsPaZSf2p93lnXXGIN5lvXL-,application/msword,1,pending,2025-11-09T04:56:57.817020,
386,/Shlichus Programing/Adult Education/History/History Through the Texts,History - Kaballah.doc,document,31744,1t-V4S5drxFeM9H7Eva5bCeucGULZn0Lr,application/msword,1,pending,2025-11-09T04:56:57.833020,
387,/Shlichus Programing/Adult Education/History/History Through the Texts,History - Halachah.doc,document,45568,17tkVTRJ6KjJ7FclwlT8DUbVbjgFGH8cn,application/msword,1,pending,2025-11-09T04:56:57.846017,
388,/Shlichus Programing/Adult Education/History/History Through the Texts,History - Written Law.doc,document,34816,1r2J0FT_xtCB8c7mUYb-LXVoVDLXL82Yh,application/msword,1,pending,2025-11-09T04:56:57.858019,
389,/Shlichus Programing/Adult Education/History/History Through the Texts,History - Oral Law.doc,document,34304,1VqliLMBKAh2BsufexlZfbbkJpBeUeWpb,application/msword,1,pending,2025-11-09T04:56:57.868021,
390,/Shlichus Programing/Adult Education/History/The Mystical Tradition Class Series,Hasidic dynasties chart.docx,document,538010,130EottmrA-7czx0zyDofhWhRPdQskT_M,application/vnd.openxmlformats-officedocument.wordprocessingml.document,1,pending,2025-11-09T04:56:57.877017,
391,/Shlichus Programing/Adult Education/History/The Mystical Tradition Class Series,pre chassidisim overview.docx,document,31395,1HYHUOHlIMzyMK6muRq2S_x6_Taj-R457,application/vnd.openxmlformats-officedocument.wordprocessingml.document,1,pending,2025-11-09T04:56:57.888017,
392,/Shlichus Programing/Adult Education/History/The Mystical Tradition Class Series,sefad greats.docx,document,62686,1UcejmUKsw6oQmwvCIY8WZ4kYKrT9T8bo,application/vnd.openxmlformats-officedocument.wordprocessingml.document,1,pending,2025-11-09T04:56:57.897017,
393,/Shlichus Programing/Adult Education/History/The Mystical Tradition Class Series,Rabbi Shimon Bar Yochai bio.docx,document,21070,1UD4y4R_KbJbbS7XGPZtyqpRvC64kVzNI,application/vnd.openxmlformats-officedocument.wordprocessingml.document,1,pending,2025-11-09T04:56:57.906019,
394,/Shlichus Programing/Adult Education/History/The Mystical Tradition Class Series,miller on The Zohar.docx,document,47813,1ZlJjSFgntA7X816iMAF5CvY8FXjojsgq,application/vnd.openxmlformats-officedocument.wordprocessingml.document,1,pending,2025-11-09T04:56:57.917017,
395,/Shlichus Programing/Adult Education/History/The Mystical Tradition Class Series,timeframe3.docx,document,29526,1P8eEZfoBwNN2TzwM1cUDGMgokTQZlFlR,application/vnd.openxmlformats-officedocument.wordprocessingml.document,1,pending,2025-11-09T04:56:57.925024,
396,/Shlichus Programing/Adult Education/History/The Mystical Tradition Class Series,TIMEFRAME2.docx,document,18684,10KKhrJaOydFzGFyaMdh_lkZRBS8kYYZU,application/vnd.openxmlformats-officedocument.wordprocessingml.document,1,pending,2025-11-09T04:56:57.934019,
397,/Shlichus Programing/Adult Education/History/The Mystical Tradition Class Series,TIMEFRAMEfinal.docx,document,90861,12N7o0Xe46b1oqx7LMreaxaoeXl_jmGxM,application/vnd.openxmlformats-officedocument.wordprocessingml.document,1,pending,2025-11-09T04:56:57.947071,
398,/Shlichus Programing/Adult Education/History/The Mystical Tradition Class Series,chasidus handout.docx,document,836598,1MKIaEdsdCAeuSg5JKUq-FOjomDw3TRmZ,application/vnd.openxmlformats-officedocument.wordprocessingml.document,1,pending,2025-11-09T04:56:57.959069,
399,/Shlichus Programing/Adult Education/History/The Mystical Tradition Class Series,handout for sefad greats.docx,document,46190,1wEHwEWG9mlp2k5cfYPsb4stRd-PJclyq,application/vnd.openxmlformats-officedocument.wordprocessingml.document,1,pending,2025-11-09T04:56:57.969067,
400,/Shlichus Programing/Adult Education/History/The Mystical Tradition Class Series,handout for rishonim.docx,document,1078855,1hty2SnYDIonWjYwsDnqHpztQdXocl2eZ,application/vnd.openxmlformats-officedocument.wordprocessingml.document,1,pending,2025-11-09T04:56:57.980075,
401,/Shlichus Programing/Adult Education/History/The Mystical Tradition Class Series,handout yetzira bahir zohar.docx,document,98285,1M5aaB4kbSjPxZkv9SheCNfaOddA2mkBN,application/vnd.openxmlformats-officedocument.wordprocessingml.document,1,pending,2025-11-09T04:56:57.991114,
402,/Shlichus Programing/Adult Education/History/The Mystical Tradition Class Series,handout torah & Talmud.docx,document,119740,1MruEeVDrqsTx48m52tsPly7xJduiuHIq,application/vnd.openxmlformats-officedocument.wordprocessingml.document,1,pending,2025-11-09T04:56:58.002075,
403,"/Shlichus Programing/Adult Education/History/Wasn't it Forbidden for G-d to Destroy the Temple?  vol. 29, pp. 9-17",Forbidden+to+Destroy+Temple.pub,other,117248,1q6jXwlnB9JsuRTbKPPqVh1ft_xfxyFXU,application/vnd.ms-publisher,1,pending,2025-11-09T04:56:58.014068,
404,"/Shlichus Programing/Adult Education/History/Wasn't it Forbidden for G-d to Destroy the Temple?  vol. 29, pp. 9-17",Forbidden to Destroy Temple.pdf,document,461028,1tO0Iz_ACMdGMj0jhE65wQwAT_NBHmYA-,application/pdf,1,pending,2025-11-09T04:56:58.025070,
405,/Shlichus Programing/Adult Education/History,judasim_and_christianity.doc,document,33280,19PXA2vHVG76QZ-6GgTP2kCNeKI3uT7JO,application/msword,1,pending,2025-11-09T04:56:58.035066,
406,/Shlichus Programing/Adult Education/History,6000 years of History.ppt,other,1151488,1eBd8iMiCc5m64NJTfWP9oYWyHUUeQr9y,application/vnd.ms-powerpoint,1,pending,2025-11-09T04:56:58.045067,
407,/Shlichus Programing/Adult Education/History,7000 years history chart.xls,spreadsheet,20480,1AMecLU04E3_bWvr4tnQX9VEdMBysU2kb,application/vnd.ms-excel,1,pending,2025-11-09T04:56:58.057070,
408,/Shlichus Programing/Adult Education/History,Jewish History Spain.ppt,other,1708032,1GSvpC_S90jeDBhxFdOsKKyuYmnKTLQD7,application/vnd.ms-powerpoint,1,pending,2025-11-09T04:56:58.069068,
409,/Shlichus Programing/Adult Education/History,Israel the History the Wars the Laws.docx,document,214110,1ymeReBmRdHJbQ-8UUWWR5yOgxOUNdnYI,application/vnd.openxmlformats-officedocument.wordprocessingml.document,1,pending,2025-11-09T04:56:58.084067,
410,/Shlichus Programing/Adult Education/History,AMOS INFO.doc,document,77312,1FB9ptN4o_eh3MQjBofDLz9o55tO4Z9y_,application/msword,1,pending,2025-11-09T04:56:58.095068,
411,/Shlichus Programing/Adult Education/History,True Torah.docx,document,27037,1v33-Fz-sMwkW0cxJmkeVmILEhcycG04M,application/vnd.openxmlformats-officedocument.wordprocessingml.document,1,pending,2025-11-09T04:56:58.108068,
412,/Shlichus Programing/Adult Education/History,True Torah.pptx,other,4400700,1WIwRH_leP43TOexiu2pYpg-wWYn9NRsl,application/vnd.openxmlformats-officedocument.presentationml.presentation,1,pending,2025-11-09T04:56:58.118065,
413,/Shlichus Programing/Adult Education/History,History Class - David HaMelech To The Ten Lost Tribes.docx,document,45413,17_EuFMWjK9a6TM18FWzYgeYLxmXV04wA,application/vnd.openxmlformats-officedocument.wordprocessingml.document,1,pending,2025-11-09T04:56:58.129070,
414,/Shlichus Programing/Adult Education/History/ Class on Ezra and the Change in Hebrew Script and Alphabet,ezra notes.doc,document,44032,1UK8Z4netnZ2TQvrQ4hzekQHwudDau1X5,application/msword,1,pending,2025-11-09T04:56:58.140068,
415,/Shlichus Programing/Adult Education/History/ Class on Ezra and the Change in Hebrew Script and Alphabet,ezra class handout.doc,document,169472,1CfwhIP3Ur-hI86xY5XTSoKo4CZLFxmI5,application/msword,1,pending,2025-11-09T04:56:58.153066,
416,/Shlichus Programing/Adult Education/History/ Class on Ezra and the Change in Hebrew Script and Alphabet,ezra class articles.pdf,document,6171605,1s2QubRSZfWoF3prmIUHxYfNCIwOcMdhg,application/pdf,1,pending,2025-11-09T04:56:58.164067,
417,/Shlichus Programing/Adult Education,Amazing Gematriya and Remazim.docx,document,45984,1aI0qIMr10LJ6OwWsLhlDSFqOdHC9ioqj,application/vnd.openxmlformats-officedocument.wordprocessingml.document,1,pending,2025-11-09T04:56:58.176073,
418,/Shlichus Programing/Adult Education/Medical & Halacha,Shiur notes for organ transplants (UChicago Brackman).doc,document,53760,1HQRfp_ozOP083D_wchibq27exFx2Y1u8,application/msword,1,pending,2025-11-09T04:56:58.190073,
419,/Shlichus Programing/Adult Education/Medical & Halacha,Med n munch - class1 HandOut.doc,document,29184,10GU11odzkLOsNPGqMxNR_fpfF3__q-eS,application/msword,1,pending,2025-11-09T04:56:58.203067,
420,/Shlichus Programing/Adult Education/Medical & Halacha,Med n munch - class1 Teacher.doc,document,58368,1mcNMtgASHhrZ9LNcFiGx4wHQlH5QBwUw,application/msword,1,pending,2025-11-09T04:56:58.240069,
421,/Shlichus Programing/Adult Education/Medical & Halacha,Med n munch - class #1 5767 handout.doc,document,28672,1e5usAazeOK3sHWnP8FMFP7ZPdSICGtms,application/msword,1,pending,2025-11-09T04:56:58.253068,
422,/Shlichus Programing/Adult Education/Medical & Halacha,Med n munch - Class#1 5767.doc,document,46592,1HJyDyRVtMjRet8R29hp8SYCGX0pvUjdB,application/msword,1,pending,2025-11-09T04:56:58.264073,
423,/Shlichus Programing/Adult Education/Medical & Halacha,Med n Munch 5766 - Handout Euthanasia.doc,document,30720,1TsZz7qv8YQggsxrg9tCHlGzCUHw99uJP,application/msword,1,pending,2025-11-09T04:56:58.279074,
424,/Shlichus Programing/Adult Education/Medical & Halacha,Med n munch - 5766 brain death controversy.doc,document,56832,1pJB7hmgEZ9WtEqEldqFpQBz9Zg3IZXvq,application/msword,1,pending,2025-11-09T04:56:58.293067,
425,/Shlichus Programing/Adult Education/Medical & Halacha,Med n munch - Immunizations Handout.doc,document,27648,1lzF9JK4AxVzsQzlAz2L1kC9jN2T5IVI0,application/msword,1,pending,2025-11-09T04:56:58.306071,
426,/Shlichus Programing/Adult Education/Medical & Halacha,Med N Munch - Immunizations 2006.doc,document,57344,1gLiPbcZPONjBeuQ_6d5N8iqpRyTtatNt,application/msword,1,pending,2025-11-09T04:56:58.323068,
427,/Shlichus Programing/Adult Education/Medical & Halacha,Med N Munch - medical experiments source sheet.doc,document,29696,16e0tD9nc6MmnDcioa8hh3SD7Zeg7hRww,application/msword,1,pending,2025-11-09T04:56:58.333068,
428,/Shlichus Programing/Adult Education/Medical & Halacha,Med N Munch - Medical experiments.doc,document,76800,1ffK45uikBurDFkfW2WD_kJaVBkB8s9Ls,application/msword,1,pending,2025-11-09T04:56:58.345071,
429,/Shlichus Programing/Adult Education/Medical & Halacha,Med N Munch - Organ donation source sheet.doc,document,28672,13JONFz8OOwQqU_a-OpI3C-3hz5J8DN63,application/msword,1,pending,2025-11-09T04:56:58.355069,
430,/Shlichus Programing/Adult Education/Medical & Halacha,Med N Munch - organ donation.doc,document,61952,11c4azqnC20zCqclMCvMVv81HlB0ryyXW,application/msword,1,pending,2025-11-09T04:56:58.369067,
431,/Shlichus Programing/Adult Education/Medical & Halacha,Med N Munch-  Proff. Conf. Handout.doc,document,32768,1HLMwMCZokH89vGFFZj7mj6ssE6GBPVlZ,application/msword,1,pending,2025-11-09T04:56:58.380067,
432,/Shlichus Programing/Adult Education/Medical & Halacha,Med N Munch - Professional confidentiality.doc,document,46080,1PCeQ1Cral1FmAMwZA7BZPGe7DiL9fQDj,application/msword,1,pending,2025-11-09T04:56:58.392073,
433,/Shlichus Programing/Adult Education/Medical & Halacha,Med N Munch - Stumbling Block Hand-Out (1).doc,document,29696,14VksNXiu4-PBMtJURLkm6DHOdjIxw4le,application/msword,1,pending,2025-11-09T04:56:58.402077,
434,/Shlichus Programing/Adult Education/Medical & Halacha,Med N Munch - Stumbling Block (1).doc,document,35328,1AVMiNxqCdwJyXUBDUdLC8tfZdqPe9D8x,application/msword,1,pending,2025-11-09T04:56:58.413068,
435,/Shlichus Programing/Adult Education/Medical & Halacha,Med n munch - aids 2006 handout.doc,document,29696,1ymbFJHPkEOkDmTH39NWaIo6_majS0PLq,application/msword,1,pending,2025-11-09T04:56:58.423068,
436,/Shlichus Programing/Adult Education/Medical & Halacha,Med n munch - aids 2006.doc,document,53760,1EPJIWnd8AdXYZhLxPzkFQeSxNjIt5bkx,application/msword,1,pending,2025-11-09T04:56:58.436068,
437,/Shlichus Programing/Adult Education/Medical & Halacha,Med n munch - Class#2 5767 Handout.doc,document,32256,1xdHG16yN-51814nluVyYvg6QQDAp4QPC,application/msword,1,pending,2025-11-09T04:56:58.448067,
438,/Shlichus Programing/Adult Education/Medical & Halacha,Med n munch - Class#2 5767.doc,document,49152,1aNYh_9LQSNqTIUfAPVdAgLxrTc-DBsmd,application/msword,1,pending,2025-11-09T04:56:58.461068,
439,/Shlichus Programing/Adult Education/Medical & Halacha,euthanasia (1).pdf,document,262712,1GQDfQMqzqbthGMAyroqJ82jozQ-dCrVi,application/pdf,1,pending,2025-11-09T04:56:58.472067,
440,/Shlichus Programing/Adult Education/Medical & Halacha,Hospice Talk - Q & A - 2530.pub,other,64000,1lFX15ehprE011G10aIlfSSKNfhGTDXrp,application/vnd.ms-publisher,1,pending,2025-11-09T04:56:58.484068,
441,/Shlichus Programing/Adult Education/Medical & Halacha,Hospice Care Talk Outline - 2530.doc,document,27136,1lLwdSQqgOj644NO8j45EVrAOIrGR_Cxc,application/msword,1,pending,2025-11-09T04:56:58.494067,
442,/Shlichus Programing/Adult Education/Medical & Halacha,Invocation For Medical Meeting 2 - 18975.docx,document,12764,1Mqf3p5itiOS9uS3RoM1Su0rI0lx3DUIB,application/vnd.openxmlformats-officedocument.wordprocessingml.document,1,pending,2025-11-09T04:56:58.505070,
443,/Shlichus Programing/Adult Education/Medical & Halacha,Invocation For Medical Meeting 1 - 18975.docx,document,13933,1YUndkVJSoUfKLwRrjWcv60vWn1GJ7Iox,application/vnd.openxmlformats-officedocument.wordprocessingml.document,1,pending,2025-11-09T04:56:58.515068,
444,/Shlichus Programing/Adult Education/Medical & Halacha,Med N Munch - Stumbling Block.doc,document,35328,1i0fQkpo9Up6_fI0EnNwFWpr2DNa8Gpns,application/msword,1,pending,2025-11-09T04:56:58.529075,
445,/Shlichus Programing/Adult Education/Medical & Halacha,Med N Munch - Stumbling Block Hand-Out.doc,document,29696,11jkrYpuYggCDt5wuaVQDwE_tkUUUuCcj,application/msword,1,pending,2025-11-09T04:56:58.543068,
446,/Shlichus Programing/Adult Education/Medical & Halacha,euthanasia.pdf,document,262712,12-BWMKw0tsbPtwIG0W-cM2MXBeu76wsF,application/pdf,1,pending,2025-11-09T04:56:58.554067,
447,/Shlichus Programing/Adult Education/Prayers/Class Series on Prayer-Brochos,Class on Prayer 5.doc,document,104448,1qhYtQCDfS4gr4OLRHPt6PYyWQzUUf6xQ,application/msword,1,pending,2025-11-09T04:56:58.564071,
448,/Shlichus Programing/Adult Education/Prayers/Class Series on Prayer-Brochos,Class on Prayer 4 - next 7 blessings.doc,document,58368,1wZjzvLWmgUpb8Swy1AHYdN55BqjLO3pZ,application/msword,1,pending,2025-11-09T04:56:58.573069,
449,/Shlichus Programing/Adult Education/Prayers/Class Series on Prayer-Brochos,class on prayer 3 - hanosein lasechvi.doc,document,52224,1JGdj6mgVVX4936U_1HW_0CIDlZBmt69N,application/msword,1,pending,2025-11-09T04:56:58.583068,
450,/Shlichus Programing/Adult Education/Prayers/Class Series on Prayer-Brochos,class on prayer 2 - little neshomale song.docx,document,12817,1tazl0_1a2TLSnPe_sqRLmkKbr6ljP56D,application/vnd.openxmlformats-officedocument.wordprocessingml.document,1,pending,2025-11-09T04:56:58.595073,
451,/Shlichus Programing/Adult Education/Prayers/Class Series on Prayer-Brochos,class on prayer 2 - asher yatzar - elokai neshoma.doc,document,54784,13et3uoYpegfMT7-VCWzHVcX9nM-pLnYj,application/msword,1,pending,2025-11-09T04:56:58.604067,
452,/Shlichus Programing/Adult Education/Prayers/Class Series on Prayer-Brochos,class on prayer 1 - modeh ani - al netilat yadayim.doc,document,62976,1Mon418GLwDRqWuMJ9S9I2pR5Ci0DeNZx,application/msword,1,pending,2025-11-09T04:56:58.614068,
453,/Shlichus Programing/Adult Education/Prayers/Class Series on Prayer-Brochos,class on intro to prayer - part II.doc,document,59904,1sDZ2_XCi6wx4nV2IrJ9cpBwzoMqjmzDx,application/msword,1,pending,2025-11-09T04:56:58.627067,
454,/Shlichus Programing/Adult Education/Prayers/Class Series on Prayer-Brochos,Class on Intro to prayer.doc,document,46592,1PcHG-TRtFLpV3CX0G6gggwJ2keXyKiHd,application/msword,1,pending,2025-11-09T04:56:58.637068,
455,/Shlichus Programing/Adult Education/Prayers,Lunch and Learn - Prayer # 1.doc,document,53760,14JFinmGXQqR9DWFZBcEg-i4iTr5ie51S,application/msword,1,pending,2025-11-09T04:56:58.648083,
456,/Shlichus Programing/Adult Education/Prayers,Prayers & Meditations for Healing.docx,document,18115,11rahg-zdfzt_MgPyALh10uoAs4TaZQF3,application/vnd.openxmlformats-officedocument.wordprocessingml.document,1,pending,2025-11-09T04:56:58.660068,
457,/Shlichus Programing/Adult Education/Prayers,Tehillim class.pub,other,145920,1wsk1V4O1nRoJvc3tpAeqnfG_8sVjyZ7A,application/vnd.ms-publisher,1,pending,2025-11-09T04:56:58.672067,
458,/Shlichus Programing/Adult Education/Prayers,Twelve Names.doc,document,63488,14TEYrVA76yddngcWElSHGQq7VWihbESH,application/msword,1,pending,2025-11-09T04:56:58.685068,
459,/Shlichus Programing/Adult Education/Prayers,TORAH MATTERS On the scientifcally proven power of prayer sources.docx,document,53255,11LoyK-3w4cBKDB45s08JNUo-jyTesbhS,application/vnd.openxmlformats-officedocument.wordprocessingml.document,1,pending,2025-11-09T04:56:58.697069,
460,/Shlichus Programing/Adult Education/Prayers,Davening with a minyan.doc,document,81408,16nqlrCPI669ZHdBY4ww2zObYoeeydbd5,application/msword,1,pending,2025-11-09T04:56:58.708023,
461,/Shlichus Programing/Adult Education/Prayers,Shaḥarit-Morning-Nusaḥ-Ha-Ari-ḤaBaD.odt,document,165540,1FVTD8NmQxdr5jwi_uXZpbmcB2Jfs-cc-,application/vnd.oasis.opendocument.text,1,pending,2025-11-09T04:56:58.721939,
462,/Shlichus Programing/Adult Education/Prayers,Shiur on Tehillim  - Teachers Notes.docx,document,41879,18SJ33luzhhI6kHPi7z914gCUEF0Cy0ex,application/vnd.openxmlformats-officedocument.wordprocessingml.document,1,pending,2025-11-09T04:56:58.732752,
463,/Shlichus Programing/Adult Education/Prayers/prayers series,Course Intro.doc,document,20992,1psClR8GJZxUUWtu2jGkDl7EYJqBeR4cb,application/msword,1,pending,2025-11-09T04:56:58.743991,
464,/Shlichus Programing/Adult Education/Prayers/prayers series,"Class 2: Language of Prayer, Kavana.doc",document,37376,1kaIpbqfBUcncNeJ1IJidA8OBebeapCvk,application/msword,1,pending,2025-11-09T04:56:58.755994,
465,/Shlichus Programing/Adult Education/Prayers/prayers series/Class 3: What is Prayer,Class 3: What is Prayer/Why Pray?.doc,document,26624,16UkQbkDRvC3Ch6qStFAmuJKcqWD8OwXe,application/msword,1,pending,2025-11-09T04:56:58.767065,
466,/Shlichus Programing/Adult Education/Prayers/prayers series,"Class 5: Structure of Prayer, Preparing for Prayer, The Morning Blessings.doc",document,44544,1hJFDVF3GpXUPoro_a-mlVXcx5L9CCktV,application/msword,1,pending,2025-11-09T04:56:58.779063,
467,/Shlichus Programing/Adult Education/Prayers/prayers series,Ladder of prayer.pdf,document,6458566,1NZcsMgq3kous6xAgFJaQLbBokS-igzV3,application/pdf,1,pending,2025-11-09T04:56:58.791065,
468,/Shlichus Programing/Adult Education/Prayers/prayers series,Guide to the Shabbat prayer service.doc,document,26624,1j-GS1rtEOSRqDlMlyaybJvEF-fHT_D1v,application/msword,1,pending,2025-11-09T04:56:58.804063,
469,/Shlichus Programing/Adult Education/Prayers/prayers series,Class 4: What do our Prayers Accomplish?,document,34816,1_0GwjFMhKtR7y2sM6oaynbV4KclUyh9F,application/msword,1,pending,2025-11-09T04:56:58.815064,
470,/Shlichus Programing/Adult Education/Prayers/prayers series,Class 1: In the Begining.doc,document,28160,16T-W87Y9ZGCKKzPxiwiWd4nFgUZ-n8jA,application/msword,1,pending,2025-11-09T04:56:58.826767,
471,/Shlichus Programing/Adult Education/Prayers/prayers series,Class 9 prayer-Ma Tovu- Adon Olam.doc,document,22528,1QSQ8cjjSBBIYEj-iKKEtYNzyDy3QqP2t,application/msword,1,pending,2025-11-09T04:56:58.850767,
472,/Shlichus Programing/Adult Education/Prayers/prayers series,Class 8 prayer (morning blessings part 3).doc,document,24576,1Q3fSZT1F1mba0ZBqltDJhA93L-481K9d,application/msword,1,pending,2025-11-09T04:56:58.864766,
473,/Shlichus Programing/Adult Education/Prayers/prayers series,Class 6 and 7 The Morning Blessings.doc,document,31232,136qAjuh-4VhEl2ULHrIB3_jcuHMmFuSu,application/msword,1,pending,2025-11-09T04:56:58.878766,
474,/Shlichus Programing/Adult Education/Prayers/prayers series,Class 11 prayer-shema part 1.doc,document,35840,14_bujUvXhhXgbcVOOvNDMzsYxfeaxZfo,application/msword,1,pending,2025-11-09T04:56:58.897767,
475,/Shlichus Programing/Adult Education/Prayers/prayers series,Class 12 Prayer-Amidah Part 1.doc,document,28672,1Iq7Qpm1FFue609E2xYIsrj9d23ImCXgF,application/msword,1,pending,2025-11-09T04:56:58.914767,
476,/Shlichus Programing/Adult Education/Prayers/prayers series,Class 12 Amidah part 2.doc,document,26112,1dHb5Wm6l0eRJWqxYnOf3HfKkzvdGGPE4,application/msword,1,pending,2025-11-09T04:56:58.929768,
477,/Shlichus Programing/Adult Education/Prayers/prayers series,Class 10 Pesukai Dizimrah.doc,document,24064,1YJO8nKF6UB5tPZtKrseVp33Kizqvjawz,application/msword,1,pending,2025-11-09T04:56:58.945765,
478,/Shlichus Programing/Adult Education/Prayers/Amida,Amida+Shiur.cdr,image,918324,1BZ2UpJQMLNIZPPZuSrmKjJpvkPsnFdCT,image/x-coreldraw,1,pending,2025-11-09T04:56:58.961767,
479,/Shlichus Programing/Adult Education/Prayers/Amida,Amida Shiur Student's Guide 3.docx,document,20348,1k7J67ERG_gh84fOixhtPosyXiw1G-mWe,application/vnd.openxmlformats-officedocument.wordprocessingml.document,1,pending,2025-11-09T04:56:58.976766,
480,/Shlichus Programing/Adult Education/Prayers/Amida,Amida Shiur Teacher's Guide 3.docx,document,24019,1wrxPRqk-1LyDstN8fim491ERpGs1c7qf,application/vnd.openxmlformats-officedocument.wordprocessingml.document,1,pending,2025-11-09T04:56:58.993765,
481,/Shlichus Programing/Adult Education/Prayers/Amida,Amida Shiur Student's Guide 2.docx,document,26246,1YLc_hmjkD-S0W8IJxT-zoi6itgEPSm9x,application/vnd.openxmlformats-officedocument.wordprocessingml.document,1,pending,2025-11-09T04:56:59.012765,
482,/Shlichus Programing/Adult Education/Prayers/Amida,Amida Shiur Teacher's Guide 2.docx,document,30925,1_w8YcJlrepuDw9UszQaKROI20NDjF12A,application/vnd.openxmlformats-officedocument.wordprocessingml.document,1,pending,2025-11-09T04:56:59.030765,
483,/Shlichus Programing/Adult Education/Prayers/Amida,Amida Shiur Student's Guide 1.docx,document,25483,1o00rMRJG5WBprhIzrmJjRECw_zzaWojm,application/vnd.openxmlformats-officedocument.wordprocessingml.document,1,pending,2025-11-09T04:56:59.045767,
484,/Shlichus Programing/Adult Education/Prayers/Amida,Amida Shiur Teachers's Guide 1.docx,document,89939,1N5ugQhuaDNppsXM1cZYrzr-u8eVHkwc8,application/vnd.openxmlformats-officedocument.wordprocessingml.document,1,pending,2025-11-09T04:56:59.061770,
485,/Shlichus Programing/Adult Education/Hebrew Reading,how to teach aleph bies in Movo Likriya.docx,document,14368,1CfqlHeSzjIfA6cYsaMDnuEkDZgNOFq4Y,application/vnd.openxmlformats-officedocument.wordprocessingml.document,1,pending,2025-11-09T04:56:59.074766,
486,/Shlichus Programing/Adult Education/Hebrew Reading,Hebew Reading,google_doc,1024,11K0BEcQz9AMeanmkp04SwII4pNv45y9vvpbNr6NfJCg,application/vnd.google-apps.document,1,pending,2025-11-09T04:56:59.090766,
487,/Shlichus Programing/Adult Education/Hebrew Reading,Alef Bet Chart no english.pdf,document,21781,1fMdeW5Bm66gRqxRoEadJEZ3ZNKkLqKzX,application/pdf,1,pending,2025-11-09T04:56:59.107766,
488,/Shlichus Programing/Adult Education/Hebrew Reading,Alef Bais hints for Hebrew school.doc,document,52736,1esZSzu6NrGmgah5abX8zuiFtW5eEYZA7,application/msword,1,pending,2025-11-09T04:56:59.123768,
489,/Shlichus Programing/Adult Education/Hebrew Reading,Alef Bet Chart w hebrew.pdf,document,32368,1xquFtFymC4Tw1rMgwIPnwGU1sJ3YFO22,application/pdf,1,pending,2025-11-09T04:56:59.141765,
490,/Shlichus Programing/Adult Education/Hebrew Reading,Alef+Bet+Chart.pdf,document,31775,1drtG9uEVSdqHQPFXLkKGn3LyrnoN5TOn,application/pdf,1,pending,2025-11-09T04:56:59.156765,
491,/,Programing for the more Spiritual Crowd,google_doc,2102,1QAB5YghWGz_Fk2JPrkpkdsdS4BfKVBlLZsK68A4Lv7g,application/vnd.google-apps.document,1,pending,2025-11-09T04:56:59.173767,
492,/,Kitchen Shortcut Hacks.docx,document,14277,1WZGnVsqx_wBfRf14CxfwvLS_2iLjSD-R,application/vnd.openxmlformats-officedocument.wordprocessingml.document,1,pending,2025-11-09T04:56:59.188766,
493,/,questions ,google_doc,3427,1lAyrAMEoRl1F7SLMDDYTdDxjWEMQr8ywtrmn5GBkL7Q,application/vnd.google-apps.document,1,pending,2025-11-09T04:56:59.203766,
494,/,List of thought questions to use at table or get to know you.docx,document,495458,1ZjHM_OaFSujzykUCVukFBrvxM1P3Jumr,application/vnd.openxmlformats-officedocument.wordprocessingml.document,1,pending,2025-11-09T04:56:59.217772,
495,/,Fruit Personality test.docx,document,138365,1hrFc2XH7Sofwrh2GpP9l7Y8QCUzQ7R2b,application/vnd.openxmlformats-officedocument.wordprocessingml.document,1,pending,2025-11-09T04:56:59.232765,
496,/,Tips on Preparing Women's Shiur(1)-1.pdf,document,359426,1eUaXpa40ccMd__p0uQETUd20fJCBrgBP,application/pdf,1,pending,2025-11-09T04:56:59.247766,
497,/,The 7 Habits Handbook.pdf,document,5057813,1vbZKknU7_Uu-ultIq6c_K4F2a1lTD1UE,application/pdf,1,pending,2025-11-09T04:56:59.261766,
498,/,Rabbi Perl Guide for Caregivers.pdf,document,12814137,1XL1fKHmQKk3cDfasLXw-tedqIuaZ0xeu,application/pdf,1,pending,2025-11-09T04:56:59.284766,
499,/,Lines when a woman wants to shake your hand,google_doc,5206,1SGd0cN9KO87mOWR4UDaosjcnqSUEJ44kRghfYnPIG94,application/vnd.google-apps.document,1,pending,2025-11-09T04:56:59.299768,
500,/,Copy of Canva links,google_doc,5444,10IPJ7QH1P5qs0iZhpfwtFE6rshDDrmUfOEap1JgZuME,application/vnd.google-apps.document,1,pending,2025-11-09T04:56:59.314766,
501,/,Topics for Shluchim Forum,google_sheet,5036,10aE1BaXDazmqd3pA0T4pSX6A_sE7KFAt9Pj5nGp1C14,application/vnd.google-apps.spreadsheet,1,pending,2025-11-09T04:56:59.330765,
502,/,Convienient app for Shluchim,google_doc,1024,1s-ob16F7HsnywJBPjJQd234nW3g82qwsZTgpYTbIzLg,application/vnd.google-apps.document,1,pending,2025-11-09T04:56:59.344766,
503,/Mosad Management,Grants,google_doc,2660,1PACafKEICHOoHo-F8cZ3gFjRXPCkyuKxOmOdVyfiTqE,application/vnd.google-apps.document,1,pending,2025-11-09T04:56:59.355767,
504,/Mosad Management,Virtual assistant,google_doc,1024,1ALoPGwAC4snktn_oK2YVtQFd1NPdste_YSgUYqIfFKw,application/vnd.google-apps.document,1,pending,2025-11-09T04:56:59.370765,
505,/Mosad Management,Copy of Contacts Lists,google_doc,27196,15-gTiyaBrJMY2D2-BccYfcfznH4V6iD0cIu0Xapw8Cw,application/vnd.google-apps.document,1,pending,2025-11-09T04:56:59.386766,
506,/Mosad Management,CRM,google_doc,29421,1UbZRd8UTHB0Pf-8pdmnZzGlZhyGW-w5IQUltFpJhYUU,application/vnd.google-apps.document,1,pending,2025-11-09T04:56:59.403765,
507,/Mosad Management,Time Management ,google_doc,27492,11R_LevvVXkmmxuBe4y7Yb6kzz_vkWXAmULyVAyRL7-M,application/vnd.google-apps.document,1,pending,2025-11-09T04:56:59.418768,
508,/Mosad Management/Camp,Shluchim Talk - Keeping your sanity during camp,google_doc,5770,1-RjqGZ1zv51RGXQBeQkMV1s34aHVYuuZdXwFeFGP-Fc,application/vnd.google-apps.document,1,pending,2025-11-09T04:56:59.433765,
509,/Mosad Management/Camp,Notes from Online Class - Boost Your Program Performance.docx,document,13426,1r53Sn0unX1WbkLtkQNazOde94kLTVPH8,application/vnd.openxmlformats-officedocument.wordprocessingml.document,1,pending,2025-11-09T04:56:59.448765,
510,/Mosad Management/Camp,Camp Questions,google_doc,3654,1j2-nJZkMeWKvhARsDuoy2-vn8Pe9vng-sQFoPDqfEiU,application/vnd.google-apps.document,1,pending,2025-11-09T04:56:59.464769,
511,/Mosad Management/Camp,Starting a camp,google_doc,1024,1AhKNtmlP8Ljp75l3BFvgyqDvUm9RW0mtioHmMzmzZA0,application/vnd.google-apps.document,1,pending,2025-11-09T04:56:59.478765,
512,/Mosad Management/Camp/Camp Activities,Journey in the Shtetl Play,document,54272,106GohdEdulZUKNJSua74YwYA3K12ymeP,application/msword,1,pending,2025-11-09T04:56:59.491767,
513,/Mosad Management/Camp/Camp Activities,specialty weeks at camp?,google_doc,2529,1Mcpare4LboOKOlJNOEDGdT1bd2Nix5IGg9dPUe-u0F0,application/vnd.google-apps.document,1,pending,2025-11-09T04:56:59.508765,
514,/Mosad Management/Camp/Camp Activities,Production Plan.docx,document,19349,1pmLYUglwL6H9BsYGEnL4qTWHnNvslZz_,application/vnd.openxmlformats-officedocument.wordprocessingml.document,1,pending,2025-11-09T04:56:59.525766,
515,/Mosad Management/Camp/Camp Activities,Camp Themes,google_doc,3069,1-75MaLgJW7vp6pyEBfh46g_HBagwA442O4e-Z5_w4Rw,application/vnd.google-apps.document,1,pending,2025-11-09T04:56:59.539766,
516,/Mosad Management/Camp/Scholarships,attachment-0001 (1).doc,document,22528,1cXjkYp12Tc-2kAEaTZDCaasvXnxdl-mP,application/msword,1,pending,2025-11-09T04:56:59.555766,
517,/Mosad Management/Camp/Scholarships,camp scholarship solicitation letter,google_doc,3115,1SPwtyIo6yhL26SKu9rEcmXUvzFUvpPpUuf8S3Wu1t0k,application/vnd.google-apps.document,1,pending,2025-11-09T04:56:59.569766,
518,/Mosad Management/Camp/Scholarships,Summer Solicitation Letter,google_doc,2348,1qjAATotILCyc0xPEERZb5vWW7GZ4KdCFWCkD7bDGyHM,application/vnd.google-apps.document,1,pending,2025-11-09T04:56:59.583766,
519,/Mosad Management/Camp/Scholarships,Camp Scholarship Thank you letter,google_doc,3180,1EdGhf2aKei-mltidhi-3w2gIIjTWwLu_93UwExFZPfs,application/vnd.google-apps.document,1,pending,2025-11-09T04:56:59.600765,
520,/Mosad Management/Camp/Budget,"Shluchim Talk. Day Camp, Fundraising and Budgeting",google_doc,6457,1dCVItfl5WPWJmNP3DPfwVhr0__uRmsfOJ5vNopNnZys,application/vnd.google-apps.document,1,pending,2025-11-09T04:56:59.617765,
521,/Mosad Management/Camp/Budget,Bus counts for trips,google_doc,1673,1CAOSp_jm8OyLlVAfxKr-3F8UqDxFaETD3U-Ifzb1c-s,application/vnd.google-apps.document,1,pending,2025-11-09T04:56:59.632765,
522,/Mosad Management/Camp/Budget,Camp Budgeting,google_doc,3482,16crijm5L4A01hZ_I-UEu6YFJp80E4zGIg5jbWX2UO-4,application/vnd.google-apps.document,1,pending,2025-11-09T04:56:59.645765,
523,/Mosad Management/Camp/Post-Camp/Retaining Campers,Camp Survey,google_doc,3554,1dBO0DGOtVsuESynX011V37N_6UfjatuXwGCC1qpbkKQ,application/vnd.google-apps.document,1,pending,2025-11-09T04:56:59.658767,
524,/Mosad Management/Camp/Post-Camp/Retaining Campers,"(Shlomo Uminer, Palm City, FL) Camp Gan Israel Evaluation Sheet 2008",google_doc,3181,17E9V00kvzdpJX49ffghbpBwYox4mX5qWuTkWrcM947w,application/vnd.google-apps.document,1,pending,2025-11-09T04:56:59.671764,
525,/Mosad Management/Camp/Post-Camp/Retaining Campers,Camp Survey,google_doc,1915,1lhPRkB_g1Eh25d3GgX2HtkDs5RoV2u_aPd_n-65Vb3U,application/vnd.google-apps.document,1,pending,2025-11-09T04:56:59.685764,
526,/Mosad Management/Camp/Recruitment/Registration,Camp Open House,google_doc,5153,1mBHA4htui-sBTsZLhBQgWdh1_oPC41PhNNf9TOpoS94,application/vnd.google-apps.document,1,pending,2025-11-09T04:56:59.699766,
527,/Mosad Management/Camp/Recruitment/Registration,email templates for camper recruitment,google_doc,2654,1-rP1_xy642yf36Vny5b94aRSjlIoJXH-iTcfY2f2mV0,application/vnd.google-apps.document,1,pending,2025-11-09T04:56:59.713764,
528,/Mosad Management/Camp/Recruitment/Registration,Health form,google_doc,2827,115bRpDwuuKOkJmSVHsNo1MTPuNYofki2NNYkk7hfCqI,application/vnd.google-apps.document,1,pending,2025-11-09T04:56:59.728764,
529,/Mosad Management/Camp/Recruitment/Registration,very highly allergic,google_doc,2663,1JSVwYOHvl9Ge8QiDuANSRt8-BCG_-TrqwU9jrqYiG2A,application/vnd.google-apps.document,1,pending,2025-11-09T04:56:59.741766,
530,/Mosad Management/Camp/Recruitment/Registration,avoiding last min registrations?,google_doc,1990,1RrME0RQionNOkbVITdY0G-JdV6ANUqbMq54EIg5jXII,application/vnd.google-apps.document,1,pending,2025-11-09T04:56:59.754765,
531,/Mosad Management/Camp/Recruitment/Registration,seeking professionally designed parent handbook,google_doc,2947,1A_FwqKttZOeq2ZNQ2THVqmfPecuSdgXWSoi26hwFrq0,application/vnd.google-apps.document,1,pending,2025-11-09T04:56:59.766767,
532,/Mosad Management/Camp/Recruitment/Registration,Camp Form Letter.docx,document,36013,1fqJd9ms94Kl7kyhFt_UAySDzS7u1UNYG,application/vnd.openxmlformats-officedocument.wordprocessingml.document,1,pending,2025-11-09T04:56:59.779765,
533,/Mosad Management/Camp/Staff,tips counslors appreciation,google_doc,2788,1GSxGgBYoxMvhScmDFhIkyRmGojhQZzvkxLu7bY1Eu3w,application/vnd.google-apps.document,1,pending,2025-11-09T04:56:59.792766,
534,/Mosad Management/Camp/Staff,sports instructor,google_doc,3034,1EuoGtd4F15o7NnyfT22bSNazA-lvvA_LKnZySjMTiH0,application/vnd.google-apps.document,1,pending,2025-11-09T04:56:59.805768,
535,/Mosad Management/Camp/Staff,staff training course???? (shmuly rothman),google_doc,2891,10mL-5S7Bq6-ZfeH0tJIhjnzCvCwg715og98fsEliJgY,application/vnd.google-apps.document,1,pending,2025-11-09T04:56:59.817771,
536,/Mosad Management/Camp/Staff,How much do you pay your counselors,google_doc,2664,1xrTwmzUxyTgRPkSKF1jrkMTUwiVDAF0qASOhzbs_-FQ,application/vnd.google-apps.document,1,pending,2025-11-09T04:56:59.829764,
537,/Mosad Management/Camp/Staff,Dress Code,google_doc,3799,1IEkNbO7FqGW128mWACQM3hPuKZLIyyQnyPqsEi7NhBg,application/vnd.google-apps.document,1,pending,2025-11-09T04:56:59.845765,
538,/Mosad Management/Camp/Staff,Staff Survey.doc,document,270336,1bUAX-K_vkhwRckmdCTM9ZVvHQjjWLHKz,application/msword,1,pending,2025-11-09T04:56:59.859765,
539,/Mosad Management/Camp/Staff,Camp Standards for Counselors,google_doc,2284,18MLBYdgZvObvh68CFBRroBjkdZPr1LNw0bVCz48_ADk,application/vnd.google-apps.document,1,pending,2025-11-09T04:56:59.887766,
540,/Mosad Management/Camp/Staff,Staff Menus 2017.docx,document,19601,1JCRZm2pyK9vRzq6UGltXzmg6VJQNhuBu,application/vnd.openxmlformats-officedocument.wordprocessingml.document,1,pending,2025-11-09T04:56:59.901766,
541,/Mosad Management/Camp,Gan Yisroel Booklet.pdf,document,1591566,180d6sysvNZjHOI6yBFjklp5Vx0ajiVyh,application/pdf,1,pending,2025-11-09T04:56:59.914767,
542,/Mosad Management/Thank You Package,Thank you #1.docx,document,11600,1fuK9DDNXmEfbRwe92L1xOFHekLeV1iKa,application/vnd.openxmlformats-officedocument.wordprocessingml.document,1,pending,2025-11-09T04:56:59.928780,
543,/Mosad Management/Thank You Package,Thank you #2.docx,document,11162,19bZyBldZNd7I0xoSe0C_1mGEINQRn4pF,application/vnd.openxmlformats-officedocument.wordprocessingml.document,1,pending,2025-11-09T04:56:59.942764,
544,/Mosad Management/Thank You Package,Sample Follow Up Plan.docx,document,15304,1jpgrMFOXA80mcWD-hmb6KS1xCSEUqBBU,application/vnd.openxmlformats-officedocument.wordprocessingml.document,1,pending,2025-11-09T04:56:59.956766,
545,/Mosad Management/Thank You Package,Rebbe.pdf,document,1688798,1_QkUYvAr4OQMjmJkCAbCATDLOQA7uQ6s,application/pdf,1,pending,2025-11-09T04:56:59.971767,
546,/Mosad Management/Thank You Package,Thank You Letter Checklist.pdf,document,77904,1wGXZvcsKX7hWfnfO9WDoC8If-Nm_fB-k,application/pdf,1,pending,2025-11-09T04:56:59.983764,
547,/Mosad Management/Thank You Package,Before and After.pdf,document,379038,1dCMeFjGsxS1TNGyyqlmTbVm1hUCaOJ3T,application/pdf,1,pending,2025-11-09T04:56:59.997767,
548,/Mosad Management/Thank You Package,Different Ways to Say Thank You.pdf,document,94799,1uHPlNnB-z_hwcVnJfA5MRyPUR_TaAXhN,application/pdf,1,pending,2025-11-09T04:57:00.010765,
549,/Mosad Management/Thank You Package,Blank Follow Up Plan.docx,document,12974,1KKz9ZfjDKVfC5kvnL6uLSG8uwCy4XUVX,application/vnd.openxmlformats-officedocument.wordprocessingml.document,1,pending,2025-11-09T04:57:00.024766,
550,/Mosad Management/Thank You Package,Intro,google_doc,1391,1zPGj4f1864SyRAEwls_yOmSe6z_0ghvb-flFaS53WNE,application/vnd.google-apps.document,1,pending,2025-11-09T04:57:00.037765,
551,/Mosad Management/Law Enforcement and Public Safety Chaplaincy,Chaplaincy ,google_doc,1024,1lBK6xkVknS9rz5utLYjbjEynTNzE6Modbw4oHLZEde4,application/vnd.google-apps.document,1,pending,2025-11-09T04:57:00.051764,
552,/Mosad Management/Strategic Planning,Starting Out,google_doc,2110,1Z_Z1odNUoIXDl57n-5-26MOtB0fLwFKRjxlqdhc1N-U,application/vnd.google-apps.document,1,pending,2025-11-09T04:57:00.065769,
553,/Mosad Management/Strategic Planning,Strategic Planning,google_doc,3166,1QLYXPkvjFgiWOc_lda2VOxhjiIqfU5bhpAWaatMaKxw,application/vnd.google-apps.document,1,pending,2025-11-09T04:57:00.081765,
554,/Mosad Management/Compass Finance Articles,From Chaos to Clarity How I Cleaned up My Money Mess.pdf,document,1323106,1TEf7VZC31PHugofQNVnBM0XXvWsAFw0t,application/pdf,1,pending,2025-11-09T04:57:00.095769,
555,/Mosad Management/Compass Finance Articles,Lechat'chilah Ariber in Fundraising.pdf,document,670656,12CPYE6p3Q-Q8744ln3sMSbwz4aawx99Q,application/pdf,1,pending,2025-11-09T04:57:00.108768,
556,/Mosad Management/Compass Finance Articles,Yes You Can A Five Point Formula to help You Acquire a Major Gift.pdf,document,1942432,1SWJvT3MdsTgYHQrCY_82NVTIRI2KYQoG,application/pdf,1,pending,2025-11-09T04:57:00.122767,
557,/Mosad Management/Compass Finance Articles,Getting over the Hump (Legacy Gifts).pdf,document,3039230,1wl74bb1rPtJ6R6x_ymorfteQcSzJw-2Y,application/pdf,1,pending,2025-11-09T04:57:00.136766,
558,/Mosad Management/Compass Finance Articles,A Step By Step Guide to Successful Crowdfunding Campaigns.pdf,document,1027002,1wydjaMSoqxE3DP4qPIP4XPlSanREh2SC,application/pdf,1,pending,2025-11-09T04:57:00.150765,
559,/Mosad Management/Compass Finance Articles,What I Would Have Like to Know Before Building My Chabad House.pdf,document,520204,1SKIzGLD0TE72FVsvSB9rtVg5Ra71tosh,application/pdf,1,pending,2025-11-09T04:57:00.164767,
560,/Mosad Management/Compass Finance Articles,3 Crucial Answers About Capital Campaigns part 2.pdf,document,990895,1n9rmp6AtmtkiEXpdSd8nLGkiy4fVpZwP,application/pdf,1,pending,2025-11-09T04:57:00.179765,
561,/Mosad Management/Compass Finance Articles,3 Crucial Answers About Capital Campaigns.pdf,document,2041174,17S91l1f5keM6PMBbRlGh47LCmWic24HX,application/pdf,1,pending,2025-11-09T04:57:00.195765,
562,/Mosad Management/Compass Finance Articles,The Why and How of Direct Solicitation Part 1 The Ask.pdf,document,4398162,17SvOdxNihmn0g7Pq8G2G7aTMQJRUyRhq,application/pdf,1,pending,2025-11-09T04:57:00.211771,
563,/Mosad Management/Compass Finance Articles,The Why and How of Direct Solicitation Part 2.pdf,document,1286950,1pSvQMALJiBWZB8JY1d9PZ6qyF-85BfBH,application/pdf,1,pending,2025-11-09T04:57:00.227766,
564,/Mosad Management/Compass Finance Articles,13 Tips for Fundraising From Tourists and Traveler.pdf,document,21187854,1wEDvPuM_Wlk4omW5yd0jHrqhDo8GgtOQ,application/pdf,1,pending,2025-11-09T04:57:00.242766,
565,/Mosad Management/Compass Finance Articles,What to Include in a Thank You Letter.pdf,document,228214,1EhF-yWwnGWNm2jO3wfgfidTB4zSPQUhC,application/pdf,1,pending,2025-11-09T04:57:00.258765,
566,/Mosad Management/Compass Finance Articles,The Art of Fundraising Through the Lens of the 39 Melachos.pdf,document,1546197,1pTNJc-yOFe-3Dv-znSyzkDbhu_I0CbpJ,application/pdf,1,pending,2025-11-09T04:57:00.274773,
567,/Mosad Management/Compass Finance Articles,"Excuse Me, Are You Friendraised.pdf",document,2540679,1tg5-cekOTlOi3Df6UYsqZMW0FcGtYIB8,application/pdf,1,pending,2025-11-09T04:57:00.289766,
568,/Mosad Management/Compass Finance Articles,Startign a Chai Club Fundraising Project.pdf,document,1187159,1ED3hT3qUXgtKQzvEfOjSejyVmmE0PQdL,application/pdf,1,pending,2025-11-09T04:57:00.305766,
569,/Mosad Management/Compass Finance Articles,My Biggest Money Mistakes.pdf,document,4238764,1DTznq4tuttK7WRnXR9Bk8krfzDeP_ppR,application/pdf,1,pending,2025-11-09T04:57:00.324772,
570,/Mosad Management/Compass Finance Articles,Fundraising for the Shlucha Who'd Rather Not.pdf,document,4391380,1i_nEiOvxB-N-5cjlXvYWMHKnxCdN992L,application/pdf,1,pending,2025-11-09T04:57:00.341765,
571,/Mosad Management/Compass Finance Articles,Do You Know How to Sell Your Building.pdf,document,2145875,1UJbVM0gdBt96lzEMPcqJIROvdZ8aJTUp,application/pdf,1,pending,2025-11-09T04:57:00.360765,
572,/Mosad Management/Compass Finance Articles,"Planning a Budget, Creative Giving.pdf",document,1062668,1X9TIxMjY0jsBdMEKwWkqVS-pPphXhFvj,application/pdf,1,pending,2025-11-09T04:57:00.376766,
573,/Mosad Management/Compass Finance Articles,The 7 Fundraising Habits of Highly Effective Shluchim.pdf,document,602708,1zZlffj9g16mNCHUFZHlbBqyDeqoOjB_h,application/pdf,1,pending,2025-11-09T04:57:00.391769,
574,/Mosad Management/Compass Finance Articles,Saving Your Money Saving Your House.pdf,document,389171,17BrxTZnNWh77y1rSggeFpZWPGjjBkhmT,application/pdf,1,pending,2025-11-09T04:57:00.407767,
575,/Mosad Management/Compass Finance Articles,Cost Cutting Tips.pdf,document,357866,1Fblud21BRCpbFWYOUY83KVYvbgj-UZCG,application/pdf,1,pending,2025-11-09T04:57:00.424767,
576,/Mosad Management/Compass Finance Articles,Money Does Grow on Trees.pdf,document,491221,14KjhhJyBVHbSroXHj77FbLkOvLxsoksE,application/pdf,1,pending,2025-11-09T04:57:00.447770,
577,/Mosad Management/Compass Finance Articles,Caution Gvir Ahead.pdf,document,179588,15nKQ0omoNRw5CO9DuVigJMzlLXUtXuBY,application/pdf,1,pending,2025-11-09T04:57:00.465765,
578,/Mosad Management/Compass Finance Articles,Change You Could Rely On.pdf,document,202706,1oI9_m53i-cC-COL9m28Y_l4DNj6KFlTD,application/pdf,1,pending,2025-11-09T04:57:00.482767,
579,/Mosad Management/Compass Finance Articles,Grants an Corporate Funding.pdf,document,225311,1wp5ORfB7OwWR0rnlOwMZ81ax52fMyJvE,application/pdf,1,pending,2025-11-09T04:57:00.499764,
580,/Mosad Management/Fundraising ,shluchim raffle,google_doc,2065,13CcsvfBWQusxUwBoU-Wmqej1lmxHO3ChTnAYmUVcDg8,application/vnd.google-apps.document,1,pending,2025-11-09T04:57:00.514765,
581,/Mosad Management/Fundraising /Thank You Package - 8 Files,About ,google_doc,1024,1qcgJMIHnbDggKQs1n-LF1fpNEEXeNobBlHQZ-W_tbgY,application/vnd.google-apps.document,1,pending,2025-11-09T04:57:00.532765,
582,/Mosad Management/Fundraising /Thank You Package - 8 Files,Thanks.zip,other,2188705,1BUxiYsTPDTGIjwGAIobLTdOwl9hhZDSl,application/x-zip-compressed,1,pending,2025-11-09T04:57:00.546770,
583,/Mosad Management/Fundraising /Thank You Package - 8 Files,Rebbe (1).pdf,document,1688798,12VQkPPEdkGZM2iIyqv2-w6TTfzY3oW5R,application/pdf,1,pending,2025-11-09T04:57:00.563767,
584,/Mosad Management/Fundraising /Thank You Package - 8 Files,Blank Follow Up Plan.docx,document,12974,1QRM93PFx0dzgjDx_Gqqv2W_pRX01FZ7H,application/vnd.openxmlformats-officedocument.wordprocessingml.document,1,pending,2025-11-09T04:57:00.579764,
585,/Mosad Management/Fundraising /Thank You Package - 8 Files,Different Ways to Say Thank You.pdf,document,94799,1p3MOgmlDouFhJCR2N6mhUdO15_piDn_k,application/pdf,1,pending,2025-11-09T04:57:00.594766,
586,/Mosad Management/Fundraising /Thank You Package - 8 Files,Sample Follow Up Plan.docx,document,15304,1l5R0qqqKYQi1QC6AbM74y2fRiNh0UyjO,application/vnd.openxmlformats-officedocument.wordprocessingml.document,1,pending,2025-11-09T04:57:00.609765,
587,/Mosad Management/Fundraising /Thank You Package - 8 Files,Before and After.pdf,document,379038,1A1qxlrC8fFkBU_suBQpGJL0XMAPEd0k8,application/pdf,1,pending,2025-11-09T04:57:00.623768,
588,/Mosad Management/Fundraising /Thank You Package - 8 Files,Thank you #2.docx,document,11162,14xNBYr6MTp3RUjUeFz0ILmaIdDrz0Nsw,application/vnd.openxmlformats-officedocument.wordprocessingml.document,1,pending,2025-11-09T04:57:00.638768,
589,/Mosad Management/Fundraising /Thank You Package - 8 Files,Thank you #1.docx,document,11600,1evpmAK_zUGlbdVVbflxJn-Hi77J7vwuu,application/vnd.openxmlformats-officedocument.wordprocessingml.document,1,pending,2025-11-09T04:57:00.651765,
590,/Mosad Management/Fundraising /Thank You Package - 8 Files,Thank You Letter Checklist.pdf,document,77904,1IMREYyjAdSBA7PIaZhwVf3ndXSVVd0ve,application/pdf,1,pending,2025-11-09T04:57:00.664770,
591,/Mosad Management/Fundraising /Thank You Package - 8 Files,Rebbe.pdf,document,1688798,1Oys3twTaQjnkhjtnFpHLhS5Vnq5s5Pj2,application/pdf,1,pending,2025-11-09T04:57:00.682765,
592,/Mosad Management/Fundraising /Planned Giving,Sample Bequests for Chabad of Tustin.docx,document,15092,1qIAkwJXdFaDhYGngdUYYP2315Txy8yIJ,application/vnd.openxmlformats-officedocument.wordprocessingml.document,1,pending,2025-11-09T04:57:00.695764,
593,/Mosad Management/Fundraising /Planned Giving,Planned Giving Resource Guide.docx,document,14644,1lROXrxzOolf2V9VcW_ext8BVKYCHDQYk,application/vnd.openxmlformats-officedocument.wordprocessingml.document,1,pending,2025-11-09T04:57:00.709766,
594,/Mosad Management/Fundraising /Planned Giving,Introduction letter for wills.docx,document,12845,1uVe0dXAMio5elzfMiMsHeOL0qRkxx_5C,application/vnd.openxmlformats-officedocument.wordprocessingml.document,1,pending,2025-11-09T04:57:00.724768,
595,/Mosad Management/Fundraising /Planned Giving,Follow up Letter.docx,document,14440,14SgKtDdaRsEnb_Nocv1aj5-lF9sj1Ujb,application/vnd.openxmlformats-officedocument.wordprocessingml.document,1,pending,2025-11-09T04:57:00.741765,
596,/Mosad Management/Fundraising /Planned Giving,Endowment Opportunities for Chabad Institutions.docx,document,15241,1eD_fsfVhoM1V42-sBS9G0qNG4DjOq1aK,application/vnd.openxmlformats-officedocument.wordprocessingml.document,1,pending,2025-11-09T04:57:00.757765,
597,/Mosad Management/Fundraising /Planned Giving,Leave_a_Jewish_Legacy_Handbook_2011.pdf,document,1511741,18JrNUHCcCMo1cjqCxGrgQBZhArmrNdcW,application/pdf,1,pending,2025-11-09T04:57:00.768767,
598,/Mosad Management/Fundraising /Planned Giving,Planned Giving Marketing Plan.docx,document,10739,1QzwImEadDzEQYpalzInlwLC9bw98Kdxw,application/vnd.openxmlformats-officedocument.wordprocessingml.document,1,pending,2025-11-09T04:57:00.784768,
599,/Mosad Management/Fundraising /Planned Giving,Planned Giving Manual and Action Plan (2).docx,document,26855,1gxN7kG1mNWBU7pWOsSn7oAbJRoMUgkIA,application/vnd.openxmlformats-officedocument.wordprocessingml.document,1,pending,2025-11-09T04:57:00.802769,
600,/Mosad Management/Fundraising /Planned Giving,Planned Giving Glossary of Terms.docx,document,18159,1KSpA0iz1BZBCklwEyKHdaNCXViswodLk,application/vnd.openxmlformats-officedocument.wordprocessingml.document,1,pending,2025-11-09T04:57:00.818771,
601,/Mosad Management/Fundraising /Planned Giving,The othe 95% A Closer Look at Planned Giving.pdf,document,352899,12tBjca3BmzzxmPXJor5jdUDP9HbENRpw,application/pdf,1,pending,2025-11-09T04:57:00.831765,
602,/Mosad Management/Fundraising ,Fundraising coachs,google_doc,1024,1-BqW9gx5LUD3e9nV9xeLhXiVsOAZjvV3-rRswiNAWOY,application/vnd.google-apps.document,1,pending,2025-11-09T04:57:00.844768,
603,/Mosad Management/Fundraising ,Thank you Standard (May 2022).dotx,other,367356,1VrKjZWGIcHJroip_vWJv5EIf5f_hUJBp,application/vnd.openxmlformats-officedocument.wordprocessingml.template,1,pending,2025-11-09T04:57:00.858767,
604,/Mosad Management/Fundraising ,thank you letter post pesach pre shvous,google_doc,1024,1_TbGz13WE70XgCVpw0RVsR74T_DPqQC0AjBtGHsOuEA,application/vnd.google-apps.document,1,pending,2025-11-09T04:57:00.875769,
605,/Mosad Management/Fundraising /Calendar,Calendar services ,google_doc,2322,1-59UWS_hkpEDYXgVy2ieSx2_lHzBZir9YtBMF8fj3j4,application/vnd.google-apps.document,1,pending,2025-11-09T04:57:00.887765,
606,/Mosad Management/Fundraising /Calendar,Email for ad,google_doc,1024,1WPFnwPf9yQXKbgJCtrHLUNMqNgGKK5EbvYSXnjKwY0k,application/vnd.google-apps.document,1,pending,2025-11-09T04:57:00.911769,
607,/Mosad Management/Fundraising ,Fundraising Booklet.pub,other,19137024,1hF2AKzYbISv9BzcOf-NoOsezc7oSvD7v,application/vnd.ms-publisher,1,pending,2025-11-09T04:57:00.931765,
608,/Mosad Management,Printing Services,google_doc,2753,1pmCT3DYHMeYcKtJW09-H05M2VFnADXtGvK8mZeUP3qo,application/vnd.google-apps.document,1,pending,2025-11-09T04:57:00.945774,
609,/Mosad Management,Virtual Assistant Job Description.docx,document,17696,1s9xqy3--WfXdbEWRZsRcGAKFG05gWS9a,application/vnd.openxmlformats-officedocument.wordprocessingml.document,1,pending,2025-11-09T04:57:00.964774,
610,/Mosad Management/Advertising,Facebook,google_doc,2615,1-JRJMFA9u2PEZwAP8Bp0XxnufQmI_j5fqOoB3n8OHKY,application/vnd.google-apps.document,1,pending,2025-11-09T04:57:00.982771,
611,/Mosad Management/Advertising,Nextdoor,google_doc,1024,10Q4PfSpBToZfDVhr-bAC8Dal71UWm8GMo88Xx7tPSVI,application/vnd.google-apps.document,1,pending,2025-11-09T04:57:00.998770,
612,/Mosad Management/Advertising,tips for advertising,google_doc,1024,1L09kgKog9LWcrLt7xbSu_CgTYIzYbqitMeYleVvXCYU,application/vnd.google-apps.document,1,pending,2025-11-09T04:57:01.016768,
613,/Mosad Management/Advertising,Email Marketing,google_doc,1024,1JGgVgJYYfGFIkDeuSEO42lZ3TpgBMmaMfX32Y6MC7xo,application/vnd.google-apps.document,1,pending,2025-11-09T04:57:01.035769,
614,/Mosad Management/Advertising/Newspapers ,Newspapers,google_doc,1024,13FpJm6FwickXxHmurUwjAeW-JnB_ZRbQ9RNp23btuLI,application/vnd.google-apps.document,1,pending,2025-11-09T04:57:01.054765,
615,/Mosad Management/Advertising,Copy of Social Media Tips for Chanukah,google_doc,3227,1dNa4brMTMa6EkYeDSmowF_lH5LAg2Z6EZa9y0G_GlRY,application/vnd.google-apps.document,1,pending,2025-11-09T04:57:01.071769,
616,/Mosad Management/Financial/Accounting,Accounting/Bookkeeping,google_doc,2264,1VZ7qTA2wxc951wm9zsByLPmfa0Wnnh2rbDkvBlhrzP8,application/vnd.google-apps.document,1,pending,2025-11-09T04:57:01.091767,
617,/Mosad Management/Financial,CC Processing,google_doc,3356,1Ho52H_8xghiZZlPBGxCtPIbqM3YTBldknH1LZtBKnRs,application/vnd.google-apps.document,1,pending,2025-11-09T04:57:01.109762,
618,/Mosad Management/Financial,Payroll Processing ,google_doc,28760,1CjTAOpvjOdmPsOmemWBeM6yFj8Kz85O42So1Bx3XBjY,application/vnd.google-apps.document,1,pending,2025-11-09T04:57:01.126715,
619,/Mosad Management/Financial/Taxes,Exxon Exemption Cetificate.doc,document,31744,1MQ-r9OKL5oqNoATCXDknZdLMl04miSsr,application/msword,1,pending,2025-11-09T04:57:01.142162,
620,/Mosad Management/Financial/Taxes/Non-Profit,Tax Guide for Churches and Religious Orgs.pdf,document,5402514,17nZ5WNjMZYLllQUOPsGgUYPXhChRCVC1,application/pdf,1,pending,2025-11-09T04:57:01.160156,
621,/Mosad Management/Financial/Taxes/Non-Profit,Chabad Webinar Series - Nonprofit Incorporation.pdf,document,285445,1eOd0kHQ7YlJf4gD7fVBhZCdefSSwuYVi,application/pdf,1,pending,2025-11-09T04:57:01.177153,
622,/Mosad Management/Financial/Taxes,NY DMV Tax Exempt Law.pdf,document,92079,1HILzmG7RJZsIzMleDCqaHPtYvecwyJwl,application/pdf,1,pending,2025-11-09T04:57:01.195153,
623,/Mosad Management/Financial/Mortgage,Mortgages,google_doc,2120,11iR_O8rfd_1AaTnX-9zjRc0boHW97g0Rv8iM088E9Lw,application/vnd.google-apps.document,1,pending,2025-11-09T04:57:01.212376,
624,/Mosad Management/Financial/Mortgage,Forewarned is Forearmed (mortgages).pdf,document,169273,1bjgre9KgjGtC-ZyRDPXz_XT8JShvRLri,application/pdf,1,pending,2025-11-09T04:57:01.227351,
625,/Mosad Management/Financial/Mortgage,The Mortgage Mailbag.pdf,document,78553,16rMSCBpWu7EOIBWvIXZHWBW4RHqDHVtC,application/pdf,1,pending,2025-11-09T04:57:01.244349,
626,/Mosad Management/Financial/Mortgage,Your Home Your Mortgage And Who Can Help You Get It.pdf,document,600079,12COAOiaBE0zLjJhYlqpv12qdL1I9kMpG,application/pdf,1,pending,2025-11-09T04:57:01.259354,
627,/Mosad Management/Financial,Taxes,google_doc,1024,1B2tBTcHfgQl39vhoeyN8ppvKbptkmUJL4pu9yoQ7CX8,application/vnd.google-apps.document,1,pending,2025-11-09T04:57:01.278078,
628,/Mosad Management/Financial,Video Library Quickbooks,google_doc,1024,1TKTXsuSJ42AoHJm5Mqm_AtoRRj0PqFOhoc2hMds7u14,application/vnd.google-apps.document,1,pending,2025-11-09T04:57:01.292290,
629,/Mosad Management/Financial/Insurance,Event Liability Insurance,google_doc,1024,1fUhbSf2WJXPWlZBCNstfK06ofLw2EFV9luOxpf9ju44,application/vnd.google-apps.document,1,pending,2025-11-09T04:57:01.305283,
630,/Mosad Management/Financial/Insurance,Rebbe view on Life Insurance?,google_doc,5075,17IZ9pY7y1LGD0RRAEsJG_ts5gGfsTs3GXRuguYQXKWU,application/vnd.google-apps.document,1,pending,2025-11-09T04:57:01.323284,
631,/Mosad Management/Financial/Insurance,Car insurance,google_doc,1024,1JSlXmEasPKMcPHltmlMbxXkmhw7p5bsrnBhkEL3Up9w,application/vnd.google-apps.document,1,pending,2025-11-09T04:57:01.338972,
632,/Mosad Management/Financial/Insurance,What You Need to Know About Insurance.pdf,document,131549,1R6QwkX5Yp4Smsktczfe-ELsvu4a86Xwd,application/pdf,1,pending,2025-11-09T04:57:01.354008,
633,/Mosad Management/Financial/Insurance,Life Insurance,google_doc,2075,1bKXV5Vn7DS3h_tO-a_jeWm17-Gz1mDpOnxYET8mNuaU,application/vnd.google-apps.document,1,pending,2025-11-09T04:57:01.367007,
634,/Mosad Management/Shul,Shul/ chabad house,other,0,1DwJ_3f9SK5kaGMCsesMiEbTttr-g1BVQ,application/vnd.google-apps.shortcut,1,pending,2025-11-09T04:57:01.384008,
635,/,How Can I Grab Your Attention,google_doc,2621,1-Uiy5_K5rxWIa_L9Nk6YGiAGBR4Tif_ln0OJGaykr_U,application/vnd.google-apps.document,1,pending,2025-11-09T04:57:01.398016,
636,/Around the year/Yom Kippur/Video Library,"Y""K Video Library",google_doc,1024,12zoICHIy1aXB7mDiQoPvTA_CkEuOcbshZqQ24BE-n7k,application/vnd.google-apps.document,1,pending,2025-11-09T04:57:01.412008,
637,/Around the year/Yom Kippur,Untitled document,google_doc,1024,1snbquo8DZEyv2EuS688ivFoGntR6jtxK-n6E2fVsWnw,application/vnd.google-apps.document,1,pending,2025-11-09T04:57:01.426010,
638,/Around the year/Yom Kippur/Sermons/Classes,Shluchim talk. Yom Kippur,google_doc,5479,1NEpi_2JNE4iE4X0UAk5cOhStyyTqDCvX8-oZL_ay-b4,application/vnd.google-apps.document,1,pending,2025-11-09T04:57:01.441039,
639,/Around the year/Yom Kippur/Sermons/Classes/Full Sermons,High Holiday 5771 stories for SHluchim #1.docx.doc,document,38400,19ONMhROGuB4Jl3ss6gMD45jxKK6hH-0I,application/msword,1,pending,2025-11-09T04:57:01.459007,
640,/Around the year/Yom Kippur/Sermons/Classes/Full Sermons,Reflections Love.pdf,document,301994,1N68CSNVx0rY0LDX_lBfTr_VCF2-cU18d,application/pdf,1,pending,2025-11-09T04:57:01.471042,
641,/Around the year/Yom Kippur/Sermons/Classes/Full Sermons,The Secret of Effective Prayer - 1610.docx,document,27353,1CW1dVB2BaEFK9ioQ44pfjjjoH0J90qkN,application/vnd.openxmlformats-officedocument.wordprocessingml.document,1,pending,2025-11-09T04:57:01.484008,
642,/Around the year/Yom Kippur/Sermons/Classes/Full Sermons,ASSORTED YOM KIPPUR VERTLACH - 2405.docx,document,12707,1GndnWSy5OIvLI_Axdy325Btb3Sy0kcaQ,application/vnd.openxmlformats-officedocument.wordprocessingml.document,1,pending,2025-11-09T04:57:01.500009,
643,/Around the year/Yom Kippur/Sermons/Classes/Full Sermons,Light Humorous KN Sermon Using Marriage Metaphor - 1817.doc,document,37376,1m4vJtbmkNU5K2wWBzX3Utr-ODZvb36VY,application/msword,1,pending,2025-11-09T04:57:01.515006,
644,/Around the year/Yom Kippur/Sermons/Classes/Full Sermons,Once a Year Jew.docx,document,10648,1HMRCtRsNd5_as_imDvwg55OxBtoOeek1,application/vnd.openxmlformats-officedocument.wordprocessingml.document,1,pending,2025-11-09T04:57:01.533044,
645,/Around the year/Yom Kippur/Sermons/Classes/Full Sermons,5775 Kol Nidrei Special Needs.docx,document,21303,1wT1EP9rGakFL4cVBcKltf-y-tfSaotW4,application/vnd.openxmlformats-officedocument.wordprocessingml.document,1,pending,2025-11-09T04:57:01.546049,
646,/Around the year/Yom Kippur/Sermons/Classes/Full Sermons,"5776 YK Kol Nidrei Take the Leap, Embrace Change.docx",document,29425,1My7GCkbzb7Y9ihsTroEo4zacwTsjGHpP,application/vnd.openxmlformats-officedocument.wordprocessingml.document,1,pending,2025-11-09T04:57:01.559049,
647,/Around the year/Yom Kippur/Sermons/Classes/Full Sermons,How important are the sermons,google_doc,5569,1PdzEnYldSZG1qDQuaGLvhtn8JjahTPlAkNFg4mxyn8U,application/vnd.google-apps.document,1,pending,2025-11-09T04:57:01.572050,
648,/Around the year/Yom Kippur/Sermons/Classes/Full Sermons,5777 Yizkor Is G-d At The Game.docx,document,20248,1idLf71t_4jNIFYtTJi7MRDE-GVMaMBFi,application/vnd.openxmlformats-officedocument.wordprocessingml.document,1,pending,2025-11-09T04:57:01.589046,
649,/Around the year/Yom Kippur/Sermons/Classes/Full Sermons,WHAT'S THE BIG DEAL ABOUT YIZKOR.docx,document,14816,1w5NP-_GZXi26-IGJ3Q5D2lH9WT_n8MM0,application/vnd.openxmlformats-officedocument.wordprocessingml.document,1,pending,2025-11-09T04:57:01.605045,
650,/Around the year/Yom Kippur/Sermons/Classes/Full Sermons,Night No one is watching.docx,document,18118,1h_T5bYqS2nitI_r8hjbwBdm2ARhe2VXz,application/vnd.openxmlformats-officedocument.wordprocessingml.document,1,pending,2025-11-09T04:57:01.619049,
651,/Around the year/Yom Kippur/Sermons/Classes/Full Sermons,4. Yizkor 5779 -A Sinless Yom Kippur.pdf,document,343492,1aA0dh-tzamrjJQ9ZK9PNDDkpJZyV2yJw,application/pdf,1,pending,2025-11-09T04:57:01.636047,
652,/Around the year/Yom Kippur/Sermons/Classes/Full Sermons,5778 Yizkor You Are Better Than That.docx,document,18752,1UnWAtF2PcFX3--K0-tfyXnW1KF7uJQyp,application/vnd.openxmlformats-officedocument.wordprocessingml.document,1,pending,2025-11-09T04:57:01.654049,
653,/Around the year/Yom Kippur/Sermons/Classes/Full Sermons,5779 Kol Nidrei Five Lessons.docx,document,24899,1T8R1Qyoz9RZK3jXQuGnJPKcp63IeQbNG,application/vnd.openxmlformats-officedocument.wordprocessingml.document,1,pending,2025-11-09T04:57:01.672045,
654,/Around the year/Yom Kippur/Sermons/Classes/Full Sermons,THE LOVE OF OPPOSITE ATTRACTION.docx,document,382874,1XXisNg-eKYs-eTGzPZKbFFCl1OM8PSLp,application/vnd.openxmlformats-officedocument.wordprocessingml.document,1,pending,2025-11-09T04:57:01.688046,
655,/Around the year/Yom Kippur/Sermons/Classes/Full Sermons,5. Neilah 5780.docx,document,98793,1xXJPIgqFOWQZV0zA_uzYi6JrvUSa-YFa,application/vnd.openxmlformats-officedocument.wordprocessingml.document,1,pending,2025-11-09T04:57:01.705044,
656,/Around the year/Yom Kippur/Sermons/Classes/Full Sermons,for sermons.docx,document,22948,1EbZ-uSyA9SVbASTL5Rcdt7K-1AzZKRkF,application/vnd.openxmlformats-officedocument.wordprocessingml.document,1,pending,2025-11-09T04:57:01.721045,
657,/Around the year/Yom Kippur/Sermons/Classes/Full Sermons,4. Yizkor 5780.docx,document,185488,1oXW0WV5l8AWbNvFbqWdO8KMj_NG2ngoN,application/vnd.openxmlformats-officedocument.wordprocessingml.document,1,pending,2025-11-09T04:57:01.737043,
658,/Around the year/Yom Kippur/Sermons/Classes/Full Sermons,5780 Yom Kippur Yizkor See No Evil.docx,document,21456,1DJ1r26tZS9uxfTeFczPHggcQfb0wbK_W,application/vnd.openxmlformats-officedocument.wordprocessingml.document,1,pending,2025-11-09T04:57:01.753044,
659,/Around the year/Yom Kippur/Sermons/Classes/Full Sermons,5780 Yom Kippur Kol Nidrei Essence to Essence.docx,document,17476,1_PK2bH8MP5YJojg3GNRhDrexX_iJNcB8,application/vnd.openxmlformats-officedocument.wordprocessingml.document,1,pending,2025-11-09T04:57:01.769046,
660,/Around the year/Yom Kippur/Sermons/Classes/Full Sermons,5775 YK Yizkor Success Is A Choice.docx,document,22103,1rabjTois9YphJSeyykeM0Rf0SD8oltc_,application/vnd.openxmlformats-officedocument.wordprocessingml.document,1,pending,2025-11-09T04:57:01.785045,
661,/Around the year/Yom Kippur/Sermons/Classes/Short Ideas ,YKServicesAndTalkingPoints5772.pdf,document,928617,1egQ1GWgSd85fyUUbxNtz8aloxlu82sTb,application/pdf,1,pending,2025-11-09T04:57:01.805047,
662,/Around the year/Yom Kippur/Sermons/Classes/Short Ideas ,10 Amazing facts about Davening.doc,document,37888,1tbxmC_pFTCl06U9q9Qyyeazolg119Zvw,application/msword,1,pending,2025-11-09T04:57:01.822044,
663,/Around the year/Yom Kippur/Sermons/Classes/Short Ideas ,13 AMAZING THOUGHTS  on DAVENING YOMIM NORAIM.doc,document,50688,1NqyJ6PMq0tAeulcIlPY2Mcx76d_NBncp,application/msword,1,pending,2025-11-09T04:57:01.834044,
664,/Around the year/Yom Kippur/Sermons/Classes/Short Ideas ,Copy of 13 AMAZING THOUGHTS  on DAVENING YOMIM NORAIM.doc,document,50688,1yjDVkcoSHo5hvSmpl1a-ZGEUWoDxEwoB,application/msword,1,pending,2025-11-09T04:57:01.851045,
665,/Around the year/Yom Kippur/Sermons/Classes/Short Ideas ,thoughts and vertlach for RH and YK davening from TH siddur.docx,document,22492,1AAo_hoQ9Ic8-q6IdwgFzr6Mbo8opU5GW,application/vnd.openxmlformats-officedocument.wordprocessingml.document,1,pending,2025-11-09T04:57:01.869045,
666,/Around the year/Yom Kippur/Sermons/Classes/Short Ideas ,Jokes,google_doc,4907,1Kea5CWDiUj5aTmj3xCHcUcQfufts03BOkBSL2X6wMkM,application/vnd.google-apps.document,1,pending,2025-11-09T04:57:01.887049,
667,/Around the year/Yom Kippur/Sermons/Classes/Short Ideas ,Yom Kippur Parables.docx,document,33095,1i6EM7EYnsWvJFn-gZraCfRO_azKzIhD1,application/vnd.openxmlformats-officedocument.wordprocessingml.document,1,pending,2025-11-09T04:57:01.902063,
668,/Around the year/Yom Kippur/Sermons/Classes/Classes,Copy of Yk Basic Class- Teshuva,google_doc,8770,1cbpEquXFf5Od8NGPnVaGy0oo7Ru6X3CR5kpj_yOKWUk,application/vnd.google-apps.document,1,pending,2025-11-09T04:57:01.932044,
669,/Around the year/Yom Kippur/Sermons/Classes/Classes,class 2b.docx,document,152964,1KIUbfAtmT5f25IY0TfOiRVYQNM74FS82,application/vnd.openxmlformats-officedocument.wordprocessingml.document,1,pending,2025-11-09T04:57:01.949044,
670,/Around the year/Yom Kippur/Other,Prayer & letter for USA from Friediker Rebbe - 18167.pdf,document,224102,1zUH8LdHerYQZ5FxCfIhJVpyTRse3xYiV,application/pdf,1,pending,2025-11-09T04:57:01.969044,
671,/Around the year/Yom Kippur/Other,Seudah Hafsekes Menus.docx,document,11602,1Qr2qShj1uzvsd9OZBicAaR2gr1TMuDoy,application/vnd.openxmlformats-officedocument.wordprocessingml.document,1,pending,2025-11-09T04:57:01.985044,
672,/Around the year/Yom Kippur/Other,Copy of Candle Lighting Brachos YK Regular.pdf,document,178605,12kOrcVrKnqxHHi96mHiLPhQL3uW5U0Q2,application/pdf,1,pending,2025-11-09T04:57:02.002044,
673,/Around the year/Yom Kippur/Other,Copy of blessing candles.docx,document,36291,1X6ZbIqQV9r5TlUS3waSU2r_bMAjaQcD7,application/vnd.openxmlformats-officedocument.wordprocessingml.document,1,pending,2025-11-09T04:57:02.019049,
674,/Around the year/Yom Kippur,Unlocking Yom Kippur Edited.docx,document,23889,1To3XTwd7dH2NLnt-CbwOt8GLxGC_V63c,application/vnd.openxmlformats-officedocument.wordprocessingml.document,1,pending,2025-11-09T04:57:02.036046,
675,/Around the year/Yom Kippur/Kaporos,Chickens vs. Money,google_doc,1024,1t7oQ5Gky4IduvZd5BAcBLy2rolAPOMFgUfvc7wo3L_g,application/vnd.google-apps.document,1,pending,2025-11-09T04:57:02.053044,
676,/Around the year/Yom Kippur/Kaporos,Kaparot Revisited.pdf,document,317453,1qAPzmcqL-xJUQ_uoDttjF12yZz5nIEL8,application/pdf,1,pending,2025-11-09T04:57:02.068045,
677,/Around the year/Yom Kippur/Kaporos,order form.doc,document,398336,13q-9MH-5AG-n81DBvb67PNL95Dm91xWX,application/msword,1,pending,2025-11-09T04:57:02.082048,
678,/Around the year/Yom Kippur,8.5x14_TriFold - Inside.ai,other,4675401,1iE1Kq3iV5BlGmFqWV9DGn7a627VuKnTv,application/postscript,1,pending,2025-11-09T04:57:02.098045,
679,/Around the year/Yom Kippur,Tishrei 5772.pub,other,653312,1LIeQZ73R_8JO-pUCsaTG2cIXWaADbvkl,application/vnd.ms-publisher,1,pending,2025-11-09T04:57:02.119045,
680,/Around the year/Yom Kippur/Letters/Emails,Email for HH - 304.docx,document,10796,1RV3oJ3KNWS7DXZmWcII0zhjBtaE8ko5h,application/vnd.openxmlformats-officedocument.wordprocessingml.document,1,pending,2025-11-09T04:57:02.133044,
681,/Around the year/Yom Kippur/Letters/Emails,Tishrei Thank You Letter for Donors - 1136.docx,document,10633,14Q66VkxlJVAa3F_sQAkDDhlCZ-DCoM6h,application/vnd.openxmlformats-officedocument.wordprocessingml.document,1,pending,2025-11-09T04:57:02.149045,
682,/Around the year/Yom Kippur/Letters/Emails,Letter To Non-Members - 1817.docx,document,12026,1fj-Bxvl07c1wlhndsd-pqO2krUW1K6o3,application/vnd.openxmlformats-officedocument.wordprocessingml.document,1,pending,2025-11-09T04:57:02.168047,
683,/Around the year/Yom Kippur/Letters/Emails,Letter to Members Describing Benefits - 1817.docx,document,15348,1cma4wB4hkA2KxMcx2cyzPxT8OrVQhaok,application/vnd.openxmlformats-officedocument.wordprocessingml.document,1,pending,2025-11-09T04:57:02.185047,
684,/Around the year/Yom Kippur/Letters/Emails,Letter to go with Free HH Tickets - 1202.docx,document,11329,1GVLBfH2E4tM5hGWspKG-rAhW4XBTZZcr,application/vnd.openxmlformats-officedocument.wordprocessingml.document,1,pending,2025-11-09T04:57:02.204051,
685,/Around the year/Yom Kippur/Letters/Emails,Yizkor Letter 5771 - 2539.doc,document,55296,1LgWV7rT_At8Eu2mT4WMXddcsBcdlcjRP,application/msword,1,pending,2025-11-09T04:57:02.227046,
686,/Around the year/Yom Kippur/Letters/Emails,Letter Invitation to Chabad- High Holidays - Partner.docx,document,32234,1_bhNoeYxbX8o_C3ktVpY8AdpJwiZRu22,application/vnd.openxmlformats-officedocument.wordprocessingml.document,1,pending,2025-11-09T04:57:02.243045,
687,/Around the year/Yom Kippur/Letters/Emails,Text for Pre-Yom Kippur Email - 261.docx,document,13469,1BCBs3LFVsF7H56nZfjzh9KwIiT-eKFoM,application/vnd.openxmlformats-officedocument.wordprocessingml.document,1,pending,2025-11-09T04:57:02.260044,
688,/Around the year/Yom Kippur/Letters/Emails,High Holiday IPO - Pre-Tishrei Fundrasing Letter With Dedication Opportunities - 538.docx,document,16771,1cIb0gBxs_utfQuoeHK7dJmF0NFw7Bl8o,application/vnd.openxmlformats-officedocument.wordprocessingml.document,1,pending,2025-11-09T04:57:02.282045,
689,/Around the year/Yom Kippur/Letters/Emails,Yom Kippur With The Rebbe - 1506.docx,document,25191,10ajRa5IOpXiAFTNwJIo7ODm9pJ_Ia9d1,application/vnd.openxmlformats-officedocument.wordprocessingml.document,1,pending,2025-11-09T04:57:02.298045,
690,/Around the year/Yom Kippur/Letters/Emails,Message to JHV.docx,document,17168,1xh1c8wR391fNRjIC96wh44DVjgrIAJAZ,application/vnd.openxmlformats-officedocument.wordprocessingml.document,1,pending,2025-11-09T04:57:02.318048,
691,/Around the year/Yom Kippur/Letters/Emails,Calendar High Holiday Message - 18856.docx,document,12717,1Aeep185JpcFVIMFVy9epZSRtJNNuxRwY,application/vnd.openxmlformats-officedocument.wordprocessingml.document,1,pending,2025-11-09T04:57:02.341046,
692,/Around the year/Yom Kippur,points & tips.docx,document,248387,1EcKTQKdAehMGlb0AV8tyMrP_im86Sk3I,application/vnd.openxmlformats-officedocument.wordprocessingml.document,1,pending,2025-11-09T04:57:02.363047,
693,/Around the year/Yom Kippur/Halacha,Yom Kippur Halachic Digest 5774 - 2483 .pdf,document,456422,15D9DQ2eeyowQj5-fGmRilsaOY5ll4yeS,application/pdf,1,pending,2025-11-09T04:57:02.388045,
694,"/Around the year/Yom Kippur/Y""K Pledges/Donation Pledge",Planned Giving Talking Points for Yom Kippur.docx,document,18282,1QQXQ_N69KNj7v8dUWM4vRhviO_7rIWrX,application/vnd.openxmlformats-officedocument.wordprocessingml.document,1,pending,2025-11-09T04:57:02.407048,
695,"/Around the year/Yom Kippur/Y""K Pledges/Donation Pledge",Planned Giving High Holidays Poster 18x24.pub,other,392704,1Tbix0UtasRSB6tMmS9Zfu-S4D7eLJYFY,application/vnd.ms-publisher,1,pending,2025-11-09T04:57:02.425046,
696,"/Around the year/Yom Kippur/Y""K Pledges/Donation Pledge",Leave a Legacy Card insert.pub,other,254976,1vZGex2mzly8zP0fK6I8mT8K-9CiART_B,application/vnd.ms-publisher,1,pending,2025-11-09T04:57:02.444046,
697,"/Around the year/Yom Kippur/Y""K Pledges/Donation Pledge",Yom Kippur Pledge Cards 2014.pub,other,139776,18Kflw3uhcVUzDm-bgY-EktvE-NukqFVp,application/vnd.ms-publisher,1,pending,2025-11-09T04:57:02.466047,
698,"/Around the year/Yom Kippur/Y""K Pledges/Mitzvah Appeal/Pledge",Yom Kippur Mitzvah Appeal 5773.pub,other,181248,1TyQrDR9_ezNCfCkdlxFdnoL4L7FVtMK-,application/vnd.ms-publisher,1,pending,2025-11-09T04:57:02.483047,
699,"/Around the year/Yom Kippur/Y""K Pledges/Mitzvah Appeal/Pledge",Yom Kippur Mitzvah Appeal 5774.pub,other,197120,1RsarRNyK16cB1F5HGQiynu-blwfTs1-2,application/vnd.ms-publisher,1,pending,2025-11-09T04:57:02.498047,
700,"/Around the year/Yom Kippur/Y""K Pledges/Mitzvah Appeal/Pledge/Give 30 Campaign",give30a.pdf,document,12130885,1gA5ynhda_2DCW8EjcEjDP_uBKpXsMbxi,application/pdf,1,pending,2025-11-09T04:57:02.515050,
701,"/Around the year/Yom Kippur/Y""K Pledges/Mitzvah Appeal/Pledge/Give 30 Campaign",Give 30 YK Campaign,google_doc,1608,14ToO8twSt94w-zJ5utKXt8aV1daPf0Ix9HYZe63qbI0,application/vnd.google-apps.document,1,pending,2025-11-09T04:57:02.532048,
702,/Around the year/Yom Kippur/Services,Insights on the Yom Kippur Tefilos,google_doc,1024,1nHWkix0eg8BdIRHz19M1Y0lcqL99N6ed8Flbd5-_1KY,application/vnd.google-apps.document,1,pending,2025-11-09T04:57:02.547048,
703,/Around the year/Yom Kippur/Services/Service Companions/Tefilos (specific) Guide,Copy of YK Neilah Guide.doc,document,34816,1qFTdjIRX1UTDH0YOlGE4GgHAxIaBcmjk,application/msword,1,pending,2025-11-09T04:57:02.564047,
704,/Around the year/Yom Kippur/Services/Service Companions/Tefilos (specific) Guide,Copy of YK Shacharis Guide.doc,document,36352,14d5oEsx7Z8mqSsxvNQbOomMwT9M9fKhU,application/msword,1,pending,2025-11-09T04:57:02.579047,
705,/Around the year/Yom Kippur/Services/Service Companions/Tefilos (specific) Guide,Copy of YK Musaf Guide.doc,document,62464,12nwCGYvnGSxkAzWx2ZPpfHqu3EJaP08O,application/msword,1,pending,2025-11-09T04:57:02.598047,
706,/Around the year/Yom Kippur/Services/Service Companions/Tefilos (specific) Guide,Copy of YK Maariv Guide.doc,document,47616,1MaN47xb1YpQ0bm5SzGiW_SyJQ1s8VFvb,application/msword,1,pending,2025-11-09T04:57:02.613045,
707,/Around the year/Yom Kippur/Services/Service Companions,Yom Kippur Reader 5770.pub,other,1193984,17m8YBIm_qmYjNBupU-XNHOOBq5-CXAgR,application/vnd.ms-publisher,1,pending,2025-11-09T04:57:02.634049,
708,/Around the year/Yom Kippur/Services/Service Companions,Yom Kippur Reader 5770.pdf,document,827884,1N8X4poAaGBPXUAG3hP_KjEKdh-mF7l-o,application/pdf,1,pending,2025-11-09T04:57:02.654046,
709,/Around the year/Yom Kippur/Services/Service Companions,HH Guide - Low Res for Web - FINAL.pdf,document,1276150,1cbSiDakQWlM94ARPX-ODPZ3rSGtJJQXo,application/pdf,1,pending,2025-11-09T04:57:02.683046,
710,/Around the year/Yom Kippur/Services/Service Companions/Tefilos Guide,YK Neilah Guide.doc,document,34816,10hv2VCFToD5KWtlYnAL8VWosaMBNOYVV,application/msword,1,pending,2025-11-09T04:57:02.704049,
711,/Around the year/Yom Kippur/Services/Service Companions/Tefilos Guide,YK Musaf Guide.doc,document,62464,1u1SzqR_AlhE-qWLr1Nu8MbXU_tE3V0Fn,application/msword,1,pending,2025-11-09T04:57:02.726050,
712,/Around the year/Yom Kippur/Services/Service Companions/Tefilos Guide,YK Shacharis Guide.doc,document,36352,1IiZieKrwRkFNVe1LPeXJtNT4ZLw_QbVP,application/msword,1,pending,2025-11-09T04:57:02.743048,
713,/Around the year/Yom Kippur/Services/Service Companions/Tefilos Guide,YK Maariv Guide.doc,document,47616,1c1fyYddtfMuCQyzH_cyZSbzAKnAnNxiV,application/msword,1,pending,2025-11-09T04:57:02.762050,
714,/Around the year/Yom Kippur/Services/Service Companions,5771 - HH Service Guide - YK ALL-1 (1).pdf,document,413414,1w0MDl6YtpFupyQQuTkMw3S9YwsaAgND_,application/pdf,1,pending,2025-11-09T04:57:02.783048,
715,/Around the year/Yom Kippur/Services/Service Companions,YK Guide generic (1).pdf,document,19508959,1jX0RoC7-CBQVYccb_2Mn5tm5ynwYr432,application/pdf,1,pending,2025-11-09T04:57:02.799048,
716,/Around the year/Yom Kippur/Services/Service Companions,Bucks_YomKip_Handout (1).pdf,document,1277710,1NoU02Fk2O1VfGEutpYyPIeuHj9cY7lnQ,application/pdf,1,pending,2025-11-09T04:57:02.819048,
717,/Around the year/Yom Kippur/Services/Service Companions,YK Guide generic.pdf,document,19508959,1OAETwj5fzDAH55qJ34dO6tx1zB-bY32a,application/pdf,1,pending,2025-11-09T04:57:02.849047,
718,/Around the year/Yom Kippur/Services/Service Companions/Letters to the Next Generation,Letters-to-the-Next-Generation-2-Reflections-on-Jewish-Life.pdf,document,385333,1mEFGfZGZQPa-5mW7K1mp8txB42qRSJv3,application/pdf,1,pending,2025-11-09T04:57:02.867054,
719,/Around the year/Yom Kippur/Services/Service Companions/Letters to the Next Generation,Letters-to-the-Next-Generation-Reflections-for-Yom-Kippur1.pdf,document,548190,1ZCh25ywrpPQN6V4gi_NvfH3s8qz4Uu_l,application/pdf,1,pending,2025-11-09T04:57:02.886046,
720,/Around the year/Yom Kippur/Services/Service Companions/Letters to the Next Generation,Overview,google_doc,1024,1L-0mu5zLC2593Ls8JnNoIS2FwJd2518uk3npi_RYBy8,application/vnd.google-apps.document,1,pending,2025-11-09T04:57:02.902048,
721,/Around the year/Yom Kippur/Services/Service Companions,YomKippur4DummiesHand-Out.docx,document,21351,1CU2BCcCM0D9TMOfzFfZrPlGytXOdQnZP,application/vnd.openxmlformats-officedocument.wordprocessingml.document,1,pending,2025-11-09T04:57:02.920048,
722,/Around the year/Yom Kippur/Services/Service Companions,YomKippur4DummiesGuide.docx,document,32569,1ES9polsvQ7D5NM0IwKhceXRiGqEwx-4L,application/vnd.openxmlformats-officedocument.wordprocessingml.document,1,pending,2025-11-09T04:57:02.954047,
723,/Around the year/Yom Kippur/Services/Service Companions,Guide,google_doc,1114,1FmUKwZcZMEjiqo9t_E-wwuVwpukQOepsTkBJJxPY3ww,application/vnd.google-apps.document,1,pending,2025-11-09T04:57:02.974049,
724,/Around the year/Yom Kippur/Services/Service Companions,YK Inspirations & Meditations Service Guide 5778 with transliterated pg numbers 1.doc,document,813056,1M7Ml5tW37ryIRDjTod9YigHWL6rDK6C-,application/msword,1,pending,2025-11-09T04:57:03.007051,
725,/Around the year/Yom Kippur/Services/Service Companions,YK Inspirations & Meditations Service Guide with transliterated page numbers added.pdf,document,1113295,1On-qIJnG7ac6Pq5M6WTGp-KRmmaWsEdZ,application/pdf,1,pending,2025-11-09T04:57:03.028049,
726,/Around the year/Yom Kippur/Services/Service Companions,5771 - HH Service Guide - YK ALL-1.pdf,document,413414,1aQPCqUYRdICMhoIWTHm9QnaSffQG170s,application/pdf,1,pending,2025-11-09T04:57:03.048048,
727,/Around the year/Yom Kippur/Services,machzor YK.pdf,document,12122421,1F12Y9lWuVK3LJcNtW-bS8fCy0D3p3g56,application/pdf,1,pending,2025-11-09T04:57:03.067050,
728,/Around the year/Yom Kippur/Services/Reservation Forms,HH reservation form - 18247.doc,document,39936,10ABzAH5FT3TCM8WuFX9RI3Lfy7EHqHsh,application/msword,1,pending,2025-11-09T04:57:03.085046,
729,/Around the year/Yom Kippur/Services/Reservation Forms,ABC.xls,spreadsheet,24064,1S5v9ZmZScqLBJYgZ9zPjPyOV7PiDCRjB,application/vnd.ms-excel,1,pending,2025-11-09T04:57:03.102045,
730,/Around the year/Yom Kippur/Services,YK Page Numbers.docx,document,51396,1LfmMB8uUJks7j1ZOjYNIeonEGWBnpPDs,application/vnd.openxmlformats-officedocument.wordprocessingml.document,1,pending,2025-11-09T04:57:03.119046,
731,/Around the year/Yom Kippur/Services/Avodah,THE+YOM+KIPPUR+AVODAH+5774.docx,document,57188,1CndZiPZ6IHc73KWg4Smfwr5PSmmVlqBg,application/vnd.openxmlformats-officedocument.wordprocessingml.document,1,pending,2025-11-09T04:57:03.144050,
732,/Around the year/Yom Kippur/Services/Avodah,THE YOM KIPPUR AVODAH 5774.pdf,document,302232,15DJ_SJgHsmR_TkWeC307-LBCz30N-nhs,application/pdf,1,pending,2025-11-09T04:57:03.163044,
733,/Around the year/Yom Kippur/Services/Kibudim/Aliyos,Opening the ark.docx,document,59837,13V9lJZqskE0Jsn2PBxCUTVW6uF_LPGOe,application/vnd.openxmlformats-officedocument.wordprocessingml.document,1,pending,2025-11-09T04:57:03.181063,
734,/Around the year/Yom Kippur/Services/Kibudim/Aliyos,hh_honors_card.pub,other,703488,1qfeVnnFRz7bs0R_oDr2K8BdVsR1bu1Id,application/vnd.ms-publisher,1,pending,2025-11-09T04:57:03.197050,
735,/Around the year/Yom Kippur/Services/Kibudim/Aliyos,Aliya card Yom Kippur.pub,other,332288,1Unpo-BVqGNjyVGRQpQ8a9OpIZcYVWySm,application/vnd.ms-publisher,1,pending,2025-11-09T04:57:03.217048,
736,/Around the year/Yom Kippur/Services/Kibudim/Aliyos,Aliyot Cards.pdf,document,336245,1OFfqUHvDOkKN5qULRwbkO_lkZKC9xCpg,application/pdf,1,pending,2025-11-09T04:57:03.235048,
737,/Around the year/Yom Kippur/Services/Kibudim/Aliyos,Yom Kippur Kibbudim and Description - 261.docx,document,24830,1aKUOTyx5zdi0nGsrJyApZZGtQXgxyguF,application/vnd.openxmlformats-officedocument.wordprocessingml.document,1,pending,2025-11-09T04:57:03.252048,
738,/Around the year/Yom Kippur/Services/Chazanus,יום הכיפורים מוסף.doc,document,27136,11ETSvQTPMAgP86ygQOwyAZk5cFv2Jr57,application/msword,1,pending,2025-11-09T04:57:03.278045,
739,/Around the year/Yom Kippur/Services/Chazanus,יום הכיפורים שחרית.doc,document,32768,1duw5V9dUevyzx0M3rtKEk7Nmoq2axjrn,application/msword,1,pending,2025-11-09T04:57:03.295046,
740,/Around the year/Yom Kippur/Services/Chazanus,יום הכיפורים מעריב.doc,document,28160,1iL7Txh0f0lXXocEhagKkqpl9IPuZRSVF,application/msword,1,pending,2025-11-09T04:57:03.315045,
741,/Around the year/Yom Kippur/Services,Adon Haselichot.pdf,document,66543,1dBFog-bEU48FYPp0fmP_e3LlxOsE2I6f,application/pdf,1,pending,2025-11-09T04:57:03.333568,
742,/Around the year/Yom Kippur/Services,Bookmark.zip,other,60069823,1fFVxsE-6xNDZ8e8aygsB-KO5ryvw3XeP,application/x-zip-compressed,1,pending,2025-11-09T04:57:03.352570,
743,/Around the year/Yom Kippur/Services,Birkchas Kohanim (1).pdf,document,526673,1dzYUzQ8Z4uyZU3lzERuYmw1q85NmZDZP,application/pdf,1,pending,2025-11-09T04:57:03.371570,
744,/Around the year/Yom Kippur/Services,Birkchas Kohanim.pdf,document,526673,16bUnQ539PKmcYJWy-X8lCIhDoeUY3ETu,application/pdf,1,pending,2025-11-09T04:57:03.397570,
745,/Around the year/Yom Kippur/Services/Kol Nidrei,Kol Nidrei Appeals Cards.zip,other,923843,1cD41V4CKh9435buED29UuO38oPBGYD7d,application/x-zip-compressed,1,pending,2025-11-09T04:57:03.427568,
746,/Around the year/Yom Kippur/Services/Kol Nidrei,Kol Nidrei.pub,other,129024,1tPY5gUn3A8ViUq-HwXlO6bL97oiCNAGV,application/vnd.ms-publisher,1,pending,2025-11-09T04:57:03.452572,
747,/Around the year/Yom Kippur/Services/Yizkor,Yizkor 5771Final.pub,other,37693952,1hLmwVXekYlQy9asvHFe6xEschMLJTVF2,application/vnd.ms-publisher,1,pending,2025-11-09T04:57:03.474567,
748,/Around the year/Yom Kippur/Services/Yizkor,yizkor.pdf,document,647636,19Wj7EbPF7pvwh9iR8X2VAOl_OPOmzhTq,application/pdf,1,pending,2025-11-09T04:57:03.495569,
749,/Around the year/Yom Kippur/Services/Yizkor,Yizkor Booklet.pub,other,948736,1NFI_9W028-oNddKZ59WXmmDxhqUXze07,application/vnd.ms-publisher,1,pending,2025-11-09T04:57:03.516570,
750,/Around the year/Yom Kippur/Services/Yizkor,Yizkor Idea,google_doc,1216,1IHb8pAKKTA_fSW8Z7CXU_Q529AcpX9X1LFotCplYqxQ,application/vnd.google-apps.document,1,pending,2025-11-09T04:57:03.556570,
751,/Around the year/Yom Kippur/Childrens Programs,Preschool shul Yom Kippur Schedule 2010 2.doc,document,35840,1v_Komfl3WNhHCmm6wfdhDrkyJougNhrx,application/msword,1,pending,2025-11-09T04:57:03.577569,
752,/Around the year/Yom Kippur/Childrens Programs,Potomac YK Curriculum.zip,other,11552931,1ZKT-mhpg6nDHyk-GMVmnlXf7dgY7JGbJ,application/x-zip-compressed,1,pending,2025-11-09T04:57:03.595569,
753,/Around the year/Yom Kippur/Childrens Programs,Copy of יום כיפור בוקר תוכנית לילדים.docx,document,14525,1lcWorIkPcdNqRlwN2TxKt5JpBDSsjUvm,application/vnd.openxmlformats-officedocument.wordprocessingml.document,1,pending,2025-11-09T04:57:03.614568,
754,/Around the year/Yom Kippur/Childrens Programs,Copy of נעילה.docx,document,12350,1IRagAVs0JCIoryXqEikb5j5Havc7MbsK,application/vnd.openxmlformats-officedocument.wordprocessingml.document,1,pending,2025-11-09T04:57:03.633568,
755,/Around the year/Yom Kippur/Childrens Programs,Copy of כל נדרי תוכנית לילדים.docx,document,13143,1s7N3RoesLrhkhFOON-WAIvB46mGfh10c,application/vnd.openxmlformats-officedocument.wordprocessingml.document,1,pending,2025-11-09T04:57:03.649567,
756,/Around the year/Yom Kippur/Childrens Programs,Copy of YomKippurGames.pdf,document,554331,1UwXmglV0RvoAWMbCbFvs18JhmqZb-sLI,application/pdf,1,pending,2025-11-09T04:57:03.669569,
757,/Around the year/Yom Kippur/Childrens Programs,Copy of Yom Kippur Program.docx,other,0,1D7elNCCxIwdX_X5pRgjfnVhgNIxB-NeE,application/vnd.google-apps.shortcut,1,pending,2025-11-09T04:57:03.688284,
758,/Around the year/Yom Kippur/Childrens Programs,Copy of Yom_Kippur_Kids_Schedule_3_groups_2010.doc,document,61952,1LVWujdMliv-2gwR66vs5rEE3c5T8LK-Y,application/msword,1,pending,2025-11-09T04:57:03.705798,
759,/Around the year/Yom Kippur/Childrens Programs,Copy of yomkipporkidsprogram 2017.docx,document,17975,17qmSeMDY9WO9Y4Ehww2Azw_sZ6Ggu5Xh,application/vnd.openxmlformats-officedocument.wordprocessingml.document,1,pending,2025-11-09T04:57:03.725826,
760,/Around the year/Yom Kippur/Childrens Programs,Copy of Yom Kippur program group #3.doc,document,28160,1cNVHyl7aMZGNhX1li5ZpqQVHM3m_4Uhg,application/msword,1,pending,2025-11-09T04:57:03.747358,
761,/Around the year/Yom Kippur/Childrens Programs,Copy of Yom Kippur program group #1.docx,document,11804,1OwBsWRHOQtItvcp-JqfUYnLdLU8xjO-e,application/vnd.openxmlformats-officedocument.wordprocessingml.document,1,pending,2025-11-09T04:57:03.767357,
762,/Around the year/Yom Kippur/Childrens Programs,Copy of Yom_Kippur_millionaire.doc,document,36352,1Wsm64boxbzGJRjxgXoa-FIQAdDULzhEc,application/msword,1,pending,2025-11-09T04:57:03.781359,
763,/Around the year/Yom Kippur/Childrens Programs,Copy of Yom Kippur program group #2.docx,document,12023,1QWTk7qVMYmbTFUbttQSlqj8tXD4ymS2w,application/vnd.openxmlformats-officedocument.wordprocessingml.document,1,pending,2025-11-09T04:57:03.799358,
764,/Around the year/Yom Kippur/Childrens Programs,Copy of Yom Kippur Kids Schedule.doc,document,66048,1WtVY3qamD7tiwmKU1zlD6OyemcWFp-nw,application/msword,1,pending,2025-11-09T04:57:03.822366,
765,/Around the year/Yom Kippur/Childrens Programs,Copy of Yom Kippur Kids Schedule 3 Groups 2009.doc,document,62464,18DN-CAWw2vBHvel2jvAGOAKC04_CUIUK,application/msword,1,pending,2025-11-09T04:57:03.843357,
766,/Around the year/Yom Kippur/Childrens Programs,Copy of YOM KIPPUR KIDS PROGRAM.docx,document,18734,140JALBZM_UQeMg2IBW6BNrHTuZ5lclNL,application/vnd.openxmlformats-officedocument.wordprocessingml.document,1,pending,2025-11-09T04:57:03.863359,
767,/Around the year/Yom Kippur/Childrens Programs,Copy of Yom Kippur Day kids program ages 4-7.doc,document,37376,1N8f0j2bs-bdRrGnSM2HyA9y6618g-VJt,application/msword,1,pending,2025-11-09T04:57:03.884356,
768,/Around the year/Yom Kippur/Childrens Programs,Copy of Yom Kippur Children 2017.docx,document,2111052,1TQ9culrqv6KsMfuIHJzamdOcM4ZPDRHW,application/vnd.openxmlformats-officedocument.wordprocessingml.document,1,pending,2025-11-09T04:57:03.902358,
769,/Around the year/Yom Kippur/Childrens Programs,Copy of Yom Kippur BabbleOn.pdf,document,12499231,1GDFjKIDfQT8yp4GAAfYix9Liv_4NAV-D,application/pdf,1,pending,2025-11-09T04:57:03.925355,
770,/Around the year/Yom Kippur/Childrens Programs,Copy of YK night schedule.docx,document,15707,1MAl90Hs99zp4cOywJe-dvwSgNOQsAI2v,application/vnd.openxmlformats-officedocument.wordprocessingml.document,1,pending,2025-11-09T04:57:03.949356,
771,/Around the year/Yom Kippur/Childrens Programs,Copy of YK Malarky.pdf,document,394182,1ksWtrsdpsXVs3-0xi84A-R0r7Kf3jEB_,application/pdf,1,pending,2025-11-09T04:57:03.980355,
772,/Around the year/Yom Kippur/Childrens Programs,Copy of yk left right story.doc,document,26112,1upX5q-wius_aJBHEQeMCnVQD30z1iXJA,application/msword,1,pending,2025-11-09T04:57:04.008357,
773,/Around the year/Yom Kippur/Childrens Programs,Copy of YK Kids Schedule 5767.doc,document,43520,1WqXeENIt20fEVD50H8WYZTcpbAbSjP5u,application/msword,1,pending,2025-11-09T04:57:04.036354,
774,/Around the year/Yom Kippur/Childrens Programs,Copy of YK Kids Program Schedule 2 Groups.docx,document,75150,1bqdOBtwoJ4EJk3DnBQnuXmNBwlgwHxpQ,application/vnd.openxmlformats-officedocument.wordprocessingml.document,1,pending,2025-11-09T04:57:04.053355,
775,/Around the year/Yom Kippur/Childrens Programs,Copy of yk kids program - songs.xlsx,spreadsheet,16179,1LLmL7JHyqxg8CDJJo0jw4b1RvitahJNR,application/vnd.openxmlformats-officedocument.spreadsheetml.sheet,1,pending,2025-11-09T04:57:04.074355,
776,/Around the year/Yom Kippur/Childrens Programs,Copy of YK children service 5771!!.doc,document,47616,1oqe-jLIDDR4PgZVV8cbo7SYEkACZFiDL,application/msword,1,pending,2025-11-09T04:57:04.098356,
777,/Around the year/Yom Kippur/Childrens Programs,Copy of Seat to Seat Game YK.docx,document,49926,138kFKK6YkWt5ygnocIvXMouzLInwtmUJ,application/vnd.openxmlformats-officedocument.wordprocessingml.document,1,pending,2025-11-09T04:57:04.120358,
778,/Around the year/Yom Kippur/Childrens Programs,Copy of Jewpardy Yom Kippur Inserts.pdf,document,3580554,1Ag_63QECzBGCKYXd5JhryyktMamW-rkm,application/pdf,1,pending,2025-11-09T04:57:04.142356,
779,/Around the year/Yom Kippur/Childrens Programs,Copy of FIX IT OR FORGIVE IT.doc,document,47616,1UqvgIty44k_VI8XktdeOI2Ajqw4kCSp5,application/msword,1,pending,2025-11-09T04:57:04.167359,
780,/Around the year/Yom Kippur/Childrens Programs,Copy of CQM Yom Kippur Kids Program Schedule.doc,document,35328,1c1JmckN3EzdXI-vMg4OE_H-SykKQu72N,application/msword,1,pending,2025-11-09T04:57:04.189356,
781,/Around the year/Yom Kippur/Childrens Programs,Copy of all games yk.docx,document,16646,1yi9vhdhPD0h8K0NARUVA8asi_G8GWxP7,application/vnd.openxmlformats-officedocument.wordprocessingml.document,1,pending,2025-11-09T04:57:04.210357,
782,/Around the year/Yom Kippur/Childrens Programs,Yom Kippur: My Destiny is in My Hands,google_doc,7317,1uoEA4CxjUWEP8gkTT26YNxr4NZ40Tuoldo0ugGZPCkk,application/vnd.google-apps.document,1,pending,2025-11-09T04:57:04.236357,
783,/Around the year/Yom Kippur/Childrens Programs,Yom Kippur Childrens Program.doc,document,33280,1BLNxaKr9l-aF_vg_EzaY7oxC_KigIijB,application/msword,1,pending,2025-11-09T04:57:04.255354,
784,/Around the year/Yom Kippur/Childrens Programs,Copy of Yom Kippur Millionaire.doc,document,39424,1L3jLUU9KIBNKy--ojfvFTPR8zPlZU4KH,application/msword,1,pending,2025-11-09T04:57:04.274357,
785,/Around the year/Sukkos/Video Library,Sukkos Video Library,google_doc,2452,1KxiAZnKaJaPp_4RtDMKtREWd84YuspCF54KBxBYsJIc,application/vnd.google-apps.document,1,pending,2025-11-09T04:57:04.302357,
786,/Around the year/Sukkos,Sukkot Cover.pub,other,203776,1doWQmFlD7ijaU_ITAaL2uu3BIDM6tKbv,application/vnd.ms-publisher,1,pending,2025-11-09T04:57:04.323462,
787,/Around the year/Sukkos/Classes and Speeches,Copy of High_Holiday_Cool_Facts_2 (1).pdf,document,276252,19VdpVk3bwKvDgzsbUi9u2XCmhz_fFbRW,application/pdf,1,pending,2025-11-09T04:57:04.346582,
788,/Around the year/Sukkos/Classes and Speeches,Copy of Sukkot Questions.docx,document,16770,1uO_EmTEGCYDBwTxS0gmbtWysWfBabYps,application/vnd.openxmlformats-officedocument.wordprocessingml.document,1,pending,2025-11-09T04:57:04.367705,
789,/Around the year/Sukkos/Classes and Speeches,Untitled document,google_doc,3218,1gJrtMEC_BkxNTYwBBG_uJ9XaIvjeVjMrtJTBbBhsd2o,application/vnd.google-apps.document,1,pending,2025-11-09T04:57:04.385819,
790,/Around the year/Sukkos/Classes and Speeches,Sukkot Dvar Torah Ideas,google_doc,4558,1JPDpw2WaLdyfaT7O-CYNlKu9PX19DOUd03lv7hqQjd0,application/vnd.google-apps.document,1,pending,2025-11-09T04:57:04.403871,
791,/Around the year/Sukkos/Classes and Speeches,Yossi Lew - Sukkos Sermon - BUNDLES OF BRANCHES,document,14266,1nKWyJo-KZU4DYnnS8pPwen6Y91CdXzG7,application/vnd.openxmlformats-officedocument.wordprocessingml.document,1,pending,2025-11-09T04:57:04.425871,
792,/Around the year/Sukkos/Classes and Speeches,Hebrew School Sukkos.zip,other,19592976,1ThK85ttHnQpcU-0ah_glqekJeetS4QLh,application/x-zip-compressed,1,pending,2025-11-09T04:57:04.444875,
793,/Around the year/Sukkos/Classes and Speeches,3 Mini Droshas for Sukkos.docx,document,17528,1rbGddL9vZjitQKvSR_JvFPBEDUxXTWKt,application/vnd.openxmlformats-officedocument.wordprocessingml.document,1,pending,2025-11-09T04:57:04.466941,
794,/Around the year/Sukkos/Classes and Speeches,Sukkos Sermon.docx,document,18107,1IelyLaal-tq21u7b9TwRGjM2y_9J88HL,application/vnd.openxmlformats-officedocument.wordprocessingml.document,1,pending,2025-11-09T04:57:04.488938,
795,/Around the year/Sukkos/Classes and Speeches,Sukkos Sermon - Rejoicing Undercover,document,15051,1rvf1dAyWFMtAoG5tm1-woyM5P6BThheK,application/vnd.openxmlformats-officedocument.wordprocessingml.document,1,pending,2025-11-09T04:57:04.511939,
796,/Around the year/Sukkos/Classes and Speeches,Sukkos class,google_doc,5384,1WNSMzW4rNhxhG1Zlv0tU-RZz1S1sjB28BraFOK_xvas,application/vnd.google-apps.document,1,pending,2025-11-09T04:57:04.529938,
797,/Around the year/Sukkos/Halachos,Sukkah event starting before Sukkos. when to make a Bracha?,google_doc,2608,1T_o2dYSQp9DuIRwy8XZPewqEn-xqqSzAJ7YBn_2vk8M,application/vnd.google-apps.document,1,pending,2025-11-09T04:57:04.547940,
798,/Around the year/Sukkos/Halachos,Halachos regarding Bamboo mats,google_doc,2649,1wrSD8xz-kMoy1OZWu75xUej_EIqRYZ6VKCsyWlsBatE,application/vnd.google-apps.document,1,pending,2025-11-09T04:57:04.566938,
799,/Around the year/Sukkos/Halachos,Halacha-sukkos for email.pdf,document,22219991,1bPHCqhQoLCmLF6JJLYdC05Xfdg1Kb1xW,application/pdf,1,pending,2025-11-09T04:57:04.586939,
800,/Around the year/Sukkos/Sukka,Bucks_Sukkot_Handout (2).pdf,document,1087355,1jexIXFQ3UURBE3OPrVV_XpdtzwBDwB72,application/pdf,1,pending,2025-11-09T04:57:04.604938,
801,/Around the year/Sukkos/Sukka/Posters,Sukka Explanation.doc,document,40960,1TUrgMeAf64ndZSCK4E0wBbeZn0RoYAiR,application/msword,1,pending,2025-11-09T04:57:04.621938,
802,/Around the year/Sukkos/Sukka/Posters,Sukkah Poster.pdf,document,304718,1NzmltwQGVVD2NWoGItldeTMkGmXjEths,application/pdf,1,pending,2025-11-09T04:57:04.638937,
803,/Around the year/Sukkos/Sukka/Posters,Sukkah disclaimer.docx,document,12693,1ML3GZDePho2yVEqaC8hWsR95hKvosf9N,application/vnd.openxmlformats-officedocument.wordprocessingml.document,1,pending,2025-11-09T04:57:04.656940,
804,/Around the year/Sukkos/Sukka,Copy of Kosher Sukkah Checklist,google_doc,12702,1tJdtUUhTC-l541zY0-JcBQNnICQZ1DNLiKpbITmtJXc,application/vnd.google-apps.document,1,pending,2025-11-09T04:57:04.675938,
805,/Around the year/Sukkos/Sukkos Mivtzoyim,I did the lulav shake STICKERS.pdf,document,87432,1j_F8CSSon6gMa3eIAFRzJif8jyxv7TxY,application/pdf,1,pending,2025-11-09T04:57:04.695938,
806,/Around the year/Sukkos/Sukkos Mivtzoyim,Kosher Sukkah Checklist,google_doc,12700,16UDmIl0F8X5uouwzBD-8RZh4_lHKkAXHSvUs1Ec7FUc,application/vnd.google-apps.document,1,pending,2025-11-09T04:57:04.712937,
807,/Around the year/Sukkos/Sukkos Mivtzoyim,Guide sheet with Lulav order.docx,document,54081,1f8jG9ARZ7jHoZnD86rDwgV0HAKbi4e0B,application/vnd.openxmlformats-officedocument.wordprocessingml.document,1,pending,2025-11-09T04:57:04.731937,
808,/Around the year/Sukkos/Sukkos Mivtzoyim,Blessings in the Sukkah.pdf,document,173228,1i4gF4ekKeI62Gbo_XguTYBeMeoQSBGk5,application/pdf,1,pending,2025-11-09T04:57:04.748940,
809,/Around the year/Sukkos/Sukkos Mivtzoyim,Bucks_Sukkot_Handout (2).pdf,document,1087355,1xj3ObjeVn7dGWkVv_y8HIgQGotrBfN35,application/pdf,1,pending,2025-11-09T04:57:04.765987,
810,/Around the year/Sukkos/Sukkos Mivtzoyim,Lulav shaking Guide.pdf,document,892445,1HyqrPaIxZINJmj-tUpRWCOFRn8z6u8dO,application/pdf,1,pending,2025-11-09T04:57:04.782988,
811,/Around the year/Sukkos,Video Shlichus Tips for Sukkos,google_doc,1024,1N2GnH8LeO_d0_Px0hBXZAKqP6XbLMq58Ed46-Ua6KVs,application/vnd.google-apps.document,1,pending,2025-11-09T04:57:04.799987,
812,/Around the year/Sukkos/Sukkos Event,Sukkos Events,google_doc,2106,1LhwObZzIqIqWFDV4TUQevAfU7rxJkcj2xWdeGJsQ2MU,application/vnd.google-apps.document,1,pending,2025-11-09T04:57:04.819989,
813,/Around the year/Sukkos/Sukkos Event/Games,sukkot_game1.pdf,document,53089,1tgrmXXQXLLvNVV7vsv8MPp3oI1DHpmDG,application/pdf,1,pending,2025-11-09T04:57:04.839993,
814,/Around the year/Sukkos/Sukkos Event/Games,Sukkot+Minyanaire.ppt,other,420352,1GIesXW0im_G12LGfk_H1hhO6D3weGGHo,application/vnd.ms-powerpoint,1,pending,2025-11-09T04:57:04.861988,
815,/Around the year/Sukkos/Sukkos Event/Games,Sukkos game 68 a.pub,other,146432,1bu3FNjBlXKSFOpCLZIe6kU2njNYsRYma,application/vnd.ms-publisher,1,pending,2025-11-09T04:57:04.881988,
816,/Around the year/Sukkos/Sukkos Event/Flyers,Copy of SUKKOT DINNER.pdf,document,275507,1C6FDoio6TQsDxvEtySaqj3mM9PydwpDe,application/pdf,1,pending,2025-11-09T04:57:04.905989,
817,/Around the year/Sukkos/Sukkos Event/Flyers,Hookah in the Sukkah (Levenberg Umass).pdf,document,1633023,1fNoiuK5zYXQj4-pLdvRYVPGfLGc1yGvh,application/pdf,1,pending,2025-11-09T04:57:04.924989,
818,/Around the year/Sukkos/Sukkos Event,Copy of Purim Song.pdf,document,153335,1HRLKS0PHfnaM5xRxnPAbUGrmE4OFSyBf,application/pdf,1,pending,2025-11-09T04:57:04.945990,
819,/Around the year/Sukkos/Sukkos Event/Press Release,Press Release for Sukkah Event,google_doc,2311,1Ket-RKmoyL1RgdJ0SwmLhRah4U07VjriEj83DrLRGLk,application/vnd.google-apps.document,1,pending,2025-11-09T04:57:04.963997,
820,/Around the year/Sukkos/Sukkah Mobile,Sukkah Mobile ,google_doc,2344,1YIf5F-ZXCfiha1nqAasz7wbIQ6nsPJH4m7u3zheBIvM,application/vnd.google-apps.document,1,pending,2025-11-09T04:57:04.982990,
821,/Around the year/Sukkos/Sukkah Mobile/Sukka Mobile Banners,Happy Sukkos Sign - 16837.pdf,document,4568137,1i_0uDImzX4pguxk8-JUIdcKQhG9VOH5E,application/pdf,1,pending,2025-11-09T04:57:05.002988,
822,/Around the year/Sukkos/Sukkah Mobile/Sukka Mobile Banners,Sukkah Mobile Banners,google_doc,1024,1yL40rAQOPJG_f3cFnpdBwTYejlC6eC5XMR8P927h7k4,application/vnd.google-apps.document,1,pending,2025-11-09T04:57:05.018988,
823,/Around the year/Sukkos/Sukkah Mobile/Sukka Mobile Building Instructions,Pickup truck Sukkah instructions,google_doc,1024,1vP7Phvo9t5__RmT4aB7z2Q_Song8CKMTULrqV0oA8Rw,application/vnd.google-apps.document,1,pending,2025-11-09T04:57:05.034990,
824,/Around the year/Sukkos/Sukkah Mobile/Sukka Mobile Building Instructions,DIY-Sukkah-Mobile-Guide.pdf,document,1568286,15KG20-tA0Qp7wZwHg4x4lyGnM4MM0GLI,application/pdf,1,pending,2025-11-09T04:57:05.053988,
825,/Around the year/Simchas Torah,High Holidays,google_doc,3221,1pDRQA_Esbo14R80gz4VKBHmqHKbB63ZzINB6FTarC9I,application/vnd.google-apps.document,1,pending,2025-11-09T04:57:05.074988,
826,/Around the year/Simchas Torah/Video Library,"S""T Video Library",google_doc,1024,1i4Z4gmYzm8JHW2RP5qrZ6BQOTdZvA8-19NX4rED67pc,application/vnd.google-apps.document,1,pending,2025-11-09T04:57:05.085989,
827,/Around the year/Simchas Torah,gift box for K-1 booklet.pub,other,104960,1A5ZWP0MFmOnEpfO1Oxf-q9AbyYiJQVxv,application/vnd.ms-publisher,1,pending,2025-11-09T04:57:05.103988,
828,/Around the year/Simchas Torah,CHS of Potomac Simchat Torah Curriculum.doc,document,18952,1l8xi7mJZReECpOZOrBn5ROMYOVS09Bg0,application/msword,1,pending,2025-11-09T04:57:05.121986,
829,/Around the year/Simchas Torah/Shul/Services,simchas torah day honors,google_doc,2140,1qZEnC92t7XgJrrS2FVeIBHiqdSdaUqx5xpouYTOhkV0,application/vnd.google-apps.document,1,pending,2025-11-09T04:57:05.140988,
830,/Around the year/Simchas Torah/Shul/Services,siddur maariv for simchas torah express.pdf,document,843662,1ABBwtdgOG7_IJAADEXdBvqzaNyHDKrM2,application/pdf,1,pending,2025-11-09T04:57:05.160987,
831,/Around the year/Simchas Torah/Shul/Services,ChasantorahEnglish.docx,document,6231,1484yG46SSL5vzUkQ26yHSfh9ZuBfOw6z,application/vnd.openxmlformats-officedocument.wordprocessingml.document,1,pending,2025-11-09T04:57:05.172988,
832,/Around the year/Simchas Torah/Schedules and Lists,Copy of Simchat Torah Schedule for Bentleigh Chabad copy.docx,document,494475,1a6mwK27q0rIHlqDk5OgAfyklAXssu7Bs,application/vnd.openxmlformats-officedocument.wordprocessingml.document,1,pending,2025-11-09T04:57:05.182989,
833,/Around the year/Simchas Torah/Schedules and Lists,Copy of To buy for simchat torah.docx,document,66939,10T-mMcnf58ObtDo-44V1LVPl65ONTzDK,application/vnd.openxmlformats-officedocument.wordprocessingml.document,1,pending,2025-11-09T04:57:05.194989,
834,/Around the year/Simchas Torah/Kids Programs,SImchas Torah game ideas.docx,document,11402,1bAk4jUO4zC0UdnW3ygH1nvZQVOdk3apa,application/vnd.openxmlformats-officedocument.wordprocessingml.document,1,pending,2025-11-09T04:57:05.205988,
835,/Around the year/Simchas Torah/Kids Programs,List of Parshios in English.doc,document,30208,1_tO-RxRDmZz587p4ZjDbV6EUT00FxQOl,application/msword,1,pending,2025-11-09T04:57:05.217989,
836,/Around the year/Simchas Torah/Kids Programs,Copy of Simchat Torah 2013-5774 kids program,other,0,1lqODGMKHaoPASLY1ocuekAkwSGa3rkRw,application/vnd.google-apps.shortcut,1,pending,2025-11-09T04:57:05.228989,
837,/Around the year/Simchas Torah/Kids Programs,Copy of Simchat Torah Carnival System 2 (1).docx,document,497078,1BIDnKIz0MyysuxO94slq4pl6lcD0UgGj,application/vnd.openxmlformats-officedocument.wordprocessingml.document,1,pending,2025-11-09T04:57:05.237986,
838,/Around the year/Simchas Torah/Kids Programs,Copy of Simchas Torah ideas,google_doc,2692,1WkxgcaIXbZ5RepTsUTJvvrMx0_AJxU16-lTtA_XqTVs,application/vnd.google-apps.document,1,pending,2025-11-09T04:57:05.248012,
839,/Around the year/Simchas Torah/Kids Programs,Copy of SIMCHAS TORAH FLAG w missions.pub,other,1811968,1IOWajAbyjA5UspH10HnYsqY7lm8WfN_a,application/vnd.ms-publisher,1,pending,2025-11-09T04:57:05.258011,
840,/Around the year/Simchas Torah/Classes/Speeches,Copy of The Feet of the Torah.docx,document,36939,1J1Pwsmep7a6f75T6w3oBjori3GKFu_2q,application/vnd.openxmlformats-officedocument.wordprocessingml.document,1,pending,2025-11-09T04:57:05.269990,
841,/Around the year/Simchas Torah/Classes/Speeches,Simchas Torah Talking points,google_doc,1752,1wnghZsfcdtZhtQSgEEMhcetwjz8nP1sW_fLMUcG-v-E,application/vnd.google-apps.document,1,pending,2025-11-09T04:57:05.281986,
842,/Around the year/Simchas Torah/Classes/Speeches,Shmini Atzeres-Simchas Torah.pdf,document,52563,10ExqfrbUF26HcCHszt1qPQvAK8rFZkaY,application/pdf,1,pending,2025-11-09T04:57:05.292985,
843,/Around the year/Simchas Torah/Classes/Speeches,Leil SMCHT Mem Zayin.pdf,document,1745117,1z9oWZhP3GpuXf2V1jAKV0FBiMQMBGtBY,application/pdf,1,pending,2025-11-09T04:57:05.301985,
844,/Around the year/Simchas Torah/Classes/Speeches,Simchas Torah Tisamach - 1506.docx,document,24720,14IWrgvNx4faNIWAf5DZEkY695esenZbj,application/vnd.openxmlformats-officedocument.wordprocessingml.document,1,pending,2025-11-09T04:57:05.314079,
845,/Around the year/Simchas Torah/Classes/Speeches,RaichikStory[1].doc,document,1402880,1emWI3BPy14m-aDl4uo7yKbYG2r9qDuMX,application/msword,1,pending,2025-11-09T04:57:05.330994,
846,/Around the year/Simchas Torah/Classes/Speeches,HISOIRERUS FOR SIMCHAS TORAH.docx,document,42706,1HLdcvoaweZDwkS8K8vtoxP5SGiiJAniG,application/vnd.openxmlformats-officedocument.wordprocessingml.document,1,pending,2025-11-09T04:57:05.343004,
847,"/Around the year/Simchas Torah/Classes/Speeches/Copy of Shmini Atzeret ,Simchat Torah Dvar Torah- Dancing in the Rain","Copy of Shmini Atzeret ,Simchat Torah Dvar Torah- Dancing in the Rain/ Tribal dance",google_doc,2986,1HAfqkkqjKQ1sQyaRxXLb4qvKu5t63t4T8uesz5R53M4,application/vnd.google-apps.document,1,pending,2025-11-09T04:57:05.354989,
848,/Around the year/Simchas Torah/Classes/Speeches,Copy of Adult Interactive Learning.docx,document,18237,1VH2yY5oX1nn_mv7KTwVcqWNiAjxciEWN,application/vnd.openxmlformats-officedocument.wordprocessingml.document,1,pending,2025-11-09T04:57:05.366987,
849,/Around the year/Simchas Torah/Classes/Speeches,Copy of Adult Learning.docx,document,184053,1RblIfnfnDDyeZi_456jUyQV4DSheoVPU,application/vnd.openxmlformats-officedocument.wordprocessingml.document,1,pending,2025-11-09T04:57:05.379005,
850,/Around the year/Simchas Torah/Classes/Speeches,Copy of Adult learning FINAL.pdf,document,419209,1q6bZlSnU9IdEMctnL_6JvhO2yuffyt2d,application/pdf,1,pending,2025-11-09T04:57:05.392989,
851,/Around the year/Simchas Torah/Hakafos,Simchas Torah Roundup,google_doc,1629,1cFBfeEaJUfDHOFFAQFAP3vYuRN7_jABgT3DHBzl7f2A,application/vnd.google-apps.document,1,pending,2025-11-09T04:57:05.405989,
852,/Around the year/Simchas Torah/Hakafos,Simchas torah song book.docx,document,44837,1ysudnUA_XX_KDpnakCeLADA8jH6y6Tox,application/vnd.openxmlformats-officedocument.wordprocessingml.document,1,pending,2025-11-09T04:57:05.417990,
853,/Around the year/Simchas Torah/Hakafos,The Feet of the Torah.docx,document,36939,1sz-XnLl_28v-9jFnBVnqu_PvGYfVa5r-,application/vnd.openxmlformats-officedocument.wordprocessingml.document,1,pending,2025-11-09T04:57:05.427992,
854,/Around the year/Simchas Torah/Hakafos,Simchat Torah KIDS song sheet.pdf,document,19576,1yJt2fzyXYBWTmI10H4-7Mqbn0S5sNSP1,application/pdf,1,pending,2025-11-09T04:57:05.440988,
855,/Around the year/Simchas Torah/Hakafos,simchas torah Songbook.doc,document,897024,1hvkE7hHHGgEUOiJqzkycn3uiTWjszyGo,application/msword,1,pending,2025-11-09T04:57:05.453993,
856,/Around the year/Simchas Torah/Hakafos,Simchas Torah Hakafah prize tickets.pub,other,980480,1AjiRsFBN1aJjx2Ar_nBLTrl4Qdi4Xe-N,application/vnd.ms-publisher,1,pending,2025-11-09T04:57:05.467007,
857,/Around the year/Simchas Torah/Hakafos,Simchas Torah Missions.pub,other,217088,1PTPAVSrs5zOyiEfqp3bhK032MWPVbzql,application/vnd.ms-publisher,1,pending,2025-11-09T04:57:05.481986,
858,/Around the year/Simchas Torah/Hakafos,"S""T Ideas",google_doc,2725,1fbDcbmLla_8Lde9tPVa7emk78mt-OZmoMLYnVWLPVQE,application/vnd.google-apps.document,1,pending,2025-11-09T04:57:05.493009,
859,/Around the year/Simchas Torah/Hakafos,Copy of Simchas Torah booklet 5776.doc,document,126976,1eCSTas6SRCR0JjiD-yvZqkF3oc70d0I0,application/msword,1,pending,2025-11-09T04:57:05.505016,
860,/Around the year/Simchas Torah/Hakafos,Copy of Hakafor Guide.pdf,document,527782,1Di5UornRyH91pzgwo5G12Fi8KQFvdx2h,application/pdf,1,pending,2025-11-09T04:57:05.517986,
861,/Around the year/Simchas Torah/Hakafos,Copy of Hakafot book 5769.pub,other,236032,1OJHDhGK_5QTCMMZR5IqLweBiKjTYUGVQ,application/octet-stream,1,pending,2025-11-09T04:57:05.529092,
862,/Around the year/Simchas Torah/Hakafos,Copy of Hakafot book 5778.pub,other,2090496,1nhV2JYi8Vk6u8d40TFHCIgx847qXLGZi,application/octet-stream,1,pending,2025-11-09T04:57:05.539988,
863,/Around the year/Simchas Torah/Hakafos,Copy of Hakafos Sheet.pdf,document,8990862,1feNtnL42FsLazz2NiHG_56P8pIXHsMQo,application/pdf,1,pending,2025-11-09T04:57:05.550990,
864,/Around the year/Simchas Torah/Hakafos,Copy of Simchat Torah in the Park Guide.docx,document,22173,1xM9s6_ktJ2vT50VAe4kQDkvDg_7NvfgC,application/vnd.openxmlformats-officedocument.wordprocessingml.document,1,pending,2025-11-09T04:57:05.561084,
865,/Around the year/Simchas Torah/Hakafos,Gifts to Give away to kids on ST,google_doc,3745,1t-UFtsxDGKEYi2tTlLfmgTlACNApyAmRdNEAP55u8x0,application/vnd.google-apps.document,1,pending,2025-11-09T04:57:05.572988,
866,/Around the year/Simchas Torah/Simchas Torah With the Rebbe,SIMCHAS TORAH TISMACH.docx,document,37525,1E1bnlFi2RYgqHtDNCFEfAiAPtEpaUe39,application/vnd.openxmlformats-officedocument.wordprocessingml.document,1,pending,2025-11-09T04:57:05.583993,
867,/Around the year/Simchas Torah/Simchas Torah With the Rebbe,Simchas Torah by the Rebbe,google_doc,1456,1mKqPQ4VB8H3-40iGn7k8KJnQD-zwJeMdFXkgCwwDuUI,application/vnd.google-apps.document,1,pending,2025-11-09T04:57:05.595988,
868,/Around the year/Chanukah,Chanukah Canva Links,google_doc,1024,1XSfevX_7gmGA16_VDXRXW-hGpfGRfbmB0-bIuuSJA38,application/vnd.google-apps.document,1,pending,2025-11-09T04:57:05.605989,
869,/Around the year/Chanukah/General,Chanukah Tips and Tricks,google_doc,3184,1LQMFUjK8ee8yEahq5FVhgYnIVQBN-wnhzGoHiUaG5tg,application/vnd.google-apps.document,1,pending,2025-11-09T04:57:05.615989,
870,/Around the year/Chanukah/General,Chanukah To do List.docx,document,43189,1YlEIsp62w1wfeG9hsetkMGEwp0dCht95,application/vnd.openxmlformats-officedocument.wordprocessingml.document,1,pending,2025-11-09T04:57:05.628988,
871,/Around the year/Chanukah/General,Menorah Letters From the Rebbe,google_doc,1024,1kW9mwmXGgd9kbkn7iSMy0M3fU9p4vQcg6RZrAWTRrfc,application/vnd.google-apps.document,1,pending,2025-11-09T04:57:05.641987,
872,/Around the year/Chanukah/General,Chanukah Facebook Contest,google_doc,1408,1i4Agoygwj0MY1XFhFhoRlmbv42hpsQ3FEhHcwpcuPgQ,application/vnd.google-apps.document,1,pending,2025-11-09T04:57:05.652992,
873,/Around the year/Chanukah/Classes,"Copy of 121521502__Class on Chanukah -8 candles, 8 lessons.docx",document,20072,1pbBQer4kgxb1EYucQDZe2w-lPN8DOfsb,application/vnd.openxmlformats-officedocument.wordprocessingml.document,1,pending,2025-11-09T04:57:05.661993,
874,/Around the year/Chanukah/Classes,Copy of Dvar Torah.docx,document,19124,1XeqrAkvlogwDAq-kM7j4S5gwXeaRx8ZA,application/vnd.openxmlformats-officedocument.wordprocessingml.document,1,pending,2025-11-09T04:57:05.673992,
875,/Around the year/Chanukah/Classes,Copy of 121620302__WWR Chanukah 2011.doc,document,57344,1R1bdGnfpyxuymPo3-fPZik5xf1pjSRCa,application/msword,1,pending,2025-11-09T04:57:05.687989,
876,/Around the year/Chanukah/Classes,Copy of womens event chanuka speech.docx,document,17516,12u8sLDvUz1aQKg-ZB1Pk1YWSylFq2BcB,application/vnd.openxmlformats-officedocument.wordprocessingml.document,1,pending,2025-11-09T04:57:05.699986,
877,/Around the year/Chanukah/Classes,Copy of chanukah 5779 my notes.docx,document,19380,1YTolL0ryu1nIVyOMgq7hkKTDI8tDPO49,application/vnd.openxmlformats-officedocument.wordprocessingml.document,1,pending,2025-11-09T04:57:05.712986,
878,/Around the year/Chanukah/Classes,Copy of 121414201__Chanukah Heroines.docx,document,43529,1eHMV5uaWLFmWZGXdTWeto2yQso3uUmyF,application/vnd.openxmlformats-officedocument.wordprocessingml.document,1,pending,2025-11-09T04:57:05.725988,
879,/Around the year/Chanukah/Classes,Copy of DD6_A_DEEPER_MEANING_INTO_CHANUKAH.docx,document,16355,1EpH5ngQVenqbo2fxFoGxxKVaKZ6dJ_Ju,application/vnd.openxmlformats-officedocument.wordprocessingml.document,1,pending,2025-11-09T04:57:05.737986,
880,/Around the year/Chanukah/Classes,Copy of Women of the Chanukah story.docx,document,27986,1-KACAHw6Q8oTsRMREG-LieTktRcj3o02,application/vnd.openxmlformats-officedocument.wordprocessingml.document,1,pending,2025-11-09T04:57:05.751988,
881,/Around the year/Chanukah/Classes,Copy of ChanukahLightUpYourWorld--TeacherGuide.pdf,document,247503,1bO-n_b9hQYocRfLoGsTDkjR0cu2YizRu,application/pdf,1,pending,2025-11-09T04:57:05.768987,
882,/Around the year/Chanukah/Classes,Copy of 121414201__Feminine Side of Chanuka Dvar Torah.docx,document,15336,1XsaG70T3ZRQc0-7DRRMRDrOpdD9Yaux5,application/vnd.openxmlformats-officedocument.wordprocessingml.document,1,pending,2025-11-09T04:57:05.783988,
883,/Around the year/Chanukah/Halacha,Hilchos Chanukah,google_doc,1024,1XbYjql3zdTYpy_Li6TYOFfzZHgptMQVb71PR_362HWw,application/vnd.google-apps.document,1,pending,2025-11-09T04:57:05.799987,
884,/Around the year/Chanukah,Social Media Tips for Chanukah,google_doc,3228,10H_QPQasVo1LQZOpORF8j-SeloA_pIKspXtadmDXBD8,application/vnd.google-apps.document,1,pending,2025-11-09T04:57:05.815988,
885,/Around the year/Chanukah/Old/Chanukah Menorahs-/Car Menorahs-/Parade-,Police Escort,google_doc,1024,1vMUFzTkjRYsQPnsbio8Y04bwwF8xZ2h7tJbz5KUugAM,application/vnd.google-apps.document,1,pending,2025-11-09T04:57:05.827991,
886,/Around the year/Chanukah/Old/Chanukah Menorahs-/Car Menorahs-/Parade-/Connecting music,Connecting Music for Parade,google_doc,2528,1w2zyBxnb4CqsR8RvitIVJitaSuxumZx2YJ-iqVxb5nU,application/vnd.google-apps.document,1,pending,2025-11-09T04:57:05.844989,
887,/Around the year/Chanukah/Old/Chanukah Menorahs-/Car Menorahs-/Parade-/Connecting music,Radio Connection,google_doc,1241,10ZU-ZuoRQhzqwmTRnogbPxASnclD6WvgKa2XzL4UNiI,application/vnd.google-apps.document,1,pending,2025-11-09T04:57:05.861989,
888,/Around the year/Chanukah/Old/Chanukah Menorahs-/Car Menorahs-/Parade-/Parade Press Release,Parade Press 1,google_doc,2739,1ENosyXP4BDuau9BHE7zLUHxJuFAqOgn4pJcca4kWMmQ,application/vnd.google-apps.document,1,pending,2025-11-09T04:57:05.881987,
889,/Around the year/Chanukah/Old/Chanukah Menorahs-/Car Menorahs-/Parade-/Parade Press Release,Chanukah Car Parade Press Release,google_doc,1024,1kZB8r40fZF9U89wlBy1BBP54NRimvgppSgrWiiUknDA,application/vnd.google-apps.document,1,pending,2025-11-09T04:57:05.899993,
890,/Around the year/Chanukah/Old/Chanukah Menorahs-/Car Menorahs-/Parade-,License for Parade?,google_doc,1573,1y8GYvADGk8Qlw67NdA5Jrjb4msR2P_OMdcoGV7IKizw,application/vnd.google-apps.document,1,pending,2025-11-09T04:57:05.917993,
891,/Around the year/Chanukah/Old/Chanukah Menorahs-/Car Menorahs-,Purchase Car Menorah,google_doc,4249,1JJaSJ0e2WkANYfzcWirYe5XpmceqD_xO3N_pTpgz0n4,application/vnd.google-apps.document,1,pending,2025-11-09T04:57:05.931987,
892,/Around the year/Chanukah/Old/Chanukah Menorahs-/Car Menorahs-,Drawing for Menorah 3,google_doc,1024,1FuhGsQ_dn18PT2gA7C60qSnoZjP_jgdY6S04HeoWZCI,application/vnd.google-apps.document,1,pending,2025-11-09T04:57:05.943989,
893,/Around the year/Chanukah/Old/Chanukah Menorahs-/Car Menorahs-,Build a wood car Menorah,google_doc,1024,1tmrtOzdgUo9o4HpMIsDu08WR83Qj0mRhFC1PvKefoJ8,application/vnd.google-apps.document,1,pending,2025-11-09T04:57:05.958007,
894,/Around the year/Chanukah/Old/Chanukah Menorahs-/Public Menorah-,Permission Request From City,google_doc,2787,1nRNjvuiU9ueN7mdO8Trq3hhyErK34UDb2z9Nat4QijQ,application/vnd.google-apps.document,1,pending,2025-11-09T04:57:05.970987,
895,/Around the year/Chanukah/Old/Chanukah Menorahs-/Public Menorah-,Giant Menorah,google_doc,13966,1UBM0Lal2PXvTbhpdkpNq4IHgiasL3RUGfBKeK3UeKGQ,application/vnd.google-apps.document,1,pending,2025-11-09T04:57:05.983994,
896,/Around the year/Chanukah/Old/Chanukah Menorahs-/Public Menorah-,Letters from the Rebbe on Public Lighting,google_doc,3150,1FjLF95PINtDNCnoHFAy1qWyth_I0Ybn7oDdZHM7GebA,application/vnd.google-apps.document,1,pending,2025-11-09T04:57:06.000988,
897,/Around the year/Chanukah/Old/Chanukah Menorahs-/Public Menorah-,Fire Truck giving gelt,google_doc,2144,1JoaqDSG6H3QNNpdmnSZI0D20zi3Stz75eVnuuKo-Ayg,application/vnd.google-apps.document,1,pending,2025-11-09T04:57:06.017004,
898,/Around the year/Chanukah/Old/Chanukah Menorahs-/Public Menorah-,What to use to light a public menorah,google_doc,2613,1nohKbMNpSudrhOqxQfgZNad41tPUcaeYaSOgR3zBm9Q,application/vnd.google-apps.document,1,pending,2025-11-09T04:57:06.032345,
899,/Around the year/Chanukah/Old/Chanukah Menorahs-/Public Menorah-,Ideas on how to light public Menorah no fire,google_doc,7683,1HgvmudxMyGx_9yH5z-DSVw7L02IypZchBa0SAqA2F0E,application/vnd.google-apps.document,1,pending,2025-11-09T04:57:06.046889,
900,/Around the year/Chanukah/Old/Chanukah Menorahs-/Public Menorah-,Menorah on city ground,google_doc,1768,1wp8QIEWe8635YHKtaYuOcL7t5qL2ZHRp9JNa6WAD8AU,application/vnd.google-apps.document,1,pending,2025-11-09T04:57:06.060140,
901,/Around the year/Chanukah/Old/Chanukah Menorahs-/Public Menorah-, Proposal for Menorah public ,google_doc,2801,1fdeoaM0zPK8QormamFdzdXKvQrFYSQs51tH2Bl4f1R8,application/vnd.google-apps.document,1,pending,2025-11-09T04:57:06.083080,
902,/Around the year/Chanukah/Old/Chanukah Menorahs-/Public Menorah-,Invitation for BB,google_doc,1529,1P92tEIsca54GEo3jhr8A0u02dwJITiu3gW4q9xQW0pI,application/vnd.google-apps.document,1,pending,2025-11-09T04:57:06.096065,
903,/Around the year/Chanukah/Old/Chanukah Menorahs-/Public Menorah-,Reform want to join Event,google_doc,2418,1OqzWAr_B5NeMJcY9AoyfCgAqxUajRL08XvFNJEKI-FI,application/vnd.google-apps.document,1,pending,2025-11-09T04:57:06.109083,
904,/Around the year/Chanukah/Old/Chanukah Menorahs-/Public Menorah-,City Wants to Copy Public Lighting Event,google_doc,2597,1_p2-UyDxfsJiux7ZFCArb5O4TSWiwW5kvKhEYlzVhfY,application/vnd.google-apps.document,1,pending,2025-11-09T04:57:06.121084,
905,/Around the year/Chanukah/Old/Chanukah Menorahs-/Public Menorah-,Reform opposition,google_doc,6730,10N-0yBMlKpWX5Lm0QcfmEPunOiem6qIDBLmL-KenKek,application/vnd.google-apps.document,1,pending,2025-11-09T04:57:06.134065,
906,/Around the year/Chanukah/Old/Chanukah Menorahs-/Public Menorah-,Public Menorah Power Source Ideas,google_doc,8907,1_MjNUFyQ1Hzfxb06gtYd8dYj3fzP_v60QsdOXZAbbxg,application/vnd.google-apps.document,1,pending,2025-11-09T04:57:06.150067,
907,/Around the year/Chanukah/Old/Chanukah Menorahs-/Public Menorah-,Spotlight on your Menorah,google_doc,2738,1HBNaZ3S53i3DpIkx2Cc05c9gJBugvMXDokNNMTtGolE,application/vnd.google-apps.document,1,pending,2025-11-09T04:57:06.164823,
908,/Around the year/Chanukah/Old/Chanukah Menorahs-/Public Menorah-,Ideas to jazz up small town menorah lighting,google_doc,3963,118nIcsSZfbEkaph2B9GX9C9-dnAu-nJClMaFOQga0Qo,application/vnd.google-apps.document,1,pending,2025-11-09T04:57:06.178825,
909,/Around the year/Chanukah/Public Menorah,Public Menorah,google_doc,3813,10vrIkNLlUu7dsCU5oPxUwLKEit0lQSg17cseAPk2TBo,application/vnd.google-apps.document,1,pending,2025-11-09T04:57:06.201824,
910,/Around the year/Chanukah/Public Menorah/Copy of Public Menorah Guidelines,Copy of Public Menorah Guidelines/Halacha,google_doc,7037,1PCDbSzdeDMJoAS_A-B5loaTbmArPgCRiSRHC35EX04I,application/vnd.google-apps.document,1,pending,2025-11-09T04:57:06.217528,
911,/Around the year/Chanukah/Public Menorah,Drawings for building 6ft menorah from wood,google_doc,1024,1B_Wagf7YqKBML9xbZKzYYRb1bfYqcA-chDXPjvtxDDY,application/vnd.google-apps.document,1,pending,2025-11-09T04:57:06.237528,
912,/Around the year/Chanukah/Public Menorah,Legal Points,google_doc,1024,1XL3-wBwBj3mg3AKgZrQsoR67h4SlURa2uIgYxe_E1gA,application/vnd.google-apps.document,1,pending,2025-11-09T04:57:06.252529,
913,/Around the year/Chanukah/Car Menorah/Parade,Press Release  Car Parade,google_doc,2703,1Fd27MPDvmYsyM9El4sBfhpyPldtfove1B6cS-t0MNng,application/vnd.google-apps.document,1,pending,2025-11-09T04:57:06.271527,
914,/Around the year/Chanukah/Car Menorah/Parade,car Menorah Parade,google_doc,11633,166OJDY-Gdzcb9PPjirWVSVetGvB6RYEyiWbH9ylSBxI,application/vnd.google-apps.document,1,pending,2025-11-09T04:57:06.290527,
915,/Around the year/Chanukah/Public Menorah Lighting,Public Lighting tips and more,google_doc,6897,1EIV08e_zfu3tg8UL-maWE2vIqUly_jc1KrCRIsl8HtI,application/vnd.google-apps.document,1,pending,2025-11-09T04:57:06.308527,
916,/Around the year/Chanukah/Public Menorah Lighting/Speech for lighting,Speech 1.docx,document,10344,1pOnCtj6Sl7araymt6oV4SEGOBdh71EOW,application/vnd.openxmlformats-officedocument.wordprocessingml.document,1,pending,2025-11-09T04:57:06.326527,
917,/Around the year/Chanukah/Public Menorah Lighting/Speech for lighting,Generic Brief Chanukah Messages,google_doc,2750,1TFPwDyYgNPspcSjSEF-agf89K7HPshMXaRW9RfDnljU,application/vnd.google-apps.document,1,pending,2025-11-09T04:57:06.343527,
918,/Around the year/Chanukah/Public Menorah Lighting/Speech for lighting,My Chanukah or Yours.docx,document,8972,1k9Hn9CHu4yPBfQaZKkTsyWIq9Lr15Z0E,application/vnd.openxmlformats-officedocument.wordprocessingml.document,1,pending,2025-11-09T04:57:06.359547,
919,/Around the year/Chanukah/Public Menorah Lighting/Speech for lighting,Speech 2.docx,document,7649,1CsxtQlYsAAwK7OB0_d4gUI97BiJoWqgl,application/vnd.openxmlformats-officedocument.wordprocessingml.document,1,pending,2025-11-09T04:57:06.375529,
920,/Around the year/Chanukah/Public Menorah Lighting/Speech for lighting,Message from the Rabbi.docx,document,7395,1Ud6qabTB55fPvrR-erYVc26FWOmKZYzN,application/vnd.openxmlformats-officedocument.wordprocessingml.document,1,pending,2025-11-09T04:57:06.394536,
921,/Around the year/Chanukah/Public Menorah Lighting/Speech for lighting,Two short-hand sermons for Mikaitz_Chanukah.docx,document,10532,1vLzYhrPj6RzPtKMrdmdKfQgOWrkld8HS,application/vnd.openxmlformats-officedocument.wordprocessingml.document,1,pending,2025-11-09T04:57:06.409529,
922,/Around the year/Chanukah/Public Menorah Lighting/Speech for lighting,Chanukah Lighting Thoughts.docx,document,13080,1N2f3dAMrnAinTR8vEREbTkwlaOGPACuV,application/vnd.openxmlformats-officedocument.wordprocessingml.document,1,pending,2025-11-09T04:57:06.427528,
923,/Around the year/Chanukah/Public Menorah Lighting/Speech for lighting,Thank you for Speaker.docx,document,7336,1At95uIp1kIeXVGAEcd_5pZmyPEI-RYK0,application/vnd.openxmlformats-officedocument.wordprocessingml.document,1,pending,2025-11-09T04:57:06.444526,
924,/Around the year/Chanukah/Public Menorah Lighting/Speech for lighting,Copy of Chanukah Speech Ideas.docx,document,15151,1QzwdcWzy-q44BIRSVUNvexDSHWCltbQx,application/vnd.openxmlformats-officedocument.wordprocessingml.document,1,pending,2025-11-09T04:57:06.461525,
925,/Around the year/Chanukah/Public Menorah Lighting/Speech for lighting,Vayeshev_ Dare to Dream.docx,document,10893,1ht11Fwl0sk1tssLTKMB8fMTza-gIIjPM,application/vnd.openxmlformats-officedocument.wordprocessingml.document,1,pending,2025-11-09T04:57:06.479531,
926,/Around the year/Chanukah/Public Menorah Lighting/Speech for lighting,George Washington.docx,document,9188,1CrAZMMgrugQbIL-M1XGAlflGO4Q66g7I,application/vnd.openxmlformats-officedocument.wordprocessingml.document,1,pending,2025-11-09T04:57:06.493528,
927,/Around the year/Chanukah/Public Menorah Lighting/Speech for lighting,Speech for menorah lighting.docx,document,8417,1yjvXWsm7y_C6b7CpAq-QeRQaSnTQYJrh,application/vnd.openxmlformats-officedocument.wordprocessingml.document,1,pending,2025-11-09T04:57:06.509529,
928,/Around the year/Chanukah/Public Menorah Lighting,Copy of Menorah Lighting- TO DO LIST,google_doc,3326,1lhk9F7l_M3o5saOP6Um1CHOcE1JQyVus_UgbhS_Kub0,application/vnd.google-apps.document,1,pending,2025-11-09T04:57:06.526541,
929,/Around the year/Chanukah/Public Menorah Lighting/Press Release,Press Release Multiple,google_doc,5017,1oqPlEjpuCe59xUsAfF-BK7f8LdyhHXwR3v7zRc76OAo,application/vnd.google-apps.document,1,pending,2025-11-09T04:57:06.543530,
930,/Around the year/Chanukah/Public Menorah Lighting/Press Release,Press 5.docx,document,7845,1wiXDc5TxATj7pgbB0jpDg9VmjcmcNfiK,application/vnd.openxmlformats-officedocument.wordprocessingml.document,1,pending,2025-11-09T04:57:06.558528,
931,/Around the year/Chanukah/Public Menorah Lighting/Religious Symbol Legal, Denied permission for menorah,google_doc,6472,1f3pBvtOqnRpnqnS2RSTpHPgi7LcDMNLZKRlfTdApLzU,application/vnd.google-apps.document,1,pending,2025-11-09T04:57:06.578527,
932,/Around the year/Chanukah/Public Menorah Lighting/Religious Symbol Legal,Legal Points For Menorah,google_doc,4302,1L1AWGha2C6yR6-2v0H3ghUM8i7vRa7Mb6aa6MdfFUsM,application/vnd.google-apps.document,1,pending,2025-11-09T04:57:06.594532,
933,/Around the year/Chanukah/Public Menorah Lighting/Religious Symbol Legal,Menorah_religious symbol_dignitaries.docx,document,6813,1HZ87OPlxPv4xpqdJhqVQvuom0FfoYZze,application/vnd.openxmlformats-officedocument.wordprocessingml.document,1,pending,2025-11-09T04:57:06.609526,
934,/Around the year/Chanukah/Public Menorah Lighting/Religious Symbol Legal,Public Menorah - legal.docx,document,6284,19PKNzGm6s_AjO1mLODr-vJhIqXKci81Q,application/vnd.openxmlformats-officedocument.wordprocessingml.document,1,pending,2025-11-09T04:57:06.628528,
935,/Around the year/Chanukah/Public Menorah Lighting/Religious Symbol Legal,Menorah - display of freedom,google_doc,2979,1yCp-KHnVMTpmmTjMUtXMprSAukYBbPsQVnZbMLXc3wI,application/vnd.google-apps.document,1,pending,2025-11-09T04:57:06.642525,
936,/Around the year/Chanukah/Public Menorah Lighting/Religious Symbol Legal,"Public Menorah, church & state?!",google_doc,3212,1VtgBDGenphuyIjeeFude28d-UxmPlU2-KfDsG9TqYoc,application/vnd.google-apps.document,1,pending,2025-11-09T04:57:06.659527,
937,/Around the year/Chanukah/Public Menorah Lighting/Religious Symbol Legal,info on Legal rights,google_doc,1024,17F3Km6qtpKyFdNmsLTzYDWqpBAULHiirpwIhEMd_a3o,application/vnd.google-apps.document,1,pending,2025-11-09T04:57:06.670533,
938,/Around the year/Chanukah/Public Menorah Lighting/Religious Symbol Legal,Complete supreme court ruling,google_doc,97030,1VLNQDwE-IXByVjdgOpKR9OUZwGlLrzEwwdCpadNhD6o,application/vnd.google-apps.document,1,pending,2025-11-09T04:57:06.694529,
939,/Around the year/Chanukah/Public Menorah Lighting/Religious Symbol Legal,EXCERPTS FROM THE U.S. SUPREME COURT RULING,google_doc,2621,1D_M6tfboeYzUOrTvWhJG1OWcLRvxTFdDYO2j7DpzQHU,application/vnd.google-apps.document,1,pending,2025-11-09T04:57:06.715541,
940,/Around the year/Chanukah/Public Menorah Lighting/Public Lighting Halachos,questions Chanukah,google_doc,3345,1M9bNOHbICA4SJpGaE6rCI-KGbqSMbebHKq05hpAwAZ8,application/vnd.google-apps.document,1,pending,2025-11-09T04:57:06.730529,
941,/Around the year/Chanukah/Public Menorah Lighting/Public Lighting Halachos/Public Menorah Guidelines,Public Menorah Guidelines/Halacha,google_doc,6215,1R-EzGG2289JCT_By45UUBuaXAA4-P3BSdvEL_q0kDf0,application/vnd.google-apps.document,1,pending,2025-11-09T04:57:06.749528,
942,/Around the year/Chanukah/Public Menorah Lighting/Dignitaries/Invitation,Dignitary Invitation #1-2,google_doc,1219,1Gvx1eIlPtVjNs5w624bqlWDdaV93CYCjvS0UXpHeYDU,application/vnd.google-apps.document,1,pending,2025-11-09T04:57:06.764527,
943,/Around the year/Chanukah/Public Menorah Lighting/Dignitaries/Invitation,Dignitary Invitation #3,google_doc,1024,16mbW8olszk3meoVBaoUvM7tlb4aI-4C3F7DGS03WTCA,application/vnd.google-apps.document,1,pending,2025-11-09T04:57:06.782527,
944,/Around the year/Chanukah/Public Menorah Lighting/Dignitaries/Invitation,Dignitary Invitation #2,google_doc,2394,1J4_3RJ5mJXtvM9J9UGWPyPFO09I3BqncnXUc_lEPa2A,application/vnd.google-apps.document,1,pending,2025-11-09T04:57:06.799528,
945,/Around the year/Chanukah/Public Menorah Lighting/Dignitaries/Proclamation/Speech,Dignitary Proclamation Speech,google_doc,1024,1RWPgXE0bIHK4jFntINwwswQtpA5yoLaOfbfxD8NkmrE,application/vnd.google-apps.document,1,pending,2025-11-09T04:57:06.816532,
946,/Around the year/Chanukah/Public Menorah Lighting/Dignitaries/Proclamation/Speech,Dignitary Proclamation,google_doc,3127,1OU8M-z4f293AxOtdKu8YRuCy9AL6LuMRoYdpc1fsWDE,application/vnd.google-apps.document,1,pending,2025-11-09T04:57:06.830529,
947,/Around the year/Chanukah/Public Menorah Lighting/Dignitaries/Thank You Letter,Thank you letter for Dignitary,google_doc,1024,122pNhBYB0ZzrcX9rpseqHhuG8Xgq6kGPwzySGmIQSAk,application/vnd.google-apps.document,1,pending,2025-11-09T04:57:06.844526,
948,/Around the year/Chanukah/mivtzoim,Menorah Lighting Instruction for BB,google_doc,1875,1XWf4aCX-syvOBzBA6AZz3HKGHyJAA6XoyKRSC_LhsEQ,application/vnd.google-apps.document,1,pending,2025-11-09T04:57:06.860527,
949,/Around the year/Chanukah/Chanukah writer,Draft: License for Parade,google_doc,1141,1k_iyzqP17k5kX2_ehjwvUZUNPjdXIVBNijSVqOUvyJI,application/vnd.google-apps.document,1,pending,2025-11-09T04:57:06.873527,
950,/Around the year/Chanukah/Chanukah writer,Draft: Ideas for Menorah Parade,google_doc,3646,1ExR-LUYF1HKRN3wcn8wTCBPWLx_eUBakfUvpABDC0gw,application/vnd.google-apps.document,1,pending,2025-11-09T04:57:06.888527,
951,/Around the year/Chanukah/Chanukah writer,Draft: Purchase Car Menorah,google_doc,5083,12qPlhmbrfVCCH0g9h2DZsUCB0T8yGXzIl7eHbnQ7q6U,application/vnd.google-apps.document,1,pending,2025-11-09T04:57:06.900530,
952,/Around the year/Chanukah/Chanukah writer,Draft: Police Escort,google_doc,1478,1H4aYO9vEuQ6oVXtM0UJtMPNgYYIGrCLt9dMLlWVR_ns,application/vnd.google-apps.document,1,pending,2025-11-09T04:57:06.911528,
953,/Around the year/Chanukah,Menorah by a Wedding,google_doc,3872,1gp_u51DVHcS1DhPky6Eig15BV1-ypMfTUJj4MIp6A2A,application/vnd.google-apps.document,1,pending,2025-11-09T04:57:06.922527,
954,/Around the year/Chanukah/Press Release,Press 4,google_doc,3232,1BZlNXhRRi3VccW-gZW3_o0hfxB2vailx5e1wCZygMwk,application/vnd.google-apps.document,1,pending,2025-11-09T04:57:06.937527,
955,/Around the year/Chanukah/Press Release,Chanukah Newspaper Article,google_doc,2691,1FGJheIDHUc6Qc4kbuwSdrIrD2YaGSQynNlOH4r6Ve7Q,application/vnd.google-apps.document,1,pending,2025-11-09T04:57:06.951526,
956,/Around the year/Chanukah/Speech for lighting,Speech 1,google_doc,3396,1TGczFrZ07ktF69pD8dsam7tgOtz0FLvOqfs2KTT0j9k,application/vnd.google-apps.document,1,pending,2025-11-09T04:57:06.964527,
957,/Around the year/Chanukah/Speech for lighting,Copy of Chanukah Speech Ideas.docx,document,15151,1t2-ulfh9CnXwVJLbzkEo-RonuU2muUme,application/vnd.openxmlformats-officedocument.wordprocessingml.document,1,pending,2025-11-09T04:57:06.977528,
958,/Around the year/Chanukah/Speech for lighting,Speech 2,google_doc,2138,1yFzyq9nY0uf6WeF5yF_7nf_kq1_l5wh1JAjojR3KFK4,application/vnd.google-apps.document,1,pending,2025-11-09T04:57:06.990526,
959,/Around the year/Chanukah/Speech for lighting,Message from the Rabbi,google_doc,2131,11LsoMenJeuvpysm0SfnDkfF4fS0bmacQ2hUiCnqfvuE,application/vnd.google-apps.document,1,pending,2025-11-09T04:57:07.004527,
960,/Around the year/Chanukah/Speech for lighting,Chanukah Timeline,google_doc,1024,1GifnnU9gSgvCDgVFrbjMFV3yx2wLvipRvPxZBANDHno,application/vnd.google-apps.document,1,pending,2025-11-09T04:57:07.019528,
961,/Around the year/Chanukah/Speech for lighting,Generic Brief Chanukah Messages,google_doc,1024,1j39F4aWXyxmNZC9XlpgY8f47edum2NHjm0buSJBYIPY,application/vnd.google-apps.document,1,pending,2025-11-09T04:57:07.033528,
962,/Around the year/Chanukah/Speech for lighting/Two short-hand sermons for Mikaitz,Two short-hand sermons for Mikaitz/Chanukah,google_doc,5534,175wc5sRBz9VpAeE2Z9k5wLZcEzyExHDh_URyYJ5rqWM,application/vnd.google-apps.document,1,pending,2025-11-09T04:57:07.051527,
963,/Around the year/Chanukah/Speech for lighting,Speech for menorah lighting,google_doc,3364,1DlyhbVOoQb2fXbNOksA5oZI2fmzyTI3QQ0FSrUai-eI,application/vnd.google-apps.document,1,pending,2025-11-09T04:57:07.068554,
964,/Around the year/Chanukah/Speech for lighting,George Washington,google_doc,4013,1W0X6sZp21QyZ2ZItprPEyoyZ2rQUs5wQCdfPSAfE2to,application/vnd.google-apps.document,1,pending,2025-11-09T04:57:07.082528,
965,/Around the year/Chanukah/Speech for lighting,Chanukah Lighting Thoughts,google_doc,7879,11cfDDY1-MDxKuFsHk73acLjNAHXTr3jhUnIbXxe4G1M,application/vnd.google-apps.document,1,pending,2025-11-09T04:57:07.108548,
966,/Around the year/Chanukah/Speech for lighting,My Chanukah or Yours,google_doc,3459,1a_GW21m9AANc15H-YB7hZURn-HjNIHQjUlw42FpBSWM,application/vnd.google-apps.document,1,pending,2025-11-09T04:57:07.121530,
967,/Around the year/Chanukah/Speech for lighting,Vayeshev: Dare to Dream,google_doc,5558,1lQnsfKAkMAGh5vNp1p2zaTlcidxOQgl82AMzH5T6XBo,application/vnd.google-apps.document,1,pending,2025-11-09T04:57:07.135550,
968,/Around the year/Chanukah/sponsorship,corporate sponshorship email,google_doc,7749,1CtOn_4BmnnUNz1r0r0GElewv02ZH4rA6UsvQX8hr3NM,application/vnd.google-apps.document,1,pending,2025-11-09T04:57:07.148550,
969,/Around the year/Chanukah/sponsorship,Walmart Foundation,google_doc,2438,1b5F9q_yQXsFmFe58JNhVsFc1CKyDl_F9rW_cCOIGjqc,application/vnd.google-apps.document,1,pending,2025-11-09T04:57:07.165612,
970,/Around the year/Chanukah/Chanukah Events/Recipes,Trader Joes Latkes,google_doc,1390,1s2Z16QoLurKdaHpM9-UWdi65J9-xU7n9h2MOX69O7uE,application/vnd.google-apps.document,1,pending,2025-11-09T04:57:07.179533,
971,/Around the year/Chanukah/Chanukah Events/Recipes,Chanukah Recipes,google_doc,2166,1yl8i2-HJQcAG2HoJdCHnrNpawvmEsZLW8BjIdJBXPSQ,application/vnd.google-apps.document,1,pending,2025-11-09T04:57:07.192527,
972,/Around the year/Chanukah/Chanukah Events/Music/Play list ,Play list / Music for event,google_doc,2252,1aQjnu47WKHINqxVA-V67Yb8CLzA5FNMxrxAaxRJalNQ,application/vnd.google-apps.document,1,pending,2025-11-09T04:57:07.206532,
973,/Around the year/Chanukah/Chanukah Events/Event Ideas,Chanukah Wonderland.docx,document,227876,1To5sYPXzN9N9VEXveU9qPH_iRpWKU59f,application/vnd.openxmlformats-officedocument.wordprocessingml.document,1,pending,2025-11-09T04:57:07.217527,
974,/Around the year/Chanukah/Chanukah Events/Event Ideas,Menorah Ideas for Events,google_doc,2387,1j_2ZZHxPCH-ZpCSJO6S9j2TkAYJ8z8mGT2OVZyVgjaA,application/vnd.google-apps.document,1,pending,2025-11-09T04:57:07.229530,
975,/Around the year/Chanukah/Chanukah Events/Event Ideas,events ideas ,google_doc,3724,11_dy-r7aDSI6SlDJ4Me8Tb_p8LRmkqopVHXCv9JHSAE,application/vnd.google-apps.document,1,pending,2025-11-09T04:57:07.241535,
976,/Around the year/Chanukah/Chanukah Events/Event Ideas,Latke Tasting,google_doc,2534,1JDybRzFz8S4azrAUKkPIjSS4PGJROeFLq5kbXBGICs4,application/vnd.google-apps.document,1,pending,2025-11-09T04:57:07.252566,
977,/Around the year/Chanukah/Chanukah Events/Event Ideas,Home Depot,google_doc,3197,195UtKQTajNkjrg_YWUCQO6ZFKDiK4cHkgoNzWhmIBxQ,application/vnd.google-apps.document,1,pending,2025-11-09T04:57:07.271569,
978,/Around the year/Chanukah/Chanukah Events/Event Ideas,Chanukah in the Mall,google_doc,1024,178NfVHDj0XD19dRMmrAnCLMvACpj557Luhly3z5R33I,application/vnd.google-apps.document,1,pending,2025-11-09T04:57:07.289529,
979,/Around the year/Chanukah/Chanukah Events/Event Ideas,Chanukah Wonderland ,google_doc,2299,1k6jn-h4fq-paVrDMUmBDfYnGU8Wnos0_icINAi7Yry4,application/vnd.google-apps.document,1,pending,2025-11-09T04:57:07.301531,
980,/Around the year/Chanukah/Chanukah Events/Event Ideas,Games and Crafts,google_doc,1024,113036lgKANiZm5-WkqqbUfFQ8LC50AqE0cWN2JZVYfI,application/vnd.google-apps.document,1,pending,2025-11-09T04:57:07.315530,
981,/Around the year/Chanukah/Chanukah Events/Event Ideas,Jewish Heritage Night,google_doc,5207,19Jhk9bDuMiOgWiJerdZsUTuBBFKiF55CXP-jOlb-MOU,application/vnd.google-apps.document,1,pending,2025-11-09T04:57:07.327532,
982,/Around the year/Chanukah/Chanukah Events/Event Ideas,"Ladies Pre Chanukah Evening: Wine, Cheese ",google_doc,1653,1Wa-Wcezs8c38PpRFmnHE3hEPpFqCaeAXCCkF2CfkxSg,application/vnd.google-apps.document,1,pending,2025-11-09T04:57:07.338532,
983,/Around the year/Chanukah/Chanukah Events/Event Ideas,Chanukah Bus Delivers Joy to Senior Citizens,google_doc,2436,1qoOUi5fqliUN5bQuinFM0pje34tartB9OYVNpJIgYdw,application/vnd.google-apps.document,1,pending,2025-11-09T04:57:07.351525,
984,/Around the year/Chanukah/Chanukah Events/Event Ideas,Virtual Reality,google_doc,2195,1p3VLLPHyN1ZFXPtHb7XHjwk0uEfwsx0liyETuXS036o,application/vnd.google-apps.document,1,pending,2025-11-09T04:57:07.364531,
985,/Around the year/Chanukah/Chanukah Events/Event Advertising/Marketing,Flyers ,google_doc,1024,1SbI5Kb-YkSmrjzBHrrRIU27FSoRJFsCuKJlkWNW-vPc,application/vnd.google-apps.document,1,pending,2025-11-09T04:57:07.374528,
986,/Around the year/Chanukah/Chanukah Events/Event Advertising/Marketing,Newspaper Article,google_doc,6254,16kABVayVRDYT6SedPfg61Rl-bHHs8tH2F65rPHxWy2k,application/vnd.google-apps.document,1,pending,2025-11-09T04:57:07.385525,
987,/Around the year/15 Shevat,tubshvatcarnival.pdf,document,387297,1wpMSYK-NB4iGyK0AYjvxsQie0nZctkRW,application/pdf,1,pending,2025-11-09T04:57:07.398530,
988,/Around the year/15 Shevat/Seder,Tu B'shvat Seder Guide (Mrs. Shoshana Hoexter),document,215162,1Ar955H9JTWHJUENSnElA7t6BhFQp5grk,application/pdf,1,pending,2025-11-09T04:57:07.410528,
989,/Around the year/15 Shevat/Seder,Tu b'shvat Powerpoint (Mrs. Chaya Mushka Yaras),other,3474897,1qrB7UjPS_vXgBN_c-hgYXqtUSfh8ZfM9,application/vnd.openxmlformats-officedocument.presentationml.presentation,1,pending,2025-11-09T04:57:07.424534,
990,/Around the year/15 Shevat/JWC Edible Arrangements,JWC Edible Arrangements updated.docx,document,16570,1wAU3-CYkyf238WfmfpcfqmlsCOoMPAyW,application/vnd.openxmlformats-officedocument.wordprocessingml.document,1,pending,2025-11-09T04:57:07.435614,
991,/Around the year/15 Shevat/JWC Edible Arrangements,JWC Edible Arrangements AFTER THE PROGRAM UPDATED WITH NOTES AND AMOUNTS.docx,document,20381,1G2K1FEx3VSBEHhVpucouHtmR6iTZxtmV,application/vnd.openxmlformats-officedocument.wordprocessingml.document,1,pending,2025-11-09T04:57:07.447528,
992,/Around the year/15 Shevat/Classes,Tu Bshvat - Sara Bluming.docx,document,100550,1LsdkKdFX4XzR_6Gr69JjpW8uh7ZPdDX0,application/vnd.openxmlformats-officedocument.wordprocessingml.document,1,pending,2025-11-09T04:57:07.460620,
993,/Around the year/15 Shevat/Classes,Eight Ways to Be Like a Tree.docx,document,45915,1igw4RpXTHr_cNIbFMqOcBKST_DRKvkcB,application/vnd.openxmlformats-officedocument.wordprocessingml.document,1,pending,2025-11-09T04:57:07.474529,
994,/Around the year/15 Shevat/Classes,13022203__Tu BShvat 2014.pdf,document,696550,1Z71n6dtylyw67884eOC7IRFXnyeyXN5m,application/pdf,1,pending,2025-11-09T04:57:07.486526,
995,/Around the year/15 Shevat/Classes,13022203__Tu B_Shvat_Parenting.pdf,document,587772,1iC4XXEyt8Fi8deEz4AZFaniI8b80EWx_,application/pdf,1,pending,2025-11-09T04:57:07.504526,
996,/Around the year/15 Shevat/Classes,13022203__Tu BShvat 2014.doc,document,70656,1N77HqmkAEj9jOIJFs8odjxo0t4P_0lhf,application/msword,1,pending,2025-11-09T04:57:07.526526,
997,/Around the year/15 Shevat/Classes,13022203__Tu BShvat 2018.doc,document,59392,15RRFWBFudcufvbWA2GcKNb8p54BxVfYI,application/msword,1,pending,2025-11-09T04:57:07.545528,
998,/Around the year/15 Shevat/Classes,13022203__Tu B_Shvat 2012 (1).doc,document,101376,1KCevNUcvgsRY6jmczeDeWjI71xMFIp9m,application/msword,1,pending,2025-11-09T04:57:07.562527,
999,/Around the year/15 Shevat/Classes,tu bishvat class (Rabbi Laufer),document,24764,1F01HDjqHCpH0llIPBaw9NFdZRMUX74FV,application/msword,1,pending,2025-11-09T04:57:07.581527,
1000,/Around the year/15 Shevat/Classes,tu bishvat article (Rabbi Laizer Gurkow),document,7576,1zAAPlzvYzMwVKhoAXpzclJ6V7DNUbM0E,application/msword,1,pending,2025-11-09T04:57:07.597528,
1001,/Around the year/15 Shevat/Classes,Tu b'Shvat Shiur (Rabbi Avremi Kievman),document,62976,1KeZSv1OhWzKTsd7WJV-l7UozcoKgSSYe,application/msword,1,pending,2025-11-09T04:57:07.615528,
1002,/Around the year/15 Shevat/Classes,15 Shvat in the Light of Chassidus,document,45653,1nUcpqayAtLxupTEPpkpvsrXEPfohkPjx,application/pdf,1,pending,2025-11-09T04:57:07.631529,
1003,/Around the year/15 Shevat/Classes,Women's Weekly Roundtable Tu B'Shvat (Mrs. Sarale Bluming0,document,41472,1L8dqbWsXyxR7yQ4WR9yn4rhzzox-8WIH,application/msword,1,pending,2025-11-09T04:57:07.646528,
1004,/Around the year/15 Shevat/Classes,Dvar Torah-The fruits in me & you (Mrs. Sarale Bluming ),document,26112,1bmavbhq7BpY5K_8CDkNdtYYyihHRJ5IC,application/msword,1,pending,2025-11-09T04:57:07.660529,
1005,/Around the year/15 Shevat/Classes,Tu B'Shvat Class (Mrs. Sarale Bluming),document,97280,1Ip2UP5P0smDe1Ru4PT4aXvIxHmHu-XtO,application/msword,1,pending,2025-11-09T04:57:07.673528,
1006,/Around the year/15 Shevat/Classes,Tu B'shvat Class (Mrs. Chani Silverman),document,18131,1NDBeu1sdAmJfBfDDTT8UlYSYOGDQZQnT,application/vnd.openxmlformats-officedocument.wordprocessingml.document,1,pending,2025-11-09T04:57:07.685528,
1007,/Around the year/15 Shevat/Classes,Tu B'shvat Menu Ideas (Chabad On Campus Archives),document,12143,19kNjp7-iMBBiWN3KzU3EJ8iPqkKCYJ76,application/vnd.openxmlformats-officedocument.wordprocessingml.document,1,pending,2025-11-09T04:57:07.697530,
1008,/Around the year/15 Shevat/Classes,HISOIRERUS FOR CHAMISHA OSOR BISHVAT (Rabbi Yossi Lew).docx,document,37148,1eUm-BWaF2mxwQtutCQsiTqYtOSKIk50Q,application/vnd.openxmlformats-officedocument.wordprocessingml.document,1,pending,2025-11-09T04:57:07.714130,
1009,/Around the year/15 Shevat,Tu B'shvat or Chamisha Asar B'Shvat,google_doc,2594,1Ybi6AHFF_K1MvUKvYAbtEsxt8x5Noe1xb_vvxlNnWEo,application/vnd.google-apps.document,1,pending,2025-11-09T04:57:07.725127,
1010,/Around the year/15 Shevat,Tu Bishvat Senate Prayer (Rabbi Yossi Serebryanski),document,23552,1d7HKPqEVAJIf8SZgyGNG9MNyMNYziOad,application/msword,1,pending,2025-11-09T04:57:07.743073,
1011,/Around the year/Purim,Purim Thems ,google_doc,26602,1X3FbdvnqCcaYS6yZUf6GJQzC1tQHfCGfqbxXjH5uNqo,application/vnd.google-apps.document,1,pending,2025-11-09T04:57:07.754744,
1012,/Around the year/Purim,Purim Project,google_doc,3365,1TXQxP5VxQ7hV5dSyihh_kPkLEqABvWPitMQxZKhPhyQ,application/vnd.google-apps.document,1,pending,2025-11-09T04:57:07.765729,
1013,/Around the year/Purim/Thank You,Thank You Letters,google_doc,3839,17Ql4UlNLtP3K5bBKJ8OtPQhsnWtNaCpzRMiGKb9IouU,application/vnd.google-apps.document,1,pending,2025-11-09T04:57:07.776729,
1014,/Around the year/Purim,Canva Links,google_doc,1024,1-T-wqCaZOHW0dG67rsMQpvzigGLiXlSq75QJcPNgW6w,application/vnd.google-apps.document,1,pending,2025-11-09T04:57:07.787746,
1015,/Around the year/Purim,To Think About,google_doc,1024,15zFtRbQKFkgp9KkB3da80mO9C-Ymgzhmhte5Esmswog,application/vnd.google-apps.document,1,pending,2025-11-09T04:57:07.797745,
1016,/Around the year/Purim,Purim Cover.pub,other,97792,1sGQkv4k_ZUk_ZpLtiLHUfEFJ6uAJQgaQ,application/vnd.ms-publisher,1,pending,2025-11-09T04:57:07.808725,
1017,/Around the year/Purim,Purim Schedule - Thursday.doc,document,380928,1-imqAnqC7RqWTkd9BSNWNupmiOoqQeee,application/msword,1,pending,2025-11-09T04:57:07.818726,
1018,/Around the year/Purim/Purim Parties,Kids activities,google_doc,1024,1FnGHhs7RtYy-3RNEexyvjphcPRCUVpNB5ohCxxqu8dY,application/vnd.google-apps.document,1,pending,2025-11-09T04:57:07.829729,
1019,/Around the year/Purim/Purim Parties/Music,Purim Music,google_doc,1024,1wwZl7xpgjwYU7CB8ll4tpGV-JVIBEAGk68NaJMkhwHs,application/vnd.google-apps.document,1,pending,2025-11-09T04:57:07.840747,
1020,/Around the year/Purim/Purim Parties/Purim Play,Purim Lyrics for Waltzing Matilda,google_doc,1024,1_jV7CdkqpErY-kxJrnqK_Z2F5z-gwKZLPpfGlpqDpSY,application/vnd.google-apps.document,1,pending,2025-11-09T04:57:07.851728,
1021,/Around the year/Purim/Purim Parties/Purim Play,Copy of purim narration in rhyme.pdf,document,50613,1JcgcBddsJNFhuwsB9e_h1oya6zB3OZud,application/pdf,1,pending,2025-11-09T04:57:07.863359,
1022,/Around the year/Purim/Purim Parties/Purim Play,Copy of purim play.pdf,document,179923,1asPxPpnuckkvuYnDlyuoetElq58wGvAn,application/pdf,1,pending,2025-11-09T04:57:07.878360,
1023,/Around the year/Purim/Purim Parties/Purim Play,Copy of Purim Musical Play.pdf,document,170590,18SkUekn3vmSiGfMCgBKR9d5_E2uqdSd9,application/pdf,1,pending,2025-11-09T04:57:07.892359,
1024,/Around the year/Purim/Purim Parties/Purim Play,Copy of purim play (1).docx,document,22164,1ktBGdNr-RqXrL-IDFADr0FIX6P4FG4vl,application/vnd.openxmlformats-officedocument.wordprocessingml.document,1,pending,2025-11-09T04:57:07.903447,
1025,/Around the year/Purim/Purim Parties,Copy of purim drinmk menu.pdf,document,121541,1gmsNhqSrDxQJvbOcMfj1w-BnugLUQpN_,application/pdf,1,pending,2025-11-09T04:57:07.915359,
1026,/Around the year/Purim/Purim Parties/Games and Crafts,Drive,google_doc,1024,187Dz3QlsQbWxLuE49bu6px1oR9HigXZES4zUoQRjWLY,application/vnd.google-apps.document,1,pending,2025-11-09T04:57:07.927444,
1027,/Around the year/Purim/Purim Parties/Games and Crafts,right left game,google_doc,2089,1XLQy1yrJCKiBLASL8DIaD89i0RxxbW8i90ML0YQPzm0,application/vnd.google-apps.document,1,pending,2025-11-09T04:57:07.938444,
1028,/Around the year/Purim/Purim Parties/Games and Crafts,Seudah Game,google_doc,2108,1VSu12F3_PoQTEs9venXzL1wq568qTp6VCEkNE7MQsDo,application/vnd.google-apps.document,1,pending,2025-11-09T04:57:07.950361,
1029,/Around the year/Purim/Purim Parties/Games and Crafts,Purim Jewpardy,google_doc,1024,1axHqtCzpMuaSs8P-WIMFVX8JgsKFZ1PjOkCK4CkeofU,application/vnd.google-apps.document,1,pending,2025-11-09T04:57:07.963363,
1030,/Around the year/Purim/Purim Parties/Games and Crafts,Purim Games and Crafts:,google_doc,11838,1-smNdqQMf_RFGaPGPP3GdNd_JiLa1KsHBvsctYfh3b8,application/vnd.google-apps.document,1,pending,2025-11-09T04:57:07.978357,
1031,/Around the year/Purim/Purim Parties/themes ,Purim in Israel,google_doc,2294,17FRSp9kPbznOEuXR82R_tHYF-gnUR-z54gy5Ofkx2Mk,application/vnd.google-apps.document,1,pending,2025-11-09T04:57:07.996355,
1032,/Around the year/Purim/Purim Parties/themes ,Morrocon Purim,google_doc,2110,1DWVVLprsnx4axzUB98VGOAO4d3ylwCJ7Pz8D0-a6wss,application/vnd.google-apps.document,1,pending,2025-11-09T04:57:08.013358,
1033,/Around the year/Purim/Purim Parties/themes ,glow in the dark,google_doc,1065,1LNUHGO76IC-sOCgJgyjtVqAER6orhbGlm2_WB_8kNrM,application/vnd.google-apps.document,1,pending,2025-11-09T04:57:08.032356,
1034,/Around the year/Purim/Purim Parties/themes ,Purim in Italy,google_doc,1671,1Kntg2ku1Vmr9blKU7v2MadEAa1HomJTfCYlaQ_iV_iI,application/vnd.google-apps.document,1,pending,2025-11-09T04:57:08.049362,
1035,/Around the year/Purim/Purim Parties/themes ,Purim Themes Drives,google_doc,1024,1NvII4DB6c6LlQnyoh-fS7d-gHOOYmsw-63nVVGTfBus,application/vnd.google-apps.document,1,pending,2025-11-09T04:57:08.061360,
1036,/Around the year/Purim/Purim Parties/themes ,Purim in South America,google_doc,1040,1o8bMgi_yI4GDroUil0PTLbcmXWSi-wQ6ULyLGtsT2VI,application/vnd.google-apps.document,1,pending,2025-11-09T04:57:08.074390,
1037,/Around the year/Purim/Purim Parties/themes ,Purim in Japan,google_doc,1024,1ba_ArSpWYqAXN9d8xc6aa3mtOkE9YVzuvo4liePktPw,application/vnd.google-apps.document,1,pending,2025-11-09T04:57:08.087455,
1038,/Around the year/Purim/Purim Parties/themes ,Purim in Africa,google_doc,1024,1AC0Of-M3swXd751YOMkEQbSoTv8p_Was3wjPFstd3tw,application/vnd.google-apps.document,1,pending,2025-11-09T04:57:08.100438,
1039,/Around the year/Purim/Purim Parties/themes ,Purim in the Stadium,google_doc,1024,1XGAdMtkfBMQVhK6SK-UkFdMEiLbVCNBgi19p9uDIN-Y,application/vnd.google-apps.document,1,pending,2025-11-09T04:57:08.114372,
1040,/Around the year/Purim/Purim Parties/themes ,Purim in Outer Space,google_doc,1170,185wtED7khEfAzdg_5mTetDWJeWtAzHreT0SubljQS8s,application/vnd.google-apps.document,1,pending,2025-11-09T04:57:08.131359,
1041,/Around the year/Purim/Purim Parties/themes ,Purim in the Wild West,google_doc,1035,1fFVrHK4qeb98iqPEboy_D6oIrYh3oO3D2W3bhFEvWMw,application/vnd.google-apps.document,1,pending,2025-11-09T04:57:08.145355,
1042,/Around the year/Purim/Purim Parties/themes ,Purim in the Shtetl,google_doc,1163,1gN0U6AvUEXSDTogUbmVKN5sGMhC24la_K_8JKQo-0RE,application/vnd.google-apps.document,1,pending,2025-11-09T04:57:08.157359,
1043,/Around the year/Purim/Mitzvos,shalach manos ideas,google_doc,18590,1koXh70IlMEaiOhO1nxFFt6WkQdfEIC32UysS5aeDX18,application/vnd.google-apps.document,1,pending,2025-11-09T04:57:08.170438,
1044,/Around the year/Purim/Mitzvos,how to how to implement Purim Mitzvahs,google_doc,2001,1Nas3m9YKao3P5HgYpZ8H2eBSHoGOZVvRjV1KJDUum0Q,application/vnd.google-apps.document,1,pending,2025-11-09T04:57:08.188361,
1045,/Around the year/Purim/Mitzvos,Copy of mm letter 2 per pg 2015.pdf,document,1749785,1W6gdUY0v8erIewHbVL0_OkUFH6q0S3Ig,application/pdf,1,pending,2025-11-09T04:57:08.200355,
1046,/Around the year/Purim/Mitzvos,Copy of mitzvos of purim.pdf,document,10178986,1GRbO8zDyfpBco8l89gb5gfFkeERNAN_f,application/pdf,1,pending,2025-11-09T04:57:08.212475,
1047,/Around the year/Purim/Mitzvos,Copy of Kirkland_Mitzvot Card.pdf,document,270141,15i52o9NuCXaAwwgtB1BdN9zvZ_XxRFhK,application/pdf,1,pending,2025-11-09T04:57:08.225438,
1048,/Around the year/Purim/Mitzvos,Copy of Mitzvos of purim-l'chaim.pdf,document,391754,1FNOdD4kKWyljF4SE_LXVZsKt3pENc1EV,application/pdf,1,pending,2025-11-09T04:57:08.239440,
1049,/Around the year/Purim/Purim Poems,Poem Cards Drive,google_doc,1024,1np0xvszs_ZJRy-lIkS3x71GBXIZ2P_Om2BN6AQwBNzE,application/vnd.google-apps.document,1,pending,2025-11-09T04:57:08.252530,
1050,/Around the year/Purim/Purim Poems,Copy of Purim Havdalah Poem.docx,document,63967,1rSBEkXBXvr9Anr110GHQkVB9hE6oOz2U,application/vnd.openxmlformats-officedocument.wordprocessingml.document,1,pending,2025-11-09T04:57:08.264434,
1051,/Around the year/Purim/Hamentash Bake,Hamentash Bake Files,google_doc,1024,1VfwCxmGwIz332Aa3MGnnW4WP1Q_nYSoGfP5ppvGvocM,application/vnd.google-apps.document,1,pending,2025-11-09T04:57:08.281438,
1052,/Around the year/Purim/Hamentash Bake,Copy of Steps how to make hamentashen.pdf,document,2343265,1ZnOikgFFQ9n71mFE3G5YrGlvqs-HFqsJ,application/pdf,1,pending,2025-11-09T04:57:08.294441,
1053,/Around the year/Purim/Megillah/Purim,Purim/Megillah Videos,google_doc,1024,1IegCrxp0JSWHLdBLSrpw2G5KiTL8gPNpBBe6N7yEcSw,application/vnd.google-apps.document,1,pending,2025-11-09T04:57:08.307438,
1054,/Around the year/Purim/Megillah,Copy of megillah slide show.pptx,other,36816219,1FNg-oPFUO1LPPYf-2DScixxELnp_Yopd,application/vnd.openxmlformats-officedocument.presentationml.presentation,1,pending,2025-11-09T04:57:08.319806,
1055,/Around the year/Purim/Megillah,Copy of Printable Megilla.pdf,document,262696,1Rqpsgiza9dc2-azdCAIEoF5gau-dSzJc,application/pdf,1,pending,2025-11-09T04:57:08.333887,
1056,/Around the year/Purim/Megillah,Megillah,google_doc,1024,1Lz40AO09B1T8n9yekL-CcNrugaEH0jH9C_YY4jdLXcQ,application/vnd.google-apps.document,1,pending,2025-11-09T04:57:08.347886,
1057,/Around the year/Purim/Classes,Classes,google_doc,7706,165ehrFAXesIBZ8kIqbcEV3EexGUeYDJ9_5WlJg2UACU,application/vnd.google-apps.document,1,pending,2025-11-09T04:57:08.360801,
1058,/Around the year/Purim,Copy of purim_flyer_-_canva_links.pdf,document,514299,1uITJrNQ8vTpJC9ihdDOKVpVq2v1jqAnS,application/pdf,1,pending,2025-11-09T04:57:08.374885,
1059,/Around the year/Purim/halacha,Copy Purim Halachos draft,google_doc,15913,1tsdS2fB8kJK0NMSw5jE8G58FThdAYNsCdcQw3nAVqWU,application/vnd.google-apps.document,1,pending,2025-11-09T04:57:08.389803,
1060,/Around the year/Purim/halacha,original Translated copy of halachos draft,google_doc,43741,1qqHHMUwdCwYD2WdR8mpAz1Dm8jROdghiUrkRGnYiJrk,application/vnd.google-apps.document,1,pending,2025-11-09T04:57:08.405803,
1061,/Around the year/Purim/halacha,Original halachos draft,google_doc,6986,1plMyOE0gIEVfp_vRmCMrgof3Nf0u_phg1MCICpynZr4,application/vnd.google-apps.document,1,pending,2025-11-09T04:57:08.422803,
1062,/Around the year/Purim/halacha,Copy Translated Copy of Purim Halachos draft,google_doc,10425,16bm98hGCmi_pRdzeLFeIuSNcjm29TOOgs8GQg_s3q_I,application/vnd.google-apps.document,1,pending,2025-11-09T04:57:08.443804,
1063,/Around the year/Purim/halacha,halochos purim,google_doc,2319,1uw0ZRfbkC3r0GRSXUnsLQ-uFrNPYv8kfIohOH1juoVQ,application/vnd.google-apps.document,1,pending,2025-11-09T04:57:08.459804,
1064,/Around the year/Purim/halacha,Copy of Kitzur Hilchos Megilah.pdf.pdf,document,70161,1pXSeFGg8a0MtNQ4CRXgjzV14NStoMg7e,application/pdf,1,pending,2025-11-09T04:57:08.477802,
1065,/Around the year/Purim/Speeches,Speech 6,google_doc,5385,1KLwgJEaOO27AgXFg3pJiOTN3FWm0KHklr1EsttUcPL4,application/vnd.google-apps.document,1,pending,2025-11-09T04:57:08.496803,
1066,/Around the year/Purim/Speeches,Speech 5,google_doc,5399,1MCE_YTon4XNhL2kie0lF3vSnvPnOFWbEVlVus4j8xHI,application/vnd.google-apps.document,1,pending,2025-11-09T04:57:08.513802,
1067,/Around the year/Purim/Speeches,Speech 4,google_doc,5076,1rvNRdp_bMM2c84zvA91LpqDXJ_NXFD0XeAeZ66AwvuE,application/vnd.google-apps.document,1,pending,2025-11-09T04:57:08.531803,
1068,/Around the year/Purim/Speeches,Speech 3,google_doc,3271,1M5q_rkpi_4X7IOUCzqZVSmkA9Hyv7fYawQMGe70r_LE,application/vnd.google-apps.document,1,pending,2025-11-09T04:57:08.552823,
1069,/Around the year/Purim/Speeches,Speech 2,google_doc,3270,1RRvFpJKJYHIB-X44qTXCtpeKt2uNWuvfng4BNuBSmmE,application/vnd.google-apps.document,1,pending,2025-11-09T04:57:08.570804,
1070,/Around the year/Purim/Speeches,Speech 1,google_doc,5502,1OW2TVC1--3xDKxS7A39Alb1RcXWJbLmp3X_b3-vE5uI,application/vnd.google-apps.document,1,pending,2025-11-09T04:57:08.585823,
1071,/Around the year/Pesach/Halacha,14_Compass_ pesach halacha.pdf,document,3650335,1Iod4xuiKijN9p_gPWdmDRdtgBFZgnIiX,application/pdf,1,pending,2025-11-09T04:57:08.600807,
1072,/Around the year/Pesach/Halacha,Halacha Pesach,google_doc,1024,1NW4pSV01IU9RZV3Qra8kmEfw2dEEykxZpRQK9e8zEig,application/vnd.google-apps.document,1,pending,2025-11-09T04:57:08.615803,
1073,/Around the year/Pesach,Halacha Articles ,google_doc,2133,1SSb_Uc76JZih3N3PpHNGN_Z6VSJsFoxbyxkcb9nCGS0,application/vnd.google-apps.document,1,pending,2025-11-09T04:57:08.628898,
1074,/Around the year/Pesach/Escape Room Seder & Mock seder,Escape Room Seder Game.xlsx,spreadsheet,11564,1w7KMV-C_muAT6uqGYQ8ZDc5uf6SGZHtl,application/vnd.openxmlformats-officedocument.spreadsheetml.sheet,1,pending,2025-11-09T04:57:08.648803,
1075,/Around the year/Pesach/Escape Room Seder & Mock seder,exodus map.pdf,document,302457,1tWOrtbb0UFM29DN44-TEVDgjXnBnh3vp,application/pdf,1,pending,2025-11-09T04:57:08.660903,
1076,/Around the year/Pesach/Escape Room Seder & Mock seder,6perpage.pdf,document,1041950,1M2IAH-UWTf_7dAC8xMMGKt0a_NiJVceV,application/pdf,1,pending,2025-11-09T04:57:08.674889,
1077,/Around the year/Pesach/Escape Room Seder & Mock seder,escape room dvar torah.pdf,document,24180,16r1wpB0v5xSVNPQS6TVobpHu5zbI4IJI,application/pdf,1,pending,2025-11-09T04:57:08.687909,
1078,/Around the year/Pesach/Escape Room Seder & Mock seder,Escape Room Seder Game.pdf,document,5541593,1-XIppWhBEb-DlHlosTrwdx3GLkdR6G54,application/pdf,1,pending,2025-11-09T04:57:08.702892,
1079,/Around the year/Pesach/Escape Room Seder & Mock seder,iphone 10plauges.pdf,document,163951,1bu2OXkShCbOVzppb4JB_ATB3pQpx7HPK,application/pdf,1,pending,2025-11-09T04:57:08.721803,
1080,/Around the year/Pesach/Escape Room Seder & Mock seder,sederplate.pdf,document,599218,1xNeeOx4_Ux_-yy94FAU_WMBOkLBXU8Tn,application/pdf,1,pending,2025-11-09T04:57:08.743803,
1081,/Around the year/Pesach/Escape Room Seder & Mock seder,updated timeline photos.pdf,document,781632,1zivrvIgHpubhm3HDRzxqpRQ6RHIWeCJA,application/pdf,1,pending,2025-11-09T04:57:08.761804,
1082,/Around the year/Pesach/Escape Room Seder & Mock seder,wine label.pdf,document,24626,1aWlmblYqw3iS-JJesrxk5WpOVBp9onTO,application/pdf,1,pending,2025-11-09T04:57:08.782805,
1083,/Around the year/Pesach/Escape Room Seder & Mock seder,foil label.pdf,document,65351,1Sd2Vzs31Zp2v-0iSjZiU34rqFWT_D_zh,application/pdf,1,pending,2025-11-09T04:57:08.804803,
1084,/Around the year/Pesach/General Lists,Copy of general supplies list,spreadsheet,32452,1j8w1CPsOT1OP44h3LLAaZKkIGd7TPIfz,application/vnd.openxmlformats-officedocument.spreadsheetml.sheet,1,pending,2025-11-09T04:57:08.823804,
1085,/Around the year/Pesach/General Lists,Pesach Cleaning Checklist,document,36864,1dOVM6SRLC-_T8bJsGf1uO6pTFjkmzGS1,application/msword,1,pending,2025-11-09T04:57:08.845818,
1086,/Around the year/Pesach/General Lists,Copy of Pesach Lists.pdf,document,44233,1XErOAc453qS-wf5SF2gzsY7qlN1k5PEL,application/pdf,1,pending,2025-11-09T04:57:08.861822,
1087,/Around the year/Pesach,Pesach Questions,google_doc,1024,1sS8l5EBzuYcJMTUw5_4vWftnPRxirCPiuYrREgbV-Tg,application/vnd.google-apps.document,1,pending,2025-11-09T04:57:08.874831,
1088,/Around the year/Pesach/Chametz,Chametz Sale Email,google_doc,1024,1mOfBx4kFnPDIgL3klTi_JfiuyKRINnC8R2Bbpkh-uoY,application/vnd.google-apps.document,1,pending,2025-11-09T04:57:08.889805,
1089,/Around the year/Pesach/Chametz,Chametz Sale PRESS RELEASE.doc,document,28160,1WPBEAwN_273Xewolp9hHPoWmcKOOnrLS,application/msword,1,pending,2025-11-09T04:57:08.904823,
1090,/Around the year/Pesach/Chametz,chametz forms small.doc,document,43520,12-ZhEVP851KxN1OPk1B57bG-M1VbaWx3,application/msword,1,pending,2025-11-09T04:57:08.917823,
1091,/Around the year/Pesach,Pre-Pesach Email,google_doc,2985,1ECu7SKdRfxaEK4Dbq2Czo903OwNOLoSS3Ikwal-b6Wo,application/vnd.google-apps.document,1,pending,2025-11-09T04:57:08.931803,
1092,/Around the year/Pesach/Classes/Speeches/Jokes,Unfold A Meaningful Seder - Print,other,0,1VESGTRUAeeD924HGcyHj9uEDYL_--wA0,application/vnd.google-apps.shortcut,1,pending,2025-11-09T04:57:08.947803,
1093,/Around the year/Pesach/Classes/Speeches/Jokes/Chametz Class/Chametz class 2,Sale of chametz genuine_ teachers notes.docx,document,31871,1b0kMC95fToHbBUW2kzLdvH9GNGC1dcX3,application/vnd.openxmlformats-officedocument.wordprocessingml.document,1,pending,2025-11-09T04:57:08.965824,
1094,/Around the year/Pesach/Classes/Speeches/Jokes/Chametz Class/Chametz class 2,Sale of chametz genuine.docx,document,74241,1bAfjmm8spo7YIf_CuHgttwBGgrAGkFXb,application/vnd.openxmlformats-officedocument.wordprocessingml.document,1,pending,2025-11-09T04:57:08.984826,
1095,/Around the year/Pesach/Classes/Speeches/Jokes/Chametz Class/Chametz Class 1,"Pesach Class, Chametz, April 2, ,2019 Rabbi Sholom Raichik??.docx",document,22722,1CPkwGG31KH8y0ntfdKyLmrK1UYs6YJa7,application/vnd.openxmlformats-officedocument.wordprocessingml.document,1,pending,2025-11-09T04:57:08.998801,
1096,/Around the year/Pesach/Classes/Speeches/Jokes/Chametz Class/Chametz Class 1,"Pesach Crash Course #1 April 2, 2019.pptx",other,79244,17bYU0dUMcHQUfrmKrQ-mkMpwp7hq1c7J,application/vnd.openxmlformats-officedocument.presentationml.presentation,1,pending,2025-11-09T04:57:09.011825,
1097,/Around the year/Pesach/Classes/Speeches/Jokes/Coffee and Kaballah,Copy of coffee and kabbalah class 2 pesach.docx,document,56406,1yW7ukSMPJ6PL-GFQBFHXS9gjf0s05CBF,application/vnd.openxmlformats-officedocument.wordprocessingml.document,1,pending,2025-11-09T04:57:09.025838,
1098,/Around the year/Pesach/Classes/Speeches/Jokes/Coffee and Kaballah,Copy of coffee and kabbalah class 2 pesach notes.docx,document,20310,1luLYJ1vum7MidMbnA318dYWc0nASrdXs,application/vnd.openxmlformats-officedocument.wordprocessingml.document,1,pending,2025-11-09T04:57:09.037886,
1099,/Around the year/Pesach/Classes/Speeches/Jokes/Coffee and Kaballah,Copy of coffee and kabbalah class 2 pesach.docx,document,52538,1E9CccmWh2dJttkNUgKQQXZ4gaSROUG7l,application/vnd.openxmlformats-officedocument.wordprocessingml.document,1,pending,2025-11-09T04:57:09.052890,
1100,/Around the year/Pesach/Classes/Speeches/Jokes,Haggadah Class Nissan 6.docx,document,13831,1D1RR-7Fx6GkAEwG-nV1JduljQjVObRsb,application/vnd.openxmlformats-officedocument.wordprocessingml.document,1,pending,2025-11-09T04:57:09.068903,
1101,/Around the year/Pesach/Classes/Speeches/Jokes,Copy of JWC Chocolate Seder Speech.pub,other,179200,1WzzBzSRb0vbd1x4Mh6d3H0lj4uL1hCk9,application/vnd.ms-publisher,1,pending,2025-11-09T04:57:09.082888,
1102,/Around the year/Pesach/Classes/Speeches/Jokes,Copy of Womens Class Torah & Tea Pesach 3 part series edited.pdf,document,1035041,1cDJ_e0GkcVVXRVQ2m3UbsDtvCd3ol8w0,application/pdf,1,pending,2025-11-09T04:57:09.098804,
1103,/Around the year/Pesach/Classes/Speeches/Jokes,Copy of chana burstonPassover Jokes 2017.docx,document,18736,109NKtECjekOs_MHnHJOmKhduxXwJMu2j,application/vnd.openxmlformats-officedocument.wordprocessingml.document,1,pending,2025-11-09T04:57:09.111860,
1104,/Around the year/Pesach/Classes/Speeches/Jokes,Copy of Womens Class Torah & Tea Pesach 3 part series edited.pdf,document,1035041,1fEo3ujnVx3MDJZTfKuXtjKOezaSRQGz9,application/pdf,1,pending,2025-11-09T04:57:09.127801,
1105,/Around the year/Pesach/Classes/Speeches/Jokes,Copy of Egyptian Sculptures - Pesach 2.pptx,other,3107095,1EwHUKKpf6QGWafzEgZ8qayx0Z5kbVIcf,application/vnd.openxmlformats-officedocument.presentationml.presentation,1,pending,2025-11-09T04:57:09.141886,
1106,/Around the year/Pesach/Classes/Speeches/Jokes,Copy of notes for pesach class.docx,document,18237,1vx2VjcOW3hx3mWX8RG55OY8muASUh61N,application/vnd.openxmlformats-officedocument.wordprocessingml.document,1,pending,2025-11-09T04:57:09.157919,
1107,/Around the year/Pesach/Classes/Speeches/Jokes,Copy of Miriam.docx,document,16946,1jfrFGvqnHtaXORvv1Luz10GFzSMlsdlH,application/vnd.openxmlformats-officedocument.wordprocessingml.document,1,pending,2025-11-09T04:57:09.172801,
1108,/Around the year/Pesach/Classes/Speeches/Jokes,Copy of Miriam.docx,google_doc,4416,1I1TDEFZ2dYqMfXuINTrj65DFSlcnj100D-uM4hiY9IA,application/vnd.google-apps.document,1,pending,2025-11-09T04:57:09.192805,
1109,/Around the year/Pesach/Classes/Speeches/Jokes,interesting - Passover traditions from around the world - Handout,document,86342,1yVltViabn0clMt39k6pTz6QrR7WWptok,application/vnd.openxmlformats-officedocument.wordprocessingml.document,1,pending,2025-11-09T04:57:09.209804,
1110,/Around the year/Pesach/Classes/Speeches/Jokes,Let My People Know_Handout.docx,document,1412602,1GtipjwYmNsXBiJOmqlaj444zzr8OqcVw,application/vnd.openxmlformats-officedocument.wordprocessingml.document,1,pending,2025-11-09T04:57:09.231811,
1111,/Around the year/Pesach/Classes/Speeches/Jokes,Sermon for second days,google_doc,3077,1TyalLIvWhLkkOdVoVm6a4TLVJ83n3hXzpLVvW0_r4SM,application/vnd.google-apps.document,1,pending,2025-11-09T04:57:09.254806,
1112,/Around the year/Pesach/Moshiach Seudah,Booklet for Moshiach Seudah,google_doc,1024,1NM2SURIiA-DWZ_JKyVmJSu4dEz1mq3dHa4Bqd66CjT8,application/vnd.google-apps.document,1,pending,2025-11-09T04:57:09.281810,
1113,/Around the year/Pesach/Moshiach Seudah,Seder Niggunim for Moshiach Seudah.docx,document,33282,1-F0r9-j202y-qp6MLS71l-HmxhGe4aDO,application/vnd.openxmlformats-officedocument.wordprocessingml.document,1,pending,2025-11-09T04:57:09.301808,
1114,/Around the year/Pesach/Moshiach Seudah,article for Moshiach Seudah,google_doc,2903,1wttplo6TiFkQC4tcFWKulWYrR85MqFnerKvXX_8EnEQ,application/vnd.google-apps.document,1,pending,2025-11-09T04:57:09.327804,
1115,/Around the year/Pesach/Seder,Unfold A Meaningful Seder - Print,google_doc,61076,1VRQAiBwtLDt2MnKsjMpi1jQtUMk_yaOyLtCEErOB2oE,application/vnd.google-apps.document,1,pending,2025-11-09T04:57:09.350805,
1116,/Around the year/Pesach/Seder,Seder Ideas,google_doc,10053,1ylGD6C1xRUgCyi_2pmeqdzgfJq_ds-EL6WifHNezKSQ,application/vnd.google-apps.document,1,pending,2025-11-09T04:57:09.373823,
1117,/Around the year/Pesach/Seder,who knows one song.pdf,document,38087,1DcEkJjyA5xbMsFFlYVMy8W0kFhHH_0bd,application/pdf,1,pending,2025-11-09T04:57:09.389804,
1118,/Around the year/Pesach/Seder,Schedule for servers 3.docx,document,17423,19Lf9DhyuGlG-SRIhB8iS_f_ZXRHqU1X8,application/vnd.openxmlformats-officedocument.wordprocessingml.document,1,pending,2025-11-09T04:57:09.415805,
1119,/Around the year/Pesach/Seder,Schedule for servers 2.docx,document,11052,1sKMQRgOsyj1Ez64wNtot4fmYSMqNJcmn,application/vnd.openxmlformats-officedocument.wordprocessingml.document,1,pending,2025-11-09T04:57:09.439806,
1120,/Around the year/Pesach/Seder,Schedule for servers 1.docx,document,11109,1WOuCwrKOFRVOGIoR-wtM0U-84DedBkqC,application/vnd.openxmlformats-officedocument.wordprocessingml.document,1,pending,2025-11-09T04:57:09.461805,
1121,/Around the year/Pesach/Seder,Seder in a nutshell 2.pub,other,1191936,1clBfS5g8K9CGk6531v4lpnTz0jJcgEY5,application/vnd.ms-publisher,1,pending,2025-11-09T04:57:09.488806,
1122,/Around the year/Pesach/Seder/Menus,Copy of Pesach master Chef Files,google_doc,1587,1PPdNFjuna4w6TUaXq92T0h1qocPw8kJhuc5iAo7sOqM,application/vnd.google-apps.document,1,pending,2025-11-09T04:57:09.516805,
1123,/Around the year/Pesach/Seder/Menus,Copy of Pesach Menu.pdf,document,58681,1121moVvo1uIUelidcXqPS-emSUSKkp1M,application/pdf,1,pending,2025-11-09T04:57:09.544804,
1124,/Around the year/Pesach/Seder/Menus,Copy of Passover menu amounts for 45 pple.docx,document,12915,1bC8ysJfldzZnNTOt8yDCtv4_aGccUVsb,application/vnd.openxmlformats-officedocument.wordprocessingml.document,1,pending,2025-11-09T04:57:09.567804,
1125,/Around the year/Pesach/Seder/Menus,Copy of Passover Menu with Recipes.doc,document,41472,1YoAepq8SjYMyd3llCSR1FI4QpMa2vzHJ,application/msword,1,pending,2025-11-09T04:57:09.591806,
1126,/Around the year/Pesach/Seder/Menus,Copy of Seder Menus,google_sheet,1337,1sQyshjAHzQnEYu35zZUeF2gTLiFrqIuJh7H7Xl7mQIE,application/vnd.google-apps.spreadsheet,1,pending,2025-11-09T04:57:09.614806,
1127,/Around the year/Pesach/Seder/Menus,Copy of Passover Menu with Recipes.doc,document,41472,10tQyqvLcWc-utqxnCzpS6L6MLfWKZafB,application/msword,1,pending,2025-11-09T04:57:09.640805,
1128,/Around the year/Pesach/Seder/Menus,Copy of Pesach Recipes Organized 5777.docx,document,51046,1jGffNicojItzauvOAHhWtKWzh87cSJBx,application/vnd.openxmlformats-officedocument.wordprocessingml.document,1,pending,2025-11-09T04:57:09.665807,
1129,/Around the year/Pesach/Seder/Menus,Copy of Recipe Booklets.zip,archive,7231145,1EwYF7gQdEo787EjuoIi3kLqgmmR_U-rz,application/zip,1,pending,2025-11-09T04:57:09.693805,
1130,/Around the year/Pesach/Seder/Menus,Copy of Passover Dessert & Demo.doc,document,32768,1Mxqx6r7tuOxm1tBru5mxpIScTChfgi9V,application/msword,1,pending,2025-11-09T04:57:09.722806,
1131,/Around the year/Pesach/Seder/Menus,Copy of Pesach Sorbet and 3 ingredient nut cake.docx,document,12031,1C9OIOLsx7pHF87YerFuRMNq47IKkcOOb,application/vnd.openxmlformats-officedocument.wordprocessingml.document,1,pending,2025-11-09T04:57:09.749805,
1132,/Around the year/Pesach/Seder/Menus,Copy of Menus & seder 5777.docx,document,22876,1SqCESfVE4q068UQcT5wMtNDAGVOD1BS-,application/vnd.openxmlformats-officedocument.wordprocessingml.document,1,pending,2025-11-09T04:57:09.791806,
1133,/Around the year/Pesach/Seder/Menus,Copy of Passover menu amounts for 45 pple.docx,document,12915,1LjKeFklPelugQ_WNd89heCi-HI6wQTNm,application/vnd.openxmlformats-officedocument.wordprocessingml.document,1,pending,2025-11-09T04:57:09.817805,
1134,/Around the year/Pesach/Seder/Menus,Copy of Copy of Seder Menus,google_sheet,1340,1g5mkEQUisvsRm1hiW9SX3riyiHwOL85FWhoLpOsKwAY,application/vnd.google-apps.spreadsheet,1,pending,2025-11-09T04:57:09.843805,
1135,/Around the year/Pesach/Seder/Menus,Copy of Pesach Recipies,google_doc,2865,1tWIBxowAoYxxMR4e4N9Wz4QHVbjFbNaGw2cpIFncld8,application/vnd.google-apps.document,1,pending,2025-11-09T04:57:09.866809,
1136,/Around the year/Pesach/Seder/Menus,Funny Pesach Menu and Playbill.pub,other,97792,1gy1W0ZC1nDX6rkt5KbtqHW8DfrVtZTlK,application/vnd.ms-publisher,1,pending,2025-11-09T04:57:09.898807,
1137,/Around the year/Pesach/Seder,Copy of pesach fun facts.pdf,document,481667,14Q8CmlSEIU_2zN7PzRATl3KsjJZsz1V5,application/pdf,1,pending,2025-11-09T04:57:09.928806,
1138,/Around the year/Pesach/Seder,Copy of pesach seder schedule.pdf,document,280691,1WyW0eWJDee6Dxux_SpXoU1AOVir9Pgyp,application/pdf,1,pending,2025-11-09T04:57:09.952804,
1139,/Around the year/Pesach/Seder,Copy of 15 steps Seder cards.pdf,document,199884,1qTezZ690rKHTLlcWAzqPgfDldhHH5D4x,application/pdf,1,pending,2025-11-09T04:57:09.978810,
1140,/Around the year/Pesach/Seder,Copy of Seder Plate Posters - 2016.pdf,document,1800341,105euCKJ4tR0iimEe8yGqsF6TtAvt2eGq,application/pdf,1,pending,2025-11-09T04:57:10.012805,
1141,/Around the year/Pesach/Seder,Copy of the seder guide.pdf,document,259838,1hd2HNnhx8aO9mvX2LyM0tfbrTcYpJCkv,application/pdf,1,pending,2025-11-09T04:57:10.044805,
1142,/Around the year/Pesach/Seder,Copy of Table Leaders.docx,document,14586,1JjmOdzg2ACWqwZqtIAq6pc9viW813qZt,application/vnd.openxmlformats-officedocument.wordprocessingml.document,1,pending,2025-11-09T04:57:10.090808,
1143,/Around the year/Pesach/Seder,Copy of kids led seder script.doc,document,73216,1TxpJwGar6yHdcggQm5QMfSmDFB6LhVvp,application/msword,1,pending,2025-11-09T04:57:10.115807,
1144,/Around the year/Pesach/Seder,Copy of HandwashingSigns04.pdf,document,2887884,1p8BzL9xK-5njlDpHd-euw8VQW73Y6VQA,application/pdf,1,pending,2025-11-09T04:57:10.145804,
1145,/Around the year/Pesach/Seder,Copy of deeper meaning of haggada. docx,document,38449,1khe1l6KzuwWr2sQl498mGYeYos35BSrr,application/vnd.openxmlformats-officedocument.wordprocessingml.document,1,pending,2025-11-09T04:57:10.176807,
1146,/Around the year/Pesach/Seder,Copy of 1 Seder Guide.pub,other,923648,1Ri0Tzu5Wv0u-DAfxS7OJCA1Ks3VZD1er,application/vnd.ms-publisher,1,pending,2025-11-09T04:57:10.199806,
1147,/Around the year/Pesach/Seder,Copy of 15 steps.docx,document,15150,1ccXtfZPsyVNPMHG-BRWTY_raTTrPxDZp,application/vnd.openxmlformats-officedocument.wordprocessingml.document,1,pending,2025-11-09T04:57:10.227944,
1148,/Around the year/Pesach/Seder,Pesach Song Sheets.doc,document,37888,1nNNvE_H7Kn1KZGJcu5uDzlx71zI3GnEo,application/msword,1,pending,2025-11-09T04:57:10.258463,
1149,/Around the year/Pesach/Seder/Haggadah,Haggadas ideas,google_doc,1034,14Cz08goWkigNNdbNyRqnWtyiHb-r1XzJyBl_78GtL2U,application/vnd.google-apps.document,1,pending,2025-11-09T04:57:10.280866,
1150,/Around the year/Pesach/Seder/Haggadah,Haggada For Public Seder (Maggid) .pdf,document,661417,1U66NTZZfjuqrf1IMXzz_wyDr0JcOvy7B,application/pdf,1,pending,2025-11-09T04:57:10.304885,
1151,/Around the year/Pesach/Seder/Haggadah,Video - Which Hagaddah,google_doc,1024,1PTsdL-sFdmdhiSpYZo6_gcnr8RgTZF-rHXgh31B6N-o,application/vnd.google-apps.document,1,pending,2025-11-09T04:57:10.333184,
1152,/Around the year/Pesach/Seder/Haggadah,Hand-outs #1.docx,document,38313,1Du4lxEl74jjC-ROO1utqOJLyYjCJzlLR,application/vnd.openxmlformats-officedocument.wordprocessingml.document,1,pending,2025-11-09T04:57:10.360996,
1153,/Around the year/Pesach/Seder/Haggadah,HAGGADAH INSIGHTS STEINZALTZ.docx,document,34431,1p9SINw0_x0MhH6q4L84KMXnPUtstSOrW,application/vnd.openxmlformats-officedocument.wordprocessingml.document,1,pending,2025-11-09T04:57:10.385566,
1154,/Around the year/Pesach/Seder/Haggadah,שיעור הגדה.docx,document,817024,1QOOhS2fJetxoV-TeoybaG0km8ypj49lw,application/vnd.openxmlformats-officedocument.wordprocessingml.document,1,pending,2025-11-09T04:57:10.412149,
1155,/Around the year/Pesach/Seder/Haggadah,insights into the hagadah 5774 final_2.docx,document,50744,1m-_gD_tKEnbcKQ_3hQasaC8S3f6_TZmG,application/vnd.openxmlformats-officedocument.wordprocessingml.document,1,pending,2025-11-09T04:57:10.436122,
1156,/Around the year/Pesach/Seder/Haggadah,Haggaddah.pdf,document,296639,1gIalpeFMZa3Z78Rru7V6uW0JEgR2Laiq,application/pdf,1,pending,2025-11-09T04:57:10.462121,
1157,/Around the year/Pesach/Seder/Haggadah,Magid cards.pdf,document,60370,1RT10PNk2W8_3vAGCIjk0Rex3G9_zDYDN,application/pdf,1,pending,2025-11-09T04:57:10.492113,
1158,/Around the year/Pesach/Seder,Mah Nishtana - English.docx,document,12774,10BBV9EZr3rGozcNVQ1TeOqoZHVu7fM_9,application/vnd.openxmlformats-officedocument.wordprocessingml.document,1,pending,2025-11-09T04:57:10.520113,
1159,/Around the year/Pesach/Seder,Unfold A Meaningful Seder - Print,document,120320,1icvdi9vWAlrzVupLxXhtxWN7XZO9n4fw,application/msword,1,pending,2025-11-09T04:57:10.544905,
1160,/Around the year/Pesach/Seder,2 Nights of the Seder and their Unique Journeys.pdf,document,244074,1tXZa28WJOMwlOr4Faj21_7-76r5I1zYt,application/pdf,1,pending,2025-11-09T04:57:10.569903,
1161,/Around the year/Pesach/Seder,Ice breaker Seder Questions.pdf,document,868189,1nECohuzd-6opWGcbEsntt8lP-ixkGWQv,application/pdf,1,pending,2025-11-09T04:57:10.594902,
1162,/Around the year/Pesach/Seder,Seder Explanations - one liners.doc,document,37376,1bg4mygkyY4dL4E3uYaC80AacY_18bpDn,application/msword,1,pending,2025-11-09T04:57:10.620904,
1163,/Around the year/Pesach/Seder,Seder Songs.doc,document,35328,1pMBtZnnKCKQzEHeLBr0OUGZaSKh3uMBK,application/msword,1,pending,2025-11-09T04:57:10.646901,
1164,/Around the year/Pesach/Seder,Seder Placemat.pdf,document,3548432,1mgPKDKorkzfHQpPuOf4X1eNauVdbNeBZ,application/pdf,1,pending,2025-11-09T04:57:10.674904,
1165,/Around the year/Pesach,Pesach Schedule - Shabbos.docx,document,119018,1_IIf9vbAG46CDt5K5xe7-uCnI6wsF0O1,application/vnd.openxmlformats-officedocument.wordprocessingml.document,1,pending,2025-11-09T04:57:10.701902,
1166,/Around the year/Pesach/Matzah,Buying options,google_doc,1909,1Tdd2FWfS_-mRiUtsyL9Kcl-4cXR9G7BjqWj3vM_DMRc,application/vnd.google-apps.document,1,pending,2025-11-09T04:57:10.726901,
1167,/Around the year/Pesach/Matzah,idea for Matzah Disribuition,google_doc,1665,18yjrQXMUeqGROhCLl9dZnonj1_hIrU6uR2PHFdfH8A4,application/vnd.google-apps.document,1,pending,2025-11-09T04:57:10.751903,
1168,/Around the year/Pesach/Matzah,Machine Matazah,google_doc,7451,1a5zCXgVv19NxALU13PEOA7zh1DLcYN-il_kS8zzpiDM,application/vnd.google-apps.document,1,pending,2025-11-09T04:57:10.775903,
1169,/Around the year/Pesach/Matzah,how Many Matzohs did the rebbe say to give out,google_doc,1524,1yoXusE0COxuRVYWjZCunSDh-9RBigzNk-k8YN9LAxr0,application/vnd.google-apps.document,1,pending,2025-11-09T04:57:10.799903,
1170,/Around the year/Pesach/Matzah,Best way to ship,google_doc,3557,1ymI-AOplJO6CMBDNGuyn5PPd8AdIYa0SFpgEagRqyXI,application/vnd.google-apps.document,1,pending,2025-11-09T04:57:10.824903,
1171,/Around the year/Pesach/Matzah,Matzah Delivery Letter,google_doc,1843,1syb6txfZR_KCjsro5KneE36HjgBXza_VcG3KLE5Nj_8,application/vnd.google-apps.document,1,pending,2025-11-09T04:57:10.847906,
1172,/Around the year/Pesach/Matzah,Matzah Letter.docx,document,16149,1mL3xhXRODrjeNkd9gfnxL5ADAveJR-Rp,application/vnd.openxmlformats-officedocument.wordprocessingml.document,1,pending,2025-11-09T04:57:10.868903,
1173,/Around the year/Pesach/Matzah,Shmurah Matzah Letter 5779.docx,document,18440,1ANz49mnTTP69CHIxD9qmwMlxmQwTZ8ia,application/vnd.openxmlformats-officedocument.wordprocessingml.document,1,pending,2025-11-09T04:57:10.893903,
1174,/Around the year/Pesach/Matzah,Shmurah Matzah - collection,google_doc,1024,1W23Lo6XWqgZk410tk313ubMM-dwSyOeanqMFpmqgrbU,application/vnd.google-apps.document,1,pending,2025-11-09T04:57:10.917902,
1175,/Around the year/Pesach/Model Matzah bakery,All Items-Props needed for each Show model matzah.docx,document,12648,1Y_G3TNg0gPPQdsSH521-a66Ktf_BYsgb,application/vnd.openxmlformats-officedocument.wordprocessingml.document,1,pending,2025-11-09T04:57:10.943901,
1176,/Around the year/Pesach/Model Matzah bakery,overview of model matzah ,google_doc,3281,1aw-_883bmlQQ9XFXwptiZ88VrXk4HPfIydMPudjoylk,application/vnd.google-apps.document,1,pending,2025-11-09T04:57:10.972902,
1177,/Around the year/Pesach/Model Matzah bakery,Model Maztah Bakery Recipe 1,google_doc,1024,1mVIm5zjMTx4U2ek-RkSkHaMC_bNzYSnAJ7U_Jh_1ldc,application/vnd.google-apps.document,1,pending,2025-11-09T04:57:10.994899,
1178,/Around the year/Pesach/Model Matzah bakery,Ratio water to flour,google_doc,2250,1ZDZ1QmENq4vwDSViQHeaDvlpbSpsWhpSEYFTelnwEPg,application/vnd.google-apps.document,1,pending,2025-11-09T04:57:11.015901,
1179,/Around the year/Pesach/Model Matzah bakery,Model Matzah Bakery with Regular oven,google_doc,1671,1MiIvFFD4_IdLjAZNuhiihfRNzdR1475BcTXLBQXqXDM,application/vnd.google-apps.document,1,pending,2025-11-09T04:57:11.030900,
1180,/Around the year/Pesach/Model Matzah bakery,Whole wheat flour,google_doc,1024,1_opskH8bP--Hgp3CaOkS_-YAH8BbP6Y0X-ipfgBYYW4,application/vnd.google-apps.document,1,pending,2025-11-09T04:57:11.055903,
1181,/Around the year/Pesach/Model Matzah bakery,where to buy my oven from,google_doc,1595,1aioVIOvYou5PW-JVEqj8la1CmfyhzycFitt_s09aHhw,application/vnd.google-apps.document,1,pending,2025-11-09T04:57:11.076900,
1182,/Around the year/Pesach/Model Matzah bakery,How much do you Charge?,google_doc,1024,1d9giKlIzsbbYEKA4riMFgEHD96ZzqyWn1NlM2cy_z_M,application/vnd.google-apps.document,1,pending,2025-11-09T04:57:11.098903,
1183,/Around the year/Pesach/Model Matzah bakery,Doing a Model Bakery in a private school,google_doc,2178,1bGErm2RaOzWuNIAX7cIMNT-dfWj-C2Rnww7H952RyyQ,application/vnd.google-apps.document,1,pending,2025-11-09T04:57:11.121903,
1184,/Around the year/Pesach/Model Matzah bakery,MatzahBakeryBooklet.pdf,document,990492,1kNPBh25SPalgFNQggKwWobps279by2VX,application/pdf,1,pending,2025-11-09T04:57:11.146901,
1185,/Around the year/Pesach/Model Matzah bakery,where can i buy an oven?,google_doc,1701,1pdIcj-KYP4X67E2TrMxf5SQP6B5IMElsLW1W-1U9Gt0,application/vnd.google-apps.document,1,pending,2025-11-09T04:57:11.172901,
1186,/Around the year/Pesach/Model Matzah bakery,Letter to send home,google_doc,2961,1Wo35dUHOA0Iegf0GAAKRw36T_QokfxLqfroTvToC5rI,application/vnd.google-apps.document,1,pending,2025-11-09T04:57:11.197900,
1187,/Around the year/Pesach/Model Matzah bakery,Press Release,google_doc,2349,1TV4UZleHKOnuCI13lUjanl9x4SM41aVwin67TX6_2ng,application/vnd.google-apps.document,1,pending,2025-11-09T04:57:11.226902,
1188,/Around the year/Pesach/Model Matzah bakery,Model Matzah handout,google_doc,3238,1Q-5gvu55bUSayfLiqH8N2XWLpTRjxe0BON1T1ciNMFM,application/vnd.google-apps.document,1,pending,2025-11-09T04:57:11.248903,
1189,/Around the year/Pesach/Model Matzah bakery,Tips for Matzah Bakery,google_doc,1024,1KMiQEtV1xVZuD4CmooFbKox-Yyq2Fy2ys3lWTx8CGgA,application/vnd.google-apps.document,1,pending,2025-11-09T04:57:11.276901,
1190,/Around the year/Pesach/Model Matzah bakery,Model+Matzah+Bakery+Press+Release.doc,document,28160,12G53MUSagSqRGbIexUt223_7V3GUG0gW,application/msword,1,pending,2025-11-09T04:57:11.301901,
1191,/Around the year/Pesach/Model Matzah bakery,Video,google_doc,1470,1dZNPLSFLay7P0uC0BayYisoj6D8-iO2FEJDB4enKgsM,application/vnd.google-apps.document,1,pending,2025-11-09T04:57:11.342904,
1192,/Around the year/Pesach/Model Matzah bakery,Ratio 2,google_doc,2872,1qQ0YCNm8C_ytUcKbllNk4tAHhQPvby_V-Dih4HNAqvc,application/vnd.google-apps.document,1,pending,2025-11-09T04:57:11.369900,
1193,/Around the year/Pesach/Model Matzah bakery,Paper to cover tables,google_doc,1024,196M3pdoDi2bU-f0PApiHbVS-XxBAi_xAf7fNkbkOn9A,application/vnd.google-apps.document,1,pending,2025-11-09T04:57:11.397900,
1194,/Around the year/Pesach/Model Matzah bakery,Matzah Bakery proposal - Public school,document,26624,1OYMc9meY6ng6ZTNNGPl0I40feejLXQRI,application/msword,1,pending,2025-11-09T04:57:11.424902,
1195,/Around the year/Pesach/Model Matzah bakery,Homemade Matzah,google_doc,4645,1GGHZmkGEFqoaEo9exqDUB8Ng6lV1dnVoxuSYMFFsQtw,application/vnd.google-apps.document,1,pending,2025-11-09T04:57:11.449902,
1196,/Around the year/Pesach/Model Matzah bakery,Press Release 2 Matza Bakery.docx,document,15057,12tUz20-4vy7Q-No_EjOPc-VOzNmD5gGe,application/vnd.openxmlformats-officedocument.wordprocessingml.document,1,pending,2025-11-09T04:57:11.466901,
1197,/Around the year/Pesach/Model Matzah bakery,Old video of Matzah bakery,google_doc,1024,1Pfp-bTocXSZSdYmJm5VTj_-6vy-6qp1SE4XgxENYAq4,application/vnd.google-apps.document,1,pending,2025-11-09T04:57:11.494902,
1198,/Around the year/Pesach/Model Matzah bakery,"coloring pages, Bakery cutout.pdf",document,356026,1fqughG9nAHSp2hhw2OEhhyw3GHIxprMF,application/pdf,1,pending,2025-11-09T04:57:11.521903,
1199,/Around the year/Pesach/Model Matzah bakery,Model Matzah Bakery at Wholefoods - 16553.docx,document,12381,1lG9iuB7uFVKp3hhY_ltPlVa7gduiGrPX,application/vnd.openxmlformats-officedocument.wordprocessingml.document,1,pending,2025-11-09T04:57:11.543904,
1200,/Around the year/Pesach/Model Matzah bakery,Model Matza Bakery Press Release,document,14291,1Jp-FxOpFIIOu8lST8MHm4Uuu2Jqcg9LJ,application/vnd.openxmlformats-officedocument.wordprocessingml.document,1,pending,2025-11-09T04:57:11.563900,
1201,/Around the year/Pesach,Colorado Senate Prayer for Pesach.docx,document,13794,1-LH1kjkNCNIXWC05iCNDk33gMyPQ8glI,application/vnd.openxmlformats-officedocument.wordprocessingml.document,1,pending,2025-11-09T04:57:11.581918,
1202,/Around the year/Pesach,Post Pesach thank you letter,document,13442,1pfD0eM6EYGhJ8azsHCQw4RA7VS6KGsCH,application/vnd.openxmlformats-officedocument.wordprocessingml.document,1,pending,2025-11-09T04:57:11.601901,
1203,/Around the year/Sefiras Haomer/Womens Sefiras Haomer Class (Mrs. Sarale Bluming),Sefirat haomer Tues. class 2012.doc,document,57344,1bZ8vMxrBbggLyqkzTS2CPWrp1cwsRQKy,application/msword,1,pending,2025-11-09T04:57:11.620904,
1204,/Around the year/Sefiras Haomer/Womens Sefiras Haomer Class (Mrs. Sarale Bluming),notes for Tues. class 2012.docx,document,17144,1rVlpQgTxKCYG66AUM7mgzDL-hLyETQC6,application/vnd.openxmlformats-officedocument.wordprocessingml.document,1,pending,2025-11-09T04:57:11.637903,
1205,/Around the year/Sefiras Haomer/Womens Sefiras Haomer Class (Mrs. Sarale Bluming),The Sefirot.doc,document,67072,1zvy2XpN5SMRwKC6NWY5Irz8lHCjXwF0t,application/msword,1,pending,2025-11-09T04:57:11.663903,
1206,/Around the year/Elul,Elul thank you letter.rtf,document,41157,1USDg9ZFwbCbkNDHC2zr8RdWB0ZoXaEy9,application/msword,1,pending,2025-11-09T04:57:11.682901,
1207,/Around the year/Elul,L'Dovid Ori Class.doc,document,36352,1TFUabCuNmHeRaFQfisUwNDIpyWWULcAl,application/msword,1,pending,2025-11-09T04:57:11.702900,
1208,/Around the year/Elul,Elul Class Teacher-Notes.doc,document,46592,1fh608y0AO0t3mZRrjol0o3_A0eHAVCGE,application/msword,1,pending,2025-11-09T04:57:11.720906,
1209,/Around the year/Elul,Ani Ledodi - Alter Rebbe.pdf,document,474058,1b32PlwQA8AYECvnA0_erYdb_X3cJ3vHQ,application/pdf,1,pending,2025-11-09T04:57:11.740905,
1210,/Around the year/Elul,melech basodeh revised final.pdf,document,14099858,1C5gpEybQSGPkoDz9NPhp8xT2nJx_CvzM,application/pdf,1,pending,2025-11-09T04:57:11.760903,
1211,/Around the year/Elul,Shiur: Elul and its Connection to Teshuvah.doc,document,93184,1gdpmarLQrwm8Tgqhdjl_bF_mQfQdm8lA,application/msword,1,pending,2025-11-09T04:57:11.781902,
1212,/Around the year/Elul,Elul 3.doc,document,30208,1TP539EG5C2vTpD2uaO-KGvrNhQxv_s0D,application/msword,1,pending,2025-11-09T04:57:11.802901,
1213,/Around the year/Elul,18 Elul.pdf,document,46389,1CN99lSJCPRz35Y4Ed7AFjzUQSAh5WdY0,application/pdf,1,pending,2025-11-09T04:57:11.823901,
1214,/Around the year/Elul,Elul Shiur- Sources materials 9 13 05.doc,document,118784,1emXInTkMdT169PcQI8Y6X6wg7CeRPuDJ,application/msword,1,pending,2025-11-09T04:57:11.846902,
1215,/Around the year/Elul,ELUL.DOC,document,40448,1PxFB32r-G7U0j44RMDpy_MtguWCDwI8Z,application/msword,1,pending,2025-11-09T04:57:11.866902,
1216,/Around the year/Elul,Elul source sheet.doc,document,27648,1ff5l_kesG0kQoxJZBl1nuBNVFY1pFiKd,application/msword,1,pending,2025-11-09T04:57:11.890901,
1217,/Around the year/Elul,ellul-class-timeline (1).pdf,document,39975,1nIXHgjuApsfU1JKafUhLig9OrEvFd0pJ,application/pdf,1,pending,2025-11-09T04:57:11.911900,
1218,/Around the year/Elul,elul_class.doc,document,10258,1ubCfzM_OfGiVrMUOePT-8G49TwOqXKGR,application/msword,1,pending,2025-11-09T04:57:11.934902,
1219,/Around the year/Elul,Elul maamar- 2nd Ani Ledodi.pdf,document,965601,1j7TPRXOIJo6RAOO56aMUKXl8N5czS5g4,application/pdf,1,pending,2025-11-09T04:57:11.960900,
1220,/Around the year/Elul,Elul Chai Club Letter - Rapoport.docx,document,11000,1vYRC936OwlynkxMOeYpronKEcYk9hVKS,application/vnd.openxmlformats-officedocument.wordprocessingml.document,1,pending,2025-11-09T04:57:11.979901,
1221,/Around the year/Elul,Elul TY Letter 5772.docx,document,12032,16s4QdpywSYSSAkGc5LTUm0BOlyKQLBXG,application/vnd.openxmlformats-officedocument.wordprocessingml.document,1,pending,2025-11-09T04:57:12.002902,
1222,/Around the year/Elul,Elul.docx,document,21177,1nz3UQXeduIBrPs9wqlcDnIT_ntmTmcPw,application/vnd.openxmlformats-officedocument.wordprocessingml.document,1,pending,2025-11-09T04:57:12.024900,
1223,/Around the year/Elul,Ellul-class-timeline.pdf,document,39975,1OEs8WaFnQvZlHhfE1N4VI9BudpyC8Mt8,application/pdf,1,pending,2025-11-09T04:57:12.046900,
1224,/Around the year/Elul,elul.ppt,other,831488,15ekKGacO0AY82kztIOFgXnFTrqg96OF3,application/vnd.ms-powerpoint,1,pending,2025-11-09T04:57:12.065902,
1225,/Around the year/Lag Baomer/Misc.,Lag beomer Story .docx,document,13269,1fmkGC79MHjhd98rNb_xbnybnAe86OrCQ,application/vnd.openxmlformats-officedocument.wordprocessingml.document,1,pending,2025-11-09T04:57:12.082901,
1226,/Around the year/Lag Baomer/Misc.,08Lag Bomer_Program.pdf,document,2518428,1rm9-LWDAlI8SuR0Qhv840cjboy9FAlMG,application/pdf,1,pending,2025-11-09T04:57:12.097901,
1227,/Around the year/Lag Baomer/Misc.,08LaBomer_handout.pdf,document,2522586,1xHjFuuJ9NIG-UC6uqGUk7uxM3NDGl56s,application/pdf,1,pending,2025-11-09T04:57:12.115900,
1228,/Around the year/Lag Baomer/Misc.,ליובאוויטש ל''ג בעומר.pdf,document,8804018,1C7iLIWs2iRs_KJ-SIU7y3XjzulpvYycw,application/pdf,1,pending,2025-11-09T04:57:12.131923,
1229,/Around the year/Lag Baomer/Misc.,Attached is an article I wrote for Kfar Chabad on the story of MBD.  DZ   Dovid Zaklikowski,document,98387,1aeIFilIhjNHeWF8APV2C44qA5a5T_4iG,application/pdf,1,pending,2025-11-09T04:57:12.153900,
1230,/Around the year/Lag Baomer/Songs,jewish songs (lag baomer..).doc,document,42496,11MC329tbn7LvZ1QV7LvJ2SEe8qWg3A6F,application/msword,1,pending,2025-11-09T04:57:12.175899,
1231,/Around the year/Lag Baomer/Songs,בַּר יוֹחַאי נִמְשַׁחְתָּ אַשְׁרֶיךָ.doc,document,42496,12u-op2WEO17nRribiddtsydEczjP9NOX,application/msword,1,pending,2025-11-09T04:57:12.201902,
1232,/Around the year/Lag Baomer/Songs,Bar Yochai Song.doc,document,28672,1IXq4ftekMw-eC94zobSX7FFS6TLvHPpl,application/msword,1,pending,2025-11-09T04:57:12.224900,
1233,/Around the year/Lag Baomer/Songs,Bar Yochai.docx,document,16006,16Ut8eP94GZDFQdXrwL3kUEEpdGoEmMI8,application/vnd.openxmlformats-officedocument.wordprocessingml.document,1,pending,2025-11-09T04:57:12.247900,
1234,/Around the year/Lag Baomer/Crafts,7751D_o_01263_lag_baomer_clip_art coloring book.pdf,document,6107729,1xL4l7FBde2gr5xLbH-ZGSqhnGlx52CBt,application/pdf,1,pending,2025-11-09T04:57:12.269901,
1235,/Around the year/Lag Baomer/Crafts,Lag Bomer Dot Art.pdf,document,157090,1kMhwVdztA2Yd1Oo1U9SFQxbZUBTFPDSR,application/pdf,1,pending,2025-11-09T04:57:12.292901,
1236,/Around the year/Lag Baomer/Crafts,LagBomerColoringBook.PDF,document,1030397,15qD3TJsn8jr1SORD8HMAiosPSOApCzcW,application/pdf,1,pending,2025-11-09T04:57:12.312901,
1237,/Around the year/Lag Baomer/Crafts,game- put story in order.docx,document,15939,1yFFn5fIREA8e7k2LK1zPGvOeQuoFLDir,application/vnd.openxmlformats-officedocument.wordprocessingml.document,1,pending,2025-11-09T04:57:12.334902,
1238,/Around the year/Lag Baomer/Crafts,Yiddish-Kite _26 Instructions.pdf,document,334294,1pum25IGkod4La5aYR-B_9s9e6aVkXdR0,application/pdf,1,pending,2025-11-09T04:57:12.351900,
1239,/Around the year/Lag Baomer/Crafts,Fill_Ins__lag_bomer (hs level).doc,document,34304,1979C_3kd1P3R5XE8PoD4Y_7wffgMuuuo,application/msword,1,pending,2025-11-09T04:57:12.369900,
1240,/Around the year/Lag Baomer/Crafts,colorbynumbersheet- frisbees.doc,document,22528,1nGKweYiXqWnp4T46JwyfBThxxMGIhzFT,application/msword,1,pending,2025-11-09T04:57:12.386904,
1241,/Around the year/Lag Baomer/Press Release,Lag Baomer Press Release (1).doc,document,29184,13Xakl6CXRbFDgI7gWLnFT4Lb26_Ehv9Q,application/msword,1,pending,2025-11-09T04:57:12.402899,
1242,/Around the year/Lag Baomer/Press Release,Lag Baomer Press Release.doc,document,30720,1xlNqFu0hVyoJChQksvNmW8-vocLjfaWs,application/msword,1,pending,2025-11-09T04:57:12.417902,
1243,/Around the year/Lag Baomer/Press Release,Lag Baomer Press Release (2).doc,document,30720,1rW13doDTCFRGE8JW6lu-SDCqRZKGwC76,application/msword,1,pending,2025-11-09T04:57:12.431901,
1244,/Around the year/Lag Baomer/Press Release,Press Release Lag Baomer.doc,document,28672,1vy9UrZvnmEye7gML7jdom45psjArMMRB,application/msword,1,pending,2025-11-09T04:57:12.446914,
1245,/Around the year/Lag Baomer/Events,: Ideas for lag bomer,google_doc,7939,11UstcDt3ybuZ38xmAArxPEewAghWYCcLcTJMjF9CYY0,application/vnd.google-apps.document,1,pending,2025-11-09T04:57:12.462901,
1246,/Around the year/Lag Baomer/Events/Games,Copy of Lag bomer signature hunt.docx,document,260370,1xF2aTEUhOeaKcxVG0DShgXiBcjFCf0Nm,application/vnd.openxmlformats-officedocument.wordprocessingml.document,1,pending,2025-11-09T04:57:12.479901,
1247,/Around the year/Lag Baomer/Events/Games,Lag bomer signature hunt(1).docx,document,40569,1tWk9FJMmV4U8aBjETxjYgS0jJWNJM9Nv,application/vnd.openxmlformats-officedocument.wordprocessingml.document,1,pending,2025-11-09T04:57:12.499903,
1248,/Around the year/Lag Baomer/Events/Games,Lag bomer signature hunt.docx,document,259796,1InWQjMtDeXU4_EIRkAthHXte3Uw8EIL9,application/vnd.openxmlformats-officedocument.wordprocessingml.document,1,pending,2025-11-09T04:57:12.521902,
1249,/Around the year/Lag Baomer/Events/Games,menu _ crafts-games.docx,document,18794,19Urpv4gQav_46ooDUGQJNLL7q7d2dwqi,application/vnd.openxmlformats-officedocument.wordprocessingml.document,1,pending,2025-11-09T04:57:12.535927,
1250,/Around the year/Lag Baomer/Events/Games,menu _ crafts-games(1).docx,document,41278,1MXdlFVY_OiCQyX6cMw4kCpebfvSOj2t3,application/vnd.openxmlformats-officedocument.wordprocessingml.document,1,pending,2025-11-09T04:57:12.550900,
1251,/Around the year/Lag Baomer/Events/BBQ Chalkboard Menu,BBQ Chalkboard Menu.pdf,document,525292,1GuYAY7DOiSBqrZ0p9rPJzPeQpmFqJ7V1,application/pdf,1,pending,2025-11-09T04:57:12.564902,
1252,/Around the year/Lag Baomer/Events/BBQ Chalkboard Menu,BBQ Chalkboard Menu.docx,document,706089,1ZROJFZ1c-_bXzB7z_zrZ1BqMWxsO6LGB,application/vnd.openxmlformats-officedocument.wordprocessingml.document,1,pending,2025-11-09T04:57:12.585902,
1253,/Around the year/Lag Baomer/Events/BBQ Chalkboard Menu,BBQ Chalkboard Menu(1).docx,document,568487,1O0dxRlnE7wxuWYn-GuWrtIN4-qB6pEWo,application/vnd.openxmlformats-officedocument.wordprocessingml.document,1,pending,2025-11-09T04:57:12.600899,
1254,/Around the year/Lag Baomer/Events,Bonfire Permits,google_doc,1094,1Do25I2rmBMJQoUk9dyjsY1sdSQ-RgchoPQ0M_2dRn34,application/vnd.google-apps.document,1,pending,2025-11-09T04:57:12.619326,
1255,/Around the year/Lag Baomer/Events,Lag Baomer Ideas (Leah Rivkin),google_doc,2287305,1GLgapei6Be2IE7HhKLeFbJcFavt5KnO9IkSxuYYOZcs,application/vnd.google-apps.document,1,pending,2025-11-09T04:57:12.634001,
1256,/Around the year/Lag Baomer/Events,Lag baomer car parade,google_doc,1378,1hRNzNyiDgmCmMaiksNt5SF0bxBXyx0PsrdmkeE1LHCo,application/vnd.google-apps.document,1,pending,2025-11-09T04:57:12.659023,
1257,/Around the year/Lag Baomer/Classes,Lag Baomer and ahavas Yisrael.doc,document,66048,1oeIJKn_mQ02qMBSitMcOJY8OZ5yrLiSW,application/msword,1,pending,2025-11-09T04:57:12.680023,
1258,/Around the year/Lag Baomer/Classes,KabbalahYYJacobson-0001.doc,document,35328,1WDb7wxXJisQF94mnnt9O9CeVcU2yOzpS,application/msword,1,pending,2025-11-09T04:57:12.708025,
1259,/Around the year/Lag Baomer/Classes,Lag Baomer Class (Mrs. Sarale Bluming),document,75264,121MZYvOt2p_XRpbbHgzpgLM3jMoKLd5Q,application/msword,1,pending,2025-11-09T04:57:12.734023,
1260,/Around the year/Lag Baomer,lag+baomer.pub,other,834048,1AKlgfk06MXtK9qFIa8uzZoJvvXxBG7dD,application/vnd.ms-publisher,1,pending,2025-11-09T04:57:12.756734,
1261,/Around the year/Lag Baomer/Lag Baomer Curriculum & Worksheet for 7-11 (Rabbi Asher Mendel Yemini ),lag baomer curriculum.docx,document,17729,1VRrR4-dvriA4_KdJVl9Uowu0ZyVak8-f,application/vnd.openxmlformats-officedocument.wordprocessingml.document,1,pending,2025-11-09T04:57:12.783385,
1262,/Around the year/Lag Baomer/Lag Baomer Curriculum & Worksheet for 7-11 (Rabbi Asher Mendel Yemini ),lag baomer 1.pdf,document,1000611,1z8hDO9lZMfWQRMfRqy-Yo_PYuZklze7r,application/pdf,1,pending,2025-11-09T04:57:12.806426,
1263,/Around the year/Lag Baomer,Horaos,google_doc,6317,1Rap-_zuuspQpXWYymmrrs0OEZ7PebZWlxIjgCph7bGo,application/vnd.google-apps.document,1,pending,2025-11-09T04:57:12.828940,
1264,/Around the year/Shavuos/Aseres Hadibros,The 10 Commandments Shul Handout.docx,document,222448,19PkXKtObXcmcxuiHjzcPPsWZVwqkVKeW,application/vnd.openxmlformats-officedocument.wordprocessingml.document,1,pending,2025-11-09T04:57:12.852556,
1265,/Around the year/Shavuos/Aseres Hadibros,Aseres Hadibros - 10 commandments(1).pub,other,374784,19qeGofA7l7H80vsBCqeiCRWKsfK76wM9,application/vnd.ms-publisher,1,pending,2025-11-09T04:57:12.868542,
1266,/Around the year/Shavuos/Aseres Hadibros,Aseres Hadibros - 10 commandments.pub,other,374784,1ZyFXeny7psnmpEOXJi_cvvGJgqJlWkCB,application/vnd.ms-publisher,1,pending,2025-11-09T04:57:12.884542,
1267,/Around the year/Shavuos/Aseres Hadibros,Aseres Hadibros - 10 commandments.pdf,document,481474,1oOfEqBOwohjvWFL_aTpAhcMBLPWbDWGZ,application/pdf,1,pending,2025-11-09T04:57:12.900544,
1268,/Around the year/Shavuos/Aseres Hadibros,10 commandments.pdf,document,1000914,1TdZrUw6x7slj2zfgKKAE0PG1BvPZTz0f,application/pdf,1,pending,2025-11-09T04:57:12.916544,
1269,/Around the year/Shavuos/Aseres Hadibros,10 commandments for diffrent relationships.pub,other,151552,1cmNJOzzVUq1pCW6MAdwEuZ6z6F0lny10,application/vnd.ms-publisher,1,pending,2025-11-09T04:57:12.931552,
1270,/Around the year/Shavuos,shavuot- jelp.docx,document,1057042,1m3WKKLz8dCgCnvIzhLnWZ6909ldSVwIJ,application/vnd.openxmlformats-officedocument.wordprocessingml.document,1,pending,2025-11-09T04:57:12.947558,
1271,/Around the year/Shavuos/Recipes/Cheescake,Cheese Cake Recipe.pdf,document,163426,18m5SEKCPawXkhF-CrU73KeU1kHkXYGAv,application/pdf,1,pending,2025-11-09T04:57:12.965544,
1272,/Around the year/Shavuos/Recipes/Cheescake,Cheesecake flavor cards.pub,other,197120,1wdWBxaVNAe7A3It5nopSPw9HWrh4hB_4,application/vnd.ms-publisher,1,pending,2025-11-09T04:57:12.980546,
1273,/Around the year/Shavuos/Recipes/Cheescake,Blintz Recipe.pub,other,569856,1VhnRZXsSo3qn4XKJkTzTnBCBf3wSsY_s,application/vnd.ms-publisher,1,pending,2025-11-09T04:57:12.995543,
1274,/Around the year/Shavuos/Recipes/Cheescake,Letter To Attach To Cheese Cake - 18953.docx,document,11961,1sz1GXDq7avkAXaGhdvvzoEP3NxxuLIka,application/vnd.openxmlformats-officedocument.wordprocessingml.document,1,pending,2025-11-09T04:57:13.011544,
1275,/Around the year/Shavuos/Recipes/Cheescake,shavout recipes.pub,other,1602048,1Y3DdrprBlOoSjHasbR58_zKwHFg4dtpa,application/vnd.ms-publisher,1,pending,2025-11-09T04:57:13.027544,
1276,/Around the year/Shavuos/Recipes/Cheescake,Simple & Delicious Cheese Cake Recipe.doc (Mrs. Rochel Bernstein) This recipe works well for a hands-on demonstration. This recipe is very simple and requires minimal equipmant.,document,24576,1Din5ddrZzMqz8AtW5-2K5-N5hW9uCl19,application/msword,1,pending,2025-11-09T04:57:13.042562,
1277,/Around the year/Shavuos/Recipes/Cheescake,Very Berry Cheesecake Tart.docx (Mrs. Esther Sara Begun),document,13404,110co_lrEWwhGrcZB9ZHxWx2sD4C0vdRR,application/vnd.openxmlformats-officedocument.wordprocessingml.document,1,pending,2025-11-09T04:57:13.059542,
1278,/Around the year/Shavuos/Ice Cream Party,ice cream party.docx,document,205163,1YtfmkNetlxcbHmoajivsK-zFY3xMg6_T,application/vnd.openxmlformats-officedocument.wordprocessingml.document,1,pending,2025-11-09T04:57:13.074542,
1279,/Around the year/Shavuos/Ice Cream Party,After_ice_cream_party_press_release[1].doc,document,21504,1Lj_0t0nBNu-sOVQuvmHC_vrXkAUbfpVP,application/msword,1,pending,2025-11-09T04:57:13.090543,
1280,/Around the year/Shavuos/Childrens Programs,Shavuos Kids program.doc,document,24576,1km66FBM_-VapbsSzbQ67dyBpOiXwE1Kp,application/msword,1,pending,2025-11-09T04:57:13.104543,
1281,/Around the year/Shavuos/Childrens Programs,Shavuos 5775.docx,document,16169,1zl2WyYeeD3YWdLhIbO2pk8tX6wbrVqQx,application/vnd.openxmlformats-officedocument.wordprocessingml.document,1,pending,2025-11-09T04:57:13.118542,
1282,/Around the year/Shavuos/Childrens Programs,Shavuos_kids_program-2007..doc,document,35328,1LoK60JreP1BOc4l7r8Mv9ofle8pJV6fW,application/msword,1,pending,2025-11-09T04:57:13.134540,
1283,/Around the year/Shavuos/Childrens Programs,Shavuos Kids Program Ideas.pdf,document,79133,12KD9qRthKt85IMjeDoTihmyGfH0XYevX,application/pdf,1,pending,2025-11-09T04:57:13.149546,
1284,/Around the year/Shavuos/Childrens Programs,simple_ideas_shavuot_children[2].doc,document,28672,1f38DzjGqn67mzxCmiQAowPIb8dQVo3tQ,application/msword,1,pending,2025-11-09T04:57:13.164540,
1285,/Around the year/Shavuos/Childrens Programs,Shavuot Childrens Program.doc,document,26112,1xUERP9NbjtZ50HHnUwTnCDPQ4NWQnPyr,application/msword,1,pending,2025-11-09T04:57:13.179557,
1286,/Around the year/Shavuos/Childrens Programs,Shavuot Kids prog 2013.doc,document,29184,14ocq4KLpn8ljSk6tXAsMV1U2pf0JYvEV,application/msword,1,pending,2025-11-09T04:57:13.197541,
1287,/Around the year/Shavuos/Childrens Programs,shavuot sched.docx,document,17447,1KL1IzVq-6ZnsEfQl5woF2-aQ4EN61R0u,application/vnd.openxmlformats-officedocument.wordprocessingml.document,1,pending,2025-11-09T04:57:13.214543,
1288,/Around the year/Shavuos/Childrens Programs,Shavuot Children_s program.docx,document,15854,1DQnRMIWNE2M5nhmyW7iY8M9gwvon7uZg,application/vnd.openxmlformats-officedocument.wordprocessingml.document,1,pending,2025-11-09T04:57:13.232540,
1289,/Around the year/Shavuos/Childrens Programs,Shavuot Kids prog 2012.doc,document,25600,1LPhTHJ1dccNIETPt-VsrDFrHkjDafSh3,application/msword,1,pending,2025-11-09T04:57:13.247541,
1290,/Around the year/Shavuos/Childrens Programs,Shavuot Kids prog 7-9.doc,document,35328,11g8Peb3YD9cEH9eErQ7Qf64oAp6P8vW2,application/msword,1,pending,2025-11-09T04:57:13.264559,
1291,/Around the year/Shavuos/Childrens Programs,Shavuot.docx,document,7162,1Q7x3P0PcTL_Qe-3bXru5NBrp3k2H9jyK,application/vnd.openxmlformats-officedocument.wordprocessingml.document,1,pending,2025-11-09T04:57:13.279541,
1292,/Around the year/Shavuos/Childrens Programs,shavuot kids prog- ages 10-12.doc,document,19968,1zKNHJPOA5nXQ53SxLqPBrAVN6Dm2iaCl,application/msword,1,pending,2025-11-09T04:57:13.298542,
1293,/Around the year/Shavuos/Childrens Programs,Shavuot Kids Program- 4-6 kids.doc,document,37376,1fI0MMf4KpHvd5zKPR9w0U9ORlSadhOGD,application/msword,1,pending,2025-11-09T04:57:13.319541,
1294,/Around the year/Shavuos/Childrens Programs/Treasure Hunt Gme,11 shavuos treasure hunt game.doc,document,28160,1RB_GZNK2NiD-awmiblg9Aj0Baw4H04nL,application/msword,1,pending,2025-11-09T04:57:13.343545,
1295,/Around the year/Shavuos/Childrens Programs/Treasure Hunt Gme,TREASURE HUNT.doc,document,30208,1cBAW_7YMM8UfwAPoT43-zQflyah2k-lP,application/msword,1,pending,2025-11-09T04:57:13.364541,
1296,/Around the year/Shavuos/Childrens Programs,5th grader cards.pdf,document,4033392,1T8kUSYapfcH1VARgeKcQew-9URkUtTId,application/pdf,1,pending,2025-11-09T04:57:13.386541,
1297,/Around the year/Shavuos,Shavuos Questions,google_doc,1024,1kRDth9D0a--FtPv6yRiigSaVtpKB44FAEib5dPDxu2c,application/vnd.google-apps.document,1,pending,2025-11-09T04:57:13.411053,
1298,/Around the year/Shavuos/Classes,why dairy on shavuot.pdf,document,15376931,1XjLcNVKxOUwvBEkLyPkI-PYZdoE-ANKh,application/pdf,1,pending,2025-11-09T04:57:13.437055,
1299,/Around the year/Shavuos/Classes,Shavuos yacov yisrael updated.docx,document,16051,19KGoQbMeL0PhcXZVyiNE00UaVDO5LMqv,application/vnd.openxmlformats-officedocument.wordprocessingml.document,1,pending,2025-11-09T04:57:13.458053,
1300,/Around the year/Shavuos/Classes,shavuos- ruth.docx,document,0,1RyI_Dh99pop-2UStXx-T2xENijutBYwY,application/vnd.openxmlformats-officedocument.wordprocessingml.document,1,pending,2025-11-09T04:57:13.479056,
1301,/Around the year/Shavuos/Classes,engraved in your heart my notes.docx,document,17658,1RRthGkjGPJsZQAf3vWMJlLHUak4NlY9c,application/vnd.openxmlformats-officedocument.wordprocessingml.document,1,pending,2025-11-09T04:57:13.494053,
1302,/Around the year/Shavuos/Classes,sources for barmetzra.doc,document,1485312,1QLlV8Pp2rdAMUDD5JgivWNZvQpVMai3_,application/msword,1,pending,2025-11-09T04:57:13.511054,
1303,/Around the year/Shavuos/Classes/Don't Hit the Snooze Button-Students Material and Teachers Notes,Don't hit the snooze button class- Teachers.doc,document,57344,1APFQOi-YpNUEmWcns1Ws7QYK8xVCLhFA,application/msword,1,pending,2025-11-09T04:57:13.528055,
1304,/Around the year/Shavuos/Classes/Don't Hit the Snooze Button-Students Material and Teachers Notes,Don't hit the snooze button class.doc,document,43008,1z0DZQWZ1wr4CZzL7zehT722bYNt7qoWl,application/msword,1,pending,2025-11-09T04:57:13.547052,
1305,/Around the year/Shavuos/Classes/Two Crowns-Kabbala Class (Rabbi Avremi Kievman),Two Crowns of Light.doc,document,44544,1rQoPdu07nUX4PztxHlXpORFHRISygl0U,application/msword,1,pending,2025-11-09T04:57:13.565054,
1306,/Around the year/Shavuos/Classes,Practical implications shiur notes.doc,document,40448,1HKOr4aSiAPyR_igRmWu7uMMUh5AITwOv,application/msword,1,pending,2025-11-09T04:57:13.580057,
1307,/Around the year/Shavuos/Classes,Practical Implications of Infinity wsource sheets.doc,document,7543296,1O0jmP6zEh6s9VR7KfD2DIxkIzTEFCTTV,application/msword,1,pending,2025-11-09T04:57:13.596054,
1308,/Around the year/Shavuos/Classes,Shavuos Timeline (Rabbi Sholom Raichik),document,87552,1B5FiWe7o6gkCbuzq8L-gcgqMQFfsfJTT,application/msword,1,pending,2025-11-09T04:57:13.612056,
1309,/Around the year/Shavuos/Classes,Shavuos: How the experience at Sinai changed everything(Rabbi Yisroel Cotlar),document,24752,1UynLRSpyy7UK_dfp4rfGm_Um8Ht1IYtu,application/vnd.openxmlformats-officedocument.wordprocessingml.document,1,pending,2025-11-09T04:57:13.628055,
1310,/Around the year/Shavuos/Classes,Sichos on Lishitasey (Rabbi Menachem Mendel Feldman),document,56320,1Ec8c9iNX0MEQ_iy4vXztLmRCnueb5C4N,application/msword,1,pending,2025-11-09T04:57:13.645070,
1311,/Around the year/Shavuos/Classes,The Mitzvah of Anochi: A Study of the Sources (Rabbi Yossi Yaffe),document,58368,1OR4UKWfhHigOFbgUZ3uqKS6E2EFpIPNK,application/msword,1,pending,2025-11-09T04:57:13.665054,
1312,/Around the year/Shavuos/Classes," What, Why, Where, When, Who and How of Shavous (Mrs. Saraleh Bluming",document,56832,1RYP9cPrSaGAZAS8rl88WXxh0WnACvvKl,application/msword,1,pending,2025-11-09T04:57:13.682052,
1313,/Around the year/Shavuos/Classes,Lessons Of Shavous - Womens Weekly Class.doc (Mrs. Sarale Bluming),document,76288,1J4J4rT99r7K3S7EAP72lyoi9my5pbKNs,application/msword,1,pending,2025-11-09T04:57:13.698052,
1314,/Around the year/Shavuos/Classes,ThePerfectTime.doc (Rabbi Yossi Lew),document,31744,1LRiEmszSHwYd6UTePhGZ6KHDhdpaQTbA,application/msword,1,pending,2025-11-09T04:57:13.712055,
1315,/Around the year/Shavuos/Classes,ShivreiLuchos.doc (Rabbi Yisroel Rubin),document,3191296,1cfXYQXyJBK-AOjrQvHot_4fBhPYbLaUE,application/msword,1,pending,2025-11-09T04:57:13.725054,
1316,/Around the year/Shavuos/Classes,Quantum Talmud.pdf (Rabbi Tzvi Freeman),document,504613,16ta-UuZMJlJ2mgdRrJaTsnGYkr3XdX1f,application/pdf,1,pending,2025-11-09T04:57:13.738052,
1317,/Around the year/Shavuos/Classes,The Preparation for Receiving the Torah (Rabbi Levi Raichik),document,44422,1G_KMAvsyrAJJRWB8p5mkJRha3UQMcohE,application/vnd.openxmlformats-officedocument.wordprocessingml.document,1,pending,2025-11-09T04:57:13.753068,
1318,/Around the year/Shavuos/Classes,reasons for mitzvos sources (Rabbi Yossi Yaffe),document,88180,16EAA-GCwl1HUfXlEcBZWdyK78XzOsUhZ,application/vnd.openxmlformats-officedocument.wordprocessingml.document,1,pending,2025-11-09T04:57:13.767067,
1319,/Around the year/Shavuos/Classes,Hisoirerus For Shavuos.pdf (Rabbi Yossi Lew),document,207469,1SCQ-GRNp1HfrAzZtfENDD6VX4uvQuSBG,application/pdf,1,pending,2025-11-09T04:57:13.782070,
1320,/Around the year/Shavuos/Classes,Shiur on Tehillim 1 (Rabbi Levi Greenberg),document,45249,1I-jyHXh5rEd92kOGFujQqGAfPifvuwyK,application/vnd.openxmlformats-officedocument.wordprocessingml.document,1,pending,2025-11-09T04:57:13.796057,
1321,/Around the year/Shavuos/Classes,Shiur on Tehillim  - Teachers Notes (Rabbi Levi Greenberg),document,41879,1TnBtqH2yNbz59mlHjehnMg3WkvbwVgB8,application/vnd.openxmlformats-officedocument.wordprocessingml.document,1,pending,2025-11-09T04:57:13.812101,
1322,/Around the year/Shavuos/Classes,HISOIRERUS FOR SHAVUOS (Rabbi Yossi Lew),document,224658,1EpN6DEUj0Rew7elscZrdltUfOv9XROST,application/vnd.openxmlformats-officedocument.wordprocessingml.document,1,pending,2025-11-09T04:57:13.827080,
1323,/Around the year/Shavuos/Sinai Files,Sinai Files,google_doc,1024,1IPTZEJvbmcKkTxvkITnOjjPtj4lNRzOx4ejXEIAdvTc,application/vnd.google-apps.document,1,pending,2025-11-09T04:57:13.841083,
1324,/Around the year/Shavuos/Sinai Files,Sinai.pdf,document,180840,1ipojnYoYx4xtAru6Xt5MaOP9eDdZ-GBZ,application/pdf,1,pending,2025-11-09T04:57:13.856079,
1325,/Around the year/Shavuos,CMS TYLetter June 2005.doc (Rabbi Simcha Backman),document,119296,1ItsQHKq20lIshrttsU7XFH5iZlVDJdKR,application/msword,1,pending,2025-11-09T04:57:13.870079,
1326,/Around the year/Shavuos,Shavuos Solicitation.doc,document,26624,17z1zyqYesdHtRmDp5tBD0RsIyM_oehqx,application/msword,1,pending,2025-11-09T04:57:13.887085,
1327,/Around the year/Shavuos,press.doc (Rabbi Sholom Raichik),document,26112,1P6DaCtYW8Bv6I9M6HIAiJtbi5MH869K4,application/msword,1,pending,2025-11-09T04:57:13.902165,
1328,/Around the year/Shavuos,Shavuot Press Release.doc (Rabbi Shmuel Novack),document,14336,1uZdeeFmJcva2zFNT5SAYOd6VjU0SzORS,application/msword,1,pending,2025-11-09T04:57:13.918128,
1329,/Around the year/Shavuos,memorygame.pdf (Mrs. Lifshy Ajzenszmidt),document,16090218,1wdz7raOAzo9B6Zb-6tmW9v8845UO-lMa,application/pdf,1,pending,2025-11-09T04:57:13.933080,
1330,/Around the year/Shavuos,Text for Email invite for Aseres Hadibros and Dairy Lunch.docx (Rabbi Yehuda Ferris),document,11988,1AV6zk4Hs8CYROgggZJj8m47erNM7Vwdc,application/vnd.openxmlformats-officedocument.wordprocessingml.document,1,pending,2025-11-09T04:57:13.948082,
1331,/Around the year/Shavuos/Ice Breaker Game,Are you smarter than a (Jewish) 5th Grader,google_doc,6944,1Nmw_37wDXcaUiuK4y6Y5drLU_xnp3jIr-X65ivbGHDw,application/vnd.google-apps.document,1,pending,2025-11-09T04:57:13.963083,
1332,/Around the year/Shavuos/Ice Breaker Game,"Amazing race.doc (Rabbi Ari Shishler) A ""treasure hunt"" through Tanach. Divide people into teams and only give them a clue after they have found the preceding clue. First team to find all the correct references wins.",document,31744,1r9iBuDSUSsVL-2HnFPGM3oQRPgb76aJ7,application/msword,1,pending,2025-11-09T04:57:13.976080,
1333,/Around the year/Shavuos/Ice Breaker Game,Icebreaker-Shavuos game.pdf,document,36741,175dUofNFuoc5IxJzMOyJdu-UdxY75pu6,application/pdf,1,pending,2025-11-09T04:57:13.992081,
1334,/Around the year/Shavuos/Ice Breaker Game,Ice Breakers,google_doc,1024,1ubaGHaWAbVbTw_yDpMmjEuEvC5CU7rb6-IDPqtQbsUQ,application/vnd.google-apps.document,1,pending,2025-11-09T04:57:14.012050,
1335,/Around the year/Shavuos,JN Shavuos 2014 (Rabbi Sholom Raichik),document,47671006,10JoAj_1vdNxtAETrgz2dGRTMt5kZWiVB,application/pdf,1,pending,2025-11-09T04:57:14.027041,
1336,/Around the year/Shavuos,Shavuot Cover.pub,other,117248,19qsasFWJk0WBqynuYzkfpkTWVjwDl5oO,application/vnd.ms-publisher,1,pending,2025-11-09T04:57:14.041040,
1337,/Around the year/Shavuos,Shavuos Schedule - Sunday.docx,document,46910,1l7Y-K3_dz9dX_TVQ6mkMiZqd6ETXw-PN,application/vnd.openxmlformats-officedocument.wordprocessingml.document,1,pending,2025-11-09T04:57:14.059041,
1338,/Around the year/Rosh Hashanah/Chazanus,Dovid Horowitz,other,0,1slvhNZbQpgpkPY2KT202YBKiPCaC0rBN,application/octet-stream,1,pending,2025-11-09T04:57:14.073044,
1339,/Around the year/Rosh Hashanah/Chazanus/Dovid Horowitz (1),R.doc,document,19968,1AmdOonpQvjAaAQiDivMQw6eElOi2fhJ_,application/msword,1,pending,2025-11-09T04:57:14.086044,
1340,/Around the year/Rosh Hashanah/Video Library,"R""H Video Library",google_doc,2376,1PMVSjvqvELP4K0VesU74x5fUjTOpBl90krWALcDERDA,application/vnd.google-apps.document,1,pending,2025-11-09T04:57:14.101040,
1341,/Around the year/Rosh Hashanah,Rosh Hashana Instructions 5771.doc,document,46080,1pMA7XSEPQC0jLEtfsio8e04lepd1EjXX,application/msword,1,pending,2025-11-09T04:57:14.115041,
1342,/Around the year/Rosh Hashanah,High Holiday Solicitation Package,google_doc,1024,1_9nGR3faShDY8cZJp4ERCUR1_KtQyXPeYE9DMTdD0Bk,application/vnd.google-apps.document,1,pending,2025-11-09T04:57:14.130042,
1343,/Around the year/Rosh Hashanah,Rosh Hashana Cover.pub,other,101888,14WlQDH4an9ON4v3TBQ9u24lyPkG5jooj,application/vnd.ms-publisher,1,pending,2025-11-09T04:57:14.143040,
1344,/Around the year/Rosh Hashanah,Rosh Hashana Schedule - Monday.docx,document,37858,1RW24-0viwbHo0uBhtWnBpd3XrgrdMyUU,application/vnd.openxmlformats-officedocument.wordprocessingml.document,1,pending,2025-11-09T04:57:14.161042,
1345,/Around the year/Rosh Hashanah/Shofar Factory,Colonie Shofar Reservation Form.doc,document,148480,11HGwYQnN-xxzKJz-6ErGvrs5zECdL7Ng,application/msword,1,pending,2025-11-09T04:57:14.181041,
1346,/Around the year/Rosh Hashanah/Shofar Factory,Copy of Rosh Hashana.pptx,other,324045,1p0MrneidqsOTpmfmLYG5symWKNQWr6xk,application/vnd.openxmlformats-officedocument.presentationml.presentation,1,pending,2025-11-09T04:57:14.197040,
1347,/Around the year/Rosh Hashanah/Shofar Factory,Shofar 09,google_doc,6097,1q3R5KNfhNvv4d3vlkNQx0C0j1_JQyMGdv9zDpnkyfT0,application/vnd.google-apps.document,1,pending,2025-11-09T04:57:14.220040,
1348,/Around the year/Rosh Hashanah/Shofar Factory,shofar_factory.doc,document,1052043,1i75gQFZ3UDy6__ZBEuZTd64fiM6sVqoY,application/msword,1,pending,2025-11-09T04:57:14.241041,
1349,/Around the year/Rosh Hashanah/Shofar Factory,Shofar Factory.psd,image,72455906,19wvJqB6R4qTE8ABcndbS8RfdeQPy--8U,image/x-photoshop,1,pending,2025-11-09T04:57:14.260042,
1350,/Around the year/Rosh Hashanah/Shofar Factory,Shofar 09.pdf,document,108932,1lpH6Uo9V79tNFzZfKZMCxfOgWMVPOpKg,application/pdf,1,pending,2025-11-09T04:57:14.283041,
1351,/Around the year/Rosh Hashanah/Shofar Factory,S.F. - Lesson Plan.doc,document,32256,1VKZUwaCmuknveGfO7VE5jxVoeP95vNQR,application/msword,1,pending,2025-11-09T04:57:14.308042,
1352,/Around the year/Rosh Hashanah/Shana Tova Cards and Labels,Copy of Honey Cake label.pdf,document,349615,1xp8REBeezI_ULuCBSSOTp8wbLY8Pz6Dh,application/pdf,1,pending,2025-11-09T04:57:14.325040,
1353,/Around the year/Rosh Hashanah/Shana Tova Cards and Labels,Copy of Shana Tova! Chabad of Maine (4).pdf,document,410796,1S-mwo1ZGA2aJ4B_JWq1MDgFJ423DIpop,application/pdf,1,pending,2025-11-09T04:57:14.340043,
1354,/Around the year/Rosh Hashanah/High Holiday Guide,5771 - HH Service Guide - RH limited pages.pdf,document,245086,1xNt-xsAE-aulbxi4sJe0OT09dF5u7LGe,application/pdf,1,pending,2025-11-09T04:57:14.356043,
1355,/Around the year/Rosh Hashanah/High Holiday Guide,5771 - HH Service Guide - RH ALL.pdf,document,251924,1uTLppdM2JSX0FlmCh8Sjyzv7WPL75648,application/pdf,1,pending,2025-11-09T04:57:14.371040,
1356,/Around the year/Rosh Hashanah/High Holiday Guide,Copy of תשפא אנגלית פלורידה.pdf,document,8218510,1oYAh1PqasRN-c8m1232CNHoTyjq20Tf3,application/pdf,1,pending,2025-11-09T04:57:14.388061,
1357,/Around the year/Rosh Hashanah/High Holiday Guide,Copy of HH Guide Melbourne.pdf,document,4246912,1QaMVSLfruH6H89Rz67LUEwLwDaDczVN2,application/pdf,1,pending,2025-11-09T04:57:14.403046,
1358,/Around the year/Rosh Hashanah/High Holiday Guide,"Copy of Online High Holyday Guide, Rabbi Manis Friedman.pdf",document,5175465,1l48WgItThE2jvVzCpMJD82N857-Nqf2d,application/pdf,1,pending,2025-11-09T04:57:14.418080,
1359,/Around the year/Rosh Hashanah/Rosh Hashana Services,Psukim after tkios.wma,audio,858079,1V_OLEEdSlRX3DfJaBvaJGOhSz3HENrk7,audio/x-ms-wma,1,pending,2025-11-09T04:57:14.432041,
1360,/Around the year/Rosh Hashanah/Rosh Hashana Services,Copy of Beginers booklet of transliteratede prayers.pub,other,396800,1sSRo6hoinYAEqNnPC-Amne67zt-qQEDj,application/vnd.ms-publisher,1,pending,2025-11-09T04:57:14.448043,
1361,/Around the year/Rosh Hashanah/Rosh Hashana Services/Machzor,Insights on the Rosh Hashana Tefilos (Video),google_doc,1024,1kgQpAYOTKjeF_IMTWF50CEwr97UyQcCcUauocUITeXo,application/vnd.google-apps.document,1,pending,2025-11-09T04:57:14.464043,
1362,/Around the year/Rosh Hashanah/Rosh Hashana Services/Machzor,Copy of Machzor Basics .doc,document,20992,1jSM2MmWuuiKEZQSkn_Sznwby7ZNKwztC,application/msword,1,pending,2025-11-09T04:57:14.480041,
1363,/Around the year/Rosh Hashanah/Rosh Hashana Services/Machzor,Copy of RHMachzor-Day2.pdf,document,1476883,1JNufkK1cwLL7rxB1P89bhfhyvNfJWg5R,application/pdf,1,pending,2025-11-09T04:57:14.497142,
1364,/Around the year/Rosh Hashanah/Rosh Hashana Services/Machzor,Copy of RHMachzor-Day1.pdf,document,1744626,1n2b5yHqe4MHT6pLDogSZT9f-vqMpKNr1,application/pdf,1,pending,2025-11-09T04:57:14.515218,
1365,/Around the year/Rosh Hashanah/Rosh Hashana Services/Machzor,Copy of RH Machzor_FullPage.pdf,document,898302,1NaYn-Jpt7Q9ByrGw6vVlTlu4JtLAoYON,application/pdf,1,pending,2025-11-09T04:57:14.530216,
1366,/Around the year/Rosh Hashanah/Rosh Hashana Services/Shofar,ShofarSounds.pdf,document,52753,12rv5xXBGBWoi28S2-3__yIUbAwgj2wY1,application/pdf,1,pending,2025-11-09T04:57:14.544137,
1367,/Around the year/Rosh Hashanah/Rosh Hashana Services/Shofar,Copy of Shofar Blowing Text.pdf,document,192159,10gNFme10Vhx4-zAs4toOUCsuRHlLqtdP,application/pdf,1,pending,2025-11-09T04:57:14.558138,
1368,/Around the year/Rosh Hashanah/Rosh Hashana Services/Shofar,Copy of shofar mivtzoim card.pdf,document,493412,1H5LJXm1Kt79THrjKo0mYN7n_2w1ysKh5,application/pdf,1,pending,2025-11-09T04:57:14.572135,
1369,/Around the year/Rosh Hashanah/Rosh Hashana Services/Shofar/Shofar in the Park,Copy of Bag Labels.docx,document,41190,19l0MZUn247NsGMjWiE12DpHrD3SSBZBa,application/vnd.openxmlformats-officedocument.wordprocessingml.document,1,pending,2025-11-09T04:57:14.587139,
1370,/Around the year/Rosh Hashanah/Rosh Hashana Services/Shofar/Shofar in the Park,Copy of Cookies label sheet.pdf,document,10712179,1knUnA7PkHPCH9S43nWMEl0bJacgs2i35,application/pdf,1,pending,2025-11-09T04:57:14.602136,
1371,/Around the year/Rosh Hashanah/Rosh Hashana Services/Shofar/Shofar in the Park,Copy of Shofar in Park Guide.docx,document,20093,15WZxtvyuBpSkUb2BJstUL0jcKzNMAk8o,application/vnd.openxmlformats-officedocument.wordprocessingml.document,1,pending,2025-11-09T04:57:14.619227,
1372,/Around the year/Rosh Hashanah/Rosh Hashana Services/Shofar/Shofar in the Park,Copy of Shofar Sheet Potomac.pdf,document,2727954,1Uyzlsb33unj9gRc8Ub4roiW74EzCmNwV,application/pdf,1,pending,2025-11-09T04:57:14.634139,
1373,/Around the year/Rosh Hashanah/Rosh Hashana Services,Copy of RHServicesAndTalkingPoints5772.pdf,document,696544,1LTXwgN5GWW2UF6y4Gt2nLcRFdJEQYF3d,application/pdf,1,pending,2025-11-09T04:57:14.648133,
1374,/Around the year/Rosh Hashanah/Rosh Hashana Services,Copy of Links to chazanus nusach,google_doc,2487,17CxiTFd2UZcC6EltBWhdCgeO8djzpxykwItFMyM4Txk,application/vnd.google-apps.document,1,pending,2025-11-09T04:57:14.662135,
1375,/Around the year/Rosh Hashanah/Halacha,הלכות שופר בבית הכנסת ובמבצעים,google_doc,1024,1RcCvO6KmTd5_7gFfpsnEFBKxd10QZujcqIlvazv8MxU,application/vnd.google-apps.document,1,pending,2025-11-09T04:57:14.679136,
1376,/Around the year/Rosh Hashanah/Halacha,Copy of HilchosShofar2013Final2.pdf,document,210043,1R1rDK6W8V0szEozqFK_HkFh0PFBYpRv5,application/pdf,1,pending,2025-11-09T04:57:14.694230,
1377,/Around the year/Rosh Hashanah/Speeches,Chitas and Rambam.docx,document,16233,1kwD40byxRs4okipxM_ObI98FnW8WbIYm,application/vnd.openxmlformats-officedocument.wordprocessingml.document,1,pending,2025-11-09T04:57:14.708136,
1378,/Around the year/Rosh Hashanah/Speeches,Power of Now_Second Day RH.docx,document,14589,1mQIkpgww8-sXEvaBq61TDAsrCMfkwiZh,application/vnd.openxmlformats-officedocument.wordprocessingml.document,1,pending,2025-11-09T04:57:14.722136,
1379,/Around the year/Rosh Hashanah/Speeches,Copy of 1. Rosh Hashanah Day 1 -Be Extraordinary.pdf,document,123903,1JFBLYt-4uMpksC0ywhPjb9d8aprEifem,application/pdf,1,pending,2025-11-09T04:57:14.739139,
1380,/Around the year/Rosh Hashanah/Speeches,Copy of for sermons (2).docx,document,23305,1TY9sp66t0ESRm-OnLgFDI7tsmbudTepg,application/vnd.openxmlformats-officedocument.wordprocessingml.document,1,pending,2025-11-09T04:57:14.752133,
1381,/Around the year/Rosh Hashanah/Speeches,Copy of for sermons (1).docx,document,384701,1BmiBEafmB7e2JovKg6fZri6C5XK_KSHq,application/vnd.openxmlformats-officedocument.wordprocessingml.document,1,pending,2025-11-09T04:57:14.769138,
1382,/Around the year/Rosh Hashanah/Speeches,Copy of RH Talking 5767 idex cards (3).doc,document,133632,1cM4e0Hjsj0BVWFqn_2gK89lCTmm3eMvb,application/msword,1,pending,2025-11-09T04:57:14.782136,
1383,/Around the year/Rosh Hashanah/Speeches,Copy of for sermons.docx,document,388853,1L93_eWg7Bv1dr4_c3TkrF-atafxfWUR_,application/vnd.openxmlformats-officedocument.wordprocessingml.document,1,pending,2025-11-09T04:57:14.797136,
1384,/Around the year/Rosh Hashanah,Copy of 24-tishrei-5775-06.pdf,document,1189421,1XVsuP1-hQyoAZ5LBSiqdHIptGbhvERuw,application/pdf,1,pending,2025-11-09T04:57:14.812154,
1385,/Around the year/Rosh Hashanah/Tashlich,Copy of Tashlich.pdf,document,55890,1-AgmO8AW2P0px1h0Fs_clIKWSVbnhbWx,application/pdf,1,pending,2025-11-09T04:57:14.829138,
1386,/Around the year/Rosh Hashanah/To do List,Rosh Hashana to Bring list - 5468.docx,document,12252,1F95Eg97RA2HUqRUplpD23HaxQRCcA-7b,application/vnd.openxmlformats-officedocument.wordprocessingml.document,1,pending,2025-11-09T04:57:14.846138,
1387,/Around the year/Rosh Hashanah/To do List,Copy of Tishrei Handbook Printing Info (1).pdf,document,70433,1pPBQl9dXgckuW-ADwpbE5-4NqqLv4B2x,application/pdf,1,pending,2025-11-09T04:57:14.866139,
1388,/Around the year/Rosh Hashanah/To do List,Copy of Tishrei Handbook Printing Info (1),google_doc,12312,1GZGFOcUAg-03mpB9yNC4qEABqje3VxEuTA6INAFbc80,application/vnd.google-apps.document,1,pending,2025-11-09T04:57:14.882136,
1389,/Around the year/Rosh Hashanah/To do List,Copy of RH to do 5779.doc,document,29184,15p8C7lBFbmCtiIiEHqfR0JW-JiWlTq9q,application/msword,1,pending,2025-11-09T04:57:14.897158,
1390,/Around the year/Rosh Hashanah/To do List,Copy of RH 5779.doc,document,34304,1fPBziL1wLiqzJ5V2J3VN8MolSIr90Mr2,application/msword,1,pending,2025-11-09T04:57:14.915875,
1391,/Around the year/Rosh Hashanah/To do List,Copy of RH to do 5778.doc,document,49664,12GLVAYlYwF6PLgxhzVdvvWWdiFWJRpUX,application/msword,1,pending,2025-11-09T04:57:14.933202,
1392,/Around the year/Rosh Hashanah/To do List,Copy of RH 5778.doc,document,62976,1tCGgaM5ss47uNRkazDGu2psH4VhLgmb8,application/msword,1,pending,2025-11-09T04:57:14.951567,
1393,/Around the year/Rosh Hashanah/To do List,Copy of Yomim tovim.doc,document,36864,1Toou7Vjpd3vOt2fA17jEs6fYyf6-bZtx,application/msword,1,pending,2025-11-09T04:57:14.970134,
1394,/Around the year/Rosh Hashanah/Rosh Hashanah Dinner/Talking Points,Copy of Story for RH Dinner- Far Over Distant Hills.docx,document,13045,1Mtk1t4TvKaAlQCnTXPWf8iqbDVSiZA-y,application/vnd.openxmlformats-officedocument.wordprocessingml.document,1,pending,2025-11-09T04:57:14.987153,
1395,/Around the year/Rosh Hashanah/Rosh Hashanah Dinner/Talking Points,RH stories.docx,document,18692,1OkhmFp2pFc95gbNR66CxC-P9Z0eM7VfG,application/vnd.openxmlformats-officedocument.wordprocessingml.document,1,pending,2025-11-09T04:57:15.004156,
1396,/Around the year/Rosh Hashanah/Rosh Hashanah Dinner/Talking Points,Copy of RH Night 5780-You matter final version - for exchange.docx,document,32819,1TzDvNmVgWIhdd6JbfQqn1V6gN_3Yi7Q-,application/vnd.openxmlformats-officedocument.wordprocessingml.document,1,pending,2025-11-09T04:57:15.019534,
1397,/Around the year/Rosh Hashanah/Rosh Hashanah Dinner/Talking Points,Copy of Simanim Buffet.docx,document,13914,1KvVSTbtpLrgNuGZoB6NkUpZBRoEfOsZm,application/vnd.openxmlformats-officedocument.wordprocessingml.document,1,pending,2025-11-09T04:57:15.038968,
1398,/Around the year/Rosh Hashanah/Rosh Hashanah Dinner/Menu,Copy of Recipe Cards Full.pdf,document,1466397,1oLLKYHG0kxc_2t3UqWs7qdK6MudcK1La,application/pdf,1,pending,2025-11-09T04:57:15.054455,
1399,/Around the year/Rosh Hashanah/Rosh Hashanah Dinner/Menu,Copy of RH salad list_2.doc,document,28160,1PHVvtigeS4n2NIUrKgzy81c9cASgtfcy,application/msword,1,pending,2025-11-09T04:57:15.069253,
1400,/Around the year/Rosh Hashanah/Rosh Hashanah Dinner/Menu,Copy of RH salad list.doc,document,28160,1BidMB5r3lXQaJhOwyLJYLEPBfp3vsr-Q,application/msword,1,pending,2025-11-09T04:57:15.085215,
1401,/Around the year/Rosh Hashanah/Rosh Hashanah Dinner/Menu,Copy of RH salad list_1.doc,document,34816,1jvtaPFA3O60RE84NpI3g2NJ0E8H67CRG,application/msword,1,pending,2025-11-09T04:57:15.103056,
1402,/Around the year/Rosh Hashanah/Rosh Hashanah Dinner,Copy of rosh hashana dinner handout .pdf,document,394356,1fNpp00nD90AWRatx4jcGpOehEjv6hD_R,application/pdf,1,pending,2025-11-09T04:57:15.122055,
1403,/Around the year/Rosh Hashanah/Classes,Shluchim Talk. Rosh Hashanah,google_doc,6560,1J9x20doHPdSMKocazaXiLHjLxQk7okgf-fomHX6QXyE,application/vnd.google-apps.document,1,pending,2025-11-09T04:57:15.139055,
1404,/Around the year/Rosh Hashanah/Classes,Copy of elul.ppt,other,831488,1ChXN7_ovRkw4lBZu_-lU_t-nP9CK7ObN,application/vnd.ms-powerpoint,1,pending,2025-11-09T04:57:15.157093,
1405,/Around the year/Rosh Hashanah/Classes,Reunion 1 (1).docx,document,11999,1N35SP_9X4i79OW41N_GC714N9rTKfavf,application/vnd.openxmlformats-officedocument.wordprocessingml.document,1,pending,2025-11-09T04:57:15.170092,
1406,/Around the year/Rosh Hashanah/Classes,Machzor Basics .doc,document,20992,1FEz4r_YrZJV7beu-diU9CHf-XnoKQEnl,application/msword,1,pending,2025-11-09T04:57:15.186094,
1407,/Around the year/Rosh Hashanah/Classes,Exploring the Secret Power of Teshuva: SOURCE SHEET.doc,document,111104,1jPW2gt-WlBCrlMm_sPZBaIUgM3AFsP9A,application/msword,1,pending,2025-11-09T04:57:15.200090,
1408,/Around the year/Rosh Hashanah/Classes,Teshuvah.pdf,document,1332956,1wNS3rQnUUxK7uxL3W27LoFctctHICkOW,application/pdf,1,pending,2025-11-09T04:57:15.217841,
1409,/Around the year/Rosh Hashanah/Classes,notes for shiur on shofar.doc,document,28160,15EFIx1WEumAJPQjVbPWUB9B-ntWcDNwR,application/msword,1,pending,2025-11-09T04:57:15.240836,
1410,/Around the year/Rosh Hashanah/Classes,10 reasons.doc,document,38912,1snp5PlETN0Zji4pSLVoooxrGm_qRoJGv,application/msword,1,pending,2025-11-09T04:57:15.260837,
1411,/Around the year/Rosh Hashanah/Classes,Rosh Hashana.pptx,other,324045,1W0krsAO9Me1oUjB18eOOtrayjkVYTjch,application/vnd.openxmlformats-officedocument.presentationml.presentation,1,pending,2025-11-09T04:57:15.283838,
1412,/Around the year/Rosh Hashanah/Classes,Beginers booklet of transliteratede prayers.pub,other,396800,1Jua44yrqcnitHV_wnz0H6NeP06Khdvcp,application/vnd.ms-publisher,1,pending,2025-11-09T04:57:15.301837,
1413,/Around the year/Rosh Hashanah/Classes,Copy of Rosh hashana 5780.docx,document,22746,1QJz9eiMytPtT_t8eAU73Us0AVzktxhtR,application/vnd.openxmlformats-officedocument.wordprocessingml.document,1,pending,2025-11-09T04:57:15.320837,
1414,/Around the year/Rosh Hashanah/Classes,Copy of Rosh Hashana 5780 4 ways to Newness.docx,document,22661,1ezR--8xezubRQa4SGEyQiYCD99RO_z5j,application/vnd.openxmlformats-officedocument.wordprocessingml.document,1,pending,2025-11-09T04:57:15.342837,
1415,/Around the year/Rosh Hashanah/Classes,Copy of learning2.docx,document,18693,17jW1qq-trW2bN6n7_bbfEYLHu0-mrXaS,application/vnd.openxmlformats-officedocument.wordprocessingml.document,1,pending,2025-11-09T04:57:15.363837,
1416,/Around the year/Rosh Hashanah/Classes,Copy of On the Essence of Rosh Hashana part 2.docx,document,12396,16kAecala7Ljvm_vZ4cSp2n85mpZD8rVp,application/vnd.openxmlformats-officedocument.wordprocessingml.document,1,pending,2025-11-09T04:57:15.382836,
1417,/Around the year/Rosh Hashanah/Classes,Copy of On The Essence of Rosh Hashanah Part 1.docx,document,659808,18tSZ409-GFnFMta0RtroxmHPimNTQ_EC,application/vnd.openxmlformats-officedocument.wordprocessingml.document,1,pending,2025-11-09T04:57:15.399851,
1418,/Around the year/Rosh Hashanah/Childrens Program/Machzor,Copy of Kid's Shul Machzor RH ,document,666452,1d6QUOe8WQ6Kg9RR4e_I25Rq8XP9wthtY,application/pdf,1,pending,2025-11-09T04:57:15.415854,
1419,/Around the year/Rosh Hashanah/Childrens Program/Machzor,Copy of Kids Machzor.pdf,document,2499708,1KIhyy2AVUAYsC02Y6N3_Xt6_D6ylIDho,application/pdf,1,pending,2025-11-09T04:57:15.430839,
1420,/Around the year/Rosh Hashanah/Childrens Program/Machzor,Copy of Rosh Hashana Song Sheet Generic.docx,document,50298,1L0uqbmMCRP9JtYlfsOmKPnFyZuYl2zI-,application/vnd.openxmlformats-officedocument.wordprocessingml.document,1,pending,2025-11-09T04:57:15.447921,
1421,/Around the year/Rosh Hashanah/Childrens Program/Lists,Junior Congregation.docx,document,972524,114ouLACzgOEzA2cf9ld5_6ruuGniJat6,application/vnd.openxmlformats-officedocument.wordprocessingml.document,1,pending,2025-11-09T04:57:15.463844,
1422,/Around the year/Rosh Hashanah/Childrens Program/Lists,Rosh Hashana Schedule Younger and Older.doc,document,35328,187z4BiOHwj1f_Vbh1E9IbUBciSkpiMho,application/msword,1,pending,2025-11-09T04:57:15.479890,
1423,/Around the year/Rosh Hashanah/Childrens Program/Lists,Rosh Hashanah Kids Program 5775.docx,document,20372,1gnZu6zvi8KJHUICfutvIy1kGofCm3yxp,application/vnd.openxmlformats-officedocument.wordprocessingml.document,1,pending,2025-11-09T04:57:15.493945,
1424,/Around the year/Rosh Hashanah/Childrens Program/Lists,RH program instuctions  ,document,1925611,1aebtDkkF77AvWfwE7yoVJN811TCronIw,application/pdf,1,pending,2025-11-09T04:57:15.508838,
1425,/Around the year/Rosh Hashanah/Childrens Program/Lists,rh learning.docx,document,17345,1-359GMBggnRlRgsqGLNCljqxUjXGq5ei,application/vnd.openxmlformats-officedocument.wordprocessingml.document,1,pending,2025-11-09T04:57:15.525839,
1426,/Around the year/Rosh Hashanah/Childrens Program/Lists,"rh kids program, Fillers and Supplies, Different Age Groups .xlsx",spreadsheet,28304,12ECvtL7snCG4TU2VDoxTNyQyk_uLI3kI,application/vnd.openxmlformats-officedocument.spreadsheetml.sheet,1,pending,2025-11-09T04:57:15.540840,
1427,/Around the year/Rosh Hashanah/Childrens Program/Lists,"Schedule, Supply List, Short explanations.docx",document,40600,1tfOIAPCRVI5PmvkSSI_OPVV0l5yEFbsb,application/vnd.openxmlformats-officedocument.wordprocessingml.document,1,pending,2025-11-09T04:57:15.555923,
1428,/Around the year/Rosh Hashanah/Childrens Program/Lists,RH in candlyland.docx,document,20355,1fW8JeiSnXB_0DcwPd1G-9B7Dj94gcMDl,application/vnd.openxmlformats-officedocument.wordprocessingml.document,1,pending,2025-11-09T04:57:15.572840,
1429,/Around the year/Rosh Hashanah/Childrens Program/Lists,High Holiday Cool Facts,document,150472,1kwjW0o5mgy5b-E__-z5rYDO7mNYUBrdf,application/pdf,1,pending,2025-11-09T04:57:15.587843,
1430,/Around the year/Rosh Hashanah/Childrens Program/Lists,Rosh hashana carnival.docx,document,10445,1xQll6SKiC7w3ucfmvhMLyNwD0zEIU-OS,application/vnd.openxmlformats-officedocument.wordprocessingml.document,1,pending,2025-11-09T04:57:15.601926,
1431,/Around the year/Rosh Hashanah/Childrens Program/Lists,Childrens Rosh Hashana Program.doc,document,26624,1ZEnEKq8gQQZeqGRfniDCxop2F1aolDIj,application/msword,1,pending,2025-11-09T04:57:15.615952,
1432,/Around the year/Rosh Hashanah/Childrens Program/Lists,"3-6 R""H Learning.docx",document,18520,1YH8ppb6mjrewp65dMtpW-sX0_VF9JDQI,application/vnd.openxmlformats-officedocument.wordprocessingml.document,1,pending,2025-11-09T04:57:15.628922,
1433,/Around the year/Rosh Hashanah/Childrens Program/Lists,Copy of Rosh Hashana Grades 2 and up Agenda.doc,other,0,1KQ-hdZdkL4mJLlptO3KcBUyoUmxQwN_B,application/vnd.google-apps.shortcut,1,pending,2025-11-09T04:57:15.643838,
1434,/Around the year/Rosh Hashanah/Childrens Program/Lists,Copy of Rosh Hashana at home with kids v2.pdf,document,448173,1FGUwN0saozGDnuBJEUlkxH3p7hmpO-Xf,application/pdf,1,pending,2025-11-09T04:57:15.660932,
1435,/Around the year/Rosh Hashanah/Childrens Program/Games/shofar ,Copy of Shofar_game.doc,document,403456,1-IXfamsoSbiWEEAECjrFm4XZlhT83DsY,application/msword,1,pending,2025-11-09T04:57:15.676839,
1436,/Around the year/Rosh Hashanah/Childrens Program/Games/shofar ,Copy of Shofar_game_questions.doc,document,276992,1qaoEQxdXvF6s7ye_bpFEbD64MdOeu1-H,application/msword,1,pending,2025-11-09T04:57:15.694840,
1437,/Around the year/Rosh Hashanah/Childrens Program/Games/shofar ,Copy of shfar_game_instructions.doc,document,25088,1MnYpWtICFr6XqpOzVSasPKzdZboiK5Ec,application/msword,1,pending,2025-11-09T04:57:15.708837,
1438,/Around the year/Rosh Hashanah/Childrens Program/Games,Copy of Who am I Game.docx,document,14722,1tfkUEwzUi-BQUjtENb0X9kxJKFp8Fk_T,application/vnd.openxmlformats-officedocument.wordprocessingml.document,1,pending,2025-11-09T04:57:15.723837,
1439,/Around the year/Rosh Hashanah/Childrens Program/Games,Copy of filler games.docx,document,14770,1qE8DpWSZVHOx2_fz2N9Ivz-MOlCXYp4K,application/vnd.openxmlformats-officedocument.wordprocessingml.document,1,pending,2025-11-09T04:57:15.738838,
1440,/Around the year/Rosh Hashanah/Childrens Program/Games,Copy of bingo game.doc,document,1098752,1Dldz-T5-skCXvAbwihq48f7dUDJj-cIM,application/msword,1,pending,2025-11-09T04:57:15.752860,
1441,/Around the year/Rosh Hashanah/Childrens Program/Games,Copy of family fued.doc,document,29184,1AgcYg1t1drisO9AqckNicEAZEQd7nB28,application/msword,1,pending,2025-11-09T04:57:15.766859,
1442,/Around the year/Rosh Hashanah/Childrens Program/Games,Copy of Jewpardy Rosh Hashana Inserts.pdf,document,3364772,1VX7zFc9kLajRxdWhnG8DDTcej9-q6rzY,application/pdf,1,pending,2025-11-09T04:57:15.781923,
1443,/Around the year/Rosh Hashanah/Childrens Program/Games,Copy of multiple choice ball game.docx,document,16779,10da4Q_lStoqg6rZwuwMtS9EdoL69BMWc,application/vnd.openxmlformats-officedocument.wordprocessingml.document,1,pending,2025-11-09T04:57:15.799926,
1444,/Around the year/Rosh Hashanah/Childrens Program/Games,Copy of match it 4 r''h.pdf,document,386319,1BEtC3ljwpC1b3efpZZTG-Y4ik7Nb4e6x,application/pdf,1,pending,2025-11-09T04:57:15.817838,
1445,/Around the year/Rosh Hashanah/Childrens Program/Games,Copy of r''h bingo game.doc,document,145408,1qy_1vdLu1p3ZKmmfSB_EE6ApcGGJJgcq,application/msword,1,pending,2025-11-09T04:57:15.833094,
1446,/Around the year/Rosh Hashanah/Childrens Program/Games,Copy of Race through the holidays.doc,document,115712,1JCZ1QV9OPAEF64on_D5GZbnVEufpepOG,application/msword,1,pending,2025-11-09T04:57:15.848092,
1447,/Around the year/Rosh Hashanah/Childrens Program/Games,Copy of questions for tic tac toe game.doc,document,28672,1OZy3zqqQwLFzVXlf_tjptNqHY3ZYuxVj,application/msword,1,pending,2025-11-09T04:57:15.864089,
1448,/Around the year/Rosh Hashanah/Childrens Program/Games,Copy of matching game1.doc,document,804352,17SaD4Oe-K8Z-_5wMPAqccE_KdfZgFRV0,application/msword,1,pending,2025-11-09T04:57:15.884088,
1449,/Around the year/Rosh Hashanah/Childrens Program/Games,Copy of rh - jeapardy.doc,document,29696,18vvEziFR36WacoAn0Puscg_wKx9daN-4,application/msword,1,pending,2025-11-09T04:57:15.902179,
1450,/Around the year/Rosh Hashanah/Childrens Program/Games,Copy of pin_the_shofar_on_the_ram.pdf,document,284414,16mnNb4n0bRuwowkSAz7YQ5DgzjiyIuIv,application/pdf,1,pending,2025-11-09T04:57:15.920176,
1451,/Around the year/Rosh Hashanah/Childrens Program/Games,Copy of Rosh Hashana I Spy (1).pdf,document,579919,1ZtSR1uiwB5vKeWFbx4QXSB6wr_yN8mXE,application/pdf,1,pending,2025-11-09T04:57:15.936090,
1452,/Around the year/Rosh Hashanah/Childrens Program/Games,Copy of SOHS-RoshHashanahBingo.pdf,document,358750,1OmkceT1z24zT7DBtnF1fBLNTvqA5QP8n,application/pdf,1,pending,2025-11-09T04:57:15.952090,
1453,/Around the year/Rosh Hashanah/Childrens Program/Games,Copy of tishrei bingo.pdf,document,6377388,1gu-z-sLs9zvKQAY91dgtCzFZ4oskI8wz,application/pdf,1,pending,2025-11-09T04:57:15.973094,
1454,/Around the year/Rosh Hashanah,Copy of Taste of Honey- Event ,archive,1112449,1MRmTCGw1Cy7YUS6b3Ka6_a3FkPAP7tx-,application/zip,1,pending,2025-11-09T04:57:15.989094,
1455,/Around the year,Gimmel Tammuz,google_doc,1024,1kRY60e0mizpUehE13xjRGiwoXx5-zGw185PlGHdCqHI,application/vnd.google-apps.document,1,pending,2025-11-09T04:57:16.006172,
1456,/Around the year,Siyum Harambam,google_doc,2077,1cdfD6KTiXDx-0y6SfAYi6xswa2qTsoYgn8Gys_1k_18,application/vnd.google-apps.document,1,pending,2025-11-09T04:57:16.027090,
1457,/Around the year/Day to Day,Sivan1 Handout.doc,document,36352,1FPgENbKylz19MnoGxhxnZ_pCikhuuM1C,application/msword,1,pending,2025-11-09T04:57:16.044177,
1458,/Around the year/Day to Day,Iyar3.doc,document,372736,1tHOVv5SmhK3OX0buxaqVq-MKgwuIf7DT,application/msword,1,pending,2025-11-09T04:57:16.059172,
1459,/Around the year/Day to Day,Sivan1.doc,document,32256,14SQouPi-G_k6PVl-dfWxJAf0EvApfD70,application/msword,1,pending,2025-11-09T04:57:16.075089,
1460,/Around the year/Day to Day,Sivan2.doc,document,32256,1houFg23Vi-xQd5Z_0mT9NVdOx1gcjllz,application/msword,1,pending,2025-11-09T04:57:16.091206,
1461,/Around the year/Day to Day,Iyar3 Handout.doc,document,405504,1tKw9GckzrLhbYd_vIolyu7RK5tJZe5Yy,application/msword,1,pending,2025-11-09T04:57:16.106194,
1462,/Around the year/Day to Day,Iyar2 Handout.doc,document,42496,1I4tRbv_hC50DUoYQubz5fFB9Xlq6-jVX,application/msword,1,pending,2025-11-09T04:57:16.121191,
1463,/Around the year/Day to Day,Nissan3 Handout.doc,document,41472,1b66CLwSvmiXCCWoBxWlar-0PJkfZ3OFz,application/msword,1,pending,2025-11-09T04:57:16.136188,
1464,/Around the year/Day to Day,Iyar1 Handout.doc,document,104960,10pm_0wo4lD3KkSKiwdD1XOgDTyfr2y27,application/msword,1,pending,2025-11-09T04:57:16.152275,
1465,/Around the year/Day to Day,Iyar2.doc,document,36352,1VCv_t60SexkukxORkOOJzIlu7-9uFqDc,application/msword,1,pending,2025-11-09T04:57:16.167191,
1466,/Around the year/Day to Day,Nissan3.doc,document,38400,1pmgQ7jk4tC4o62QjxRBgTfvvUJ2ZWa1e,application/msword,1,pending,2025-11-09T04:57:16.182188,
1467,/Around the year/Day to Day,Adar2 Handout.doc,document,39936,1cU0ruL7ebB1rGyyGoTeuqiM55KQgoAY-,application/msword,1,pending,2025-11-09T04:57:16.199190,
1468,/Around the year/Day to Day,Nissan2.doc,document,1979904,19itq4C5ahUDrN7rTw3OZnoAiQ2Qmdr0s,application/msword,1,pending,2025-11-09T04:57:16.215281,
1469,/Around the year/Day to Day,Nissan1 Handout.doc,document,36864,1r3Uis33MEYMACPCwGO2V_p1sZ7VSZ9FS,application/msword,1,pending,2025-11-09T04:57:16.231312,
1470,/Around the year/Day to Day,Adar2.doc,document,35840,1GGsxvjrCEvplUZQZB2LTq6Ujs0CkiXQ8,application/msword,1,pending,2025-11-09T04:57:16.247198,
1471,/Around the year/Day to Day,Nissan4.doc,document,31232,18Y_NNlZaFuyKGd62X7dB5I8LjqhvaqUu,application/msword,1,pending,2025-11-09T04:57:16.265192,
1472,/Around the year/Day to Day,Nissan1.doc,document,30208,1JxUoEchfMUH6WTfXdzTtFJKfPEKIaVfQ,application/msword,1,pending,2025-11-09T04:57:16.284276,
1473,/Around the year/Day to Day,Nissan4 Handout.doc,document,75264,16DyJKwzdzIG9dyPZ_ZlbxzppGU2I3mJk,application/msword,1,pending,2025-11-09T04:57:16.304196,
1474,/Around the year/Day to Day,Iyar1.doc,document,31232,15zNG5DE0tVOW4TnuvXY4WpO15BPMtP00,application/msword,1,pending,2025-11-09T04:57:16.330194,
1475,/Around the year/Day to Day,Nissan2 Handout.doc,document,2311680,1uy6rZkGldPM9L_6ZeqGTKL45Fe7Dr31o,application/msword,1,pending,2025-11-09T04:57:16.353191,
1476,/Around the year/Day to Day,Kislev4 Handout.doc,document,37376,1SIcTmAPqESJsHQ1UgzSoZtrHyC-WhmAA,application/msword,1,pending,2025-11-09T04:57:16.380191,
1477,/Around the year/Day to Day,Teves1.doc,document,22016,1l1Mxeey5_KghIloj_wHTL-42OfKlfNf5,application/msword,1,pending,2025-11-09T04:57:16.412191,
1478,/Around the year/Day to Day,Adar1 Handout.doc,document,43520,1xoKpzZQrkbY56ja9w2y2ZJrf6L6C6VPp,application/msword,1,pending,2025-11-09T04:57:16.443193,
1479,/Around the year/Day to Day,Kislev3 Handout.doc,document,46080,1GcgZ_n24PSA5at5jnQcocNlHpmNHNK_A,application/msword,1,pending,2025-11-09T04:57:16.475192,
1480,/Around the year/Day to Day,Shvat2.doc,document,32256,1CA-2cbZkdT7ig_aRyU2QwkaFPZfCAHWv,application/msword,1,pending,2025-11-09T04:57:16.508193,
1481,/Around the year/Day to Day,Shvat4.doc,document,32768,1D0vrb58gh3dq_DD-mZ_mAjowYlKo_GC5,application/msword,1,pending,2025-11-09T04:57:16.538191,
1482,/Around the year/Day to Day,Shvat3.doc,document,31744,1iLVqXkNlchZFCEBURrMrnKof-xph8YaY,application/msword,1,pending,2025-11-09T04:57:16.580198,
1483,/Around the year/Day to Day,Adar1.doc,document,31744,1QInl4xM6L2zIXuBtdnvGd_owXg20ctZL,application/msword,1,pending,2025-11-09T04:57:16.615192,
1484,/Around the year/Day to Day,Teves3.doc,document,29184,1iTMreT_39q5I22ukSJ0U0K0ugGRDuj8V,application/msword,1,pending,2025-11-09T04:57:16.655193,
1485,/Around the year/Day to Day,Shvat2 Handout.doc,document,204288,17iKdVQDcHxRu-z2Y0oaKjxfrSPXJTUhI,application/msword,1,pending,2025-11-09T04:57:16.698194,
1486,/Around the year/Day to Day,Teves4 Handout.doc,document,42496,11a5bvuTQO37Xwt1xCntnJy6EVk11-v2K,application/msword,1,pending,2025-11-09T04:57:16.734193,
1487,/Around the year/Day to Day,Shvat4 Handout.doc,document,82944,1PwZjXoxcZ0WZ_lym4Dzf5jvUz3Wqcf-S,application/msword,1,pending,2025-11-09T04:57:16.774194,
1488,/Around the year/Day to Day,Teves2.doc,document,31744,1ZHWtcoA-3FOKpXb853AroDX5jQyGRXsV,application/msword,1,pending,2025-11-09T04:57:16.812200,
1489,/Around the year/Day to Day,Kiselv4.doc,document,29184,1PxfHcda8YtYHxQlyBu2nh6028yR81EgR,application/msword,1,pending,2025-11-09T04:57:16.858193,
1490,/Around the year/Day to Day,Shvat1.doc,document,39424,14x4CkYjPiwuYEUzWzHU97jXeXDha1Xod,application/msword,1,pending,2025-11-09T04:57:16.895194,
1491,/Around the year/Day to Day,Shvat3 Handout.doc,document,32768,1vtLW-3gi-SCoOnCGdaWa_W6iu7sN2vkU,application/msword,1,pending,2025-11-09T04:57:16.928193,
1492,/Around the year/Day to Day,Teves3 Handout.doc,document,41472,1U3cCqMc-JF0j1mJEnsDD7o0SPC2csheE,application/msword,1,pending,2025-11-09T04:57:16.960193,
1493,/Around the year/Day to Day,Teves2 Handout.doc,document,67584,1d1zRvaxX6Wsxnm1eYNuH8C5PS1-OE2gY,application/msword,1,pending,2025-11-09T04:57:16.996196,
1494,/Around the year/Day to Day,Teves4.doc,document,36864,1CZt8pRKFJ7bX6pNRgEgpH9WTWUgXhwuw,application/msword,1,pending,2025-11-09T04:57:17.030193,
1495,/Around the year/Day to Day,Teves1 Handout.doc,document,33792,1Vc7_bJ3UIULKb7-8McvyAP1vM_9glio1,application/msword,1,pending,2025-11-09T04:57:17.064192,
1496,/Around the year/Day to Day,Shvat1 Handout.doc,document,93696,1oijR30sQOXqH44ii5URHF5m9VL7KhZVS,application/msword,1,pending,2025-11-09T04:57:17.097193,
1497,/Around the year/Day to Day,Cheshvan4.doc,document,32256,1aCFecu7i4zuj3PDe-On0F1bs3iJqUyRF,application/msword,1,pending,2025-11-09T04:57:17.126196,
1498,/Around the year/Day to Day,Cheshvan4 Handout.doc,document,56320,14wkKw912U4gNson7PeKKNKMX7tGgtOGV,application/msword,1,pending,2025-11-09T04:57:17.158192,
1499,/Around the year/Day to Day,Cheshvan2 Handout.doc,document,36864,1t3qM3IQx-b_CGitzPOzDsHpi1_OW5Bsa,application/msword,1,pending,2025-11-09T04:57:17.192200,
1500,/Around the year/Day to Day,Kislev3.doc,document,35328,1yaTCadnIO8euwPo18Thg7ZtT49LHepZA,application/msword,1,pending,2025-11-09T04:57:17.228194,
1501,/Around the year/Day to Day,Cheshvan2.doc,document,32768,1khsrqUqfHLsREfHWoAH1tIyJk2styRYh,application/msword,1,pending,2025-11-09T04:57:17.267193,
1502,/Around the year/Day to Day,Kislev1.doc,document,31744,1UEzHjC99zEKvm81X1hz3dn0KA5wCEHyf,application/msword,1,pending,2025-11-09T04:57:17.303194,
1503,/Around the year/Day to Day,Kislev2 Handout.doc,document,318464,1Yp995rYoetjDB2DxUrDaxoynbKpAZ2V_,application/msword,1,pending,2025-11-09T04:57:17.334193,
1504,/Around the year/Day to Day,Cheshvan3.doc,document,34816,1fCOmf6Eg5INW74th5acgqpQz_pG_lr5E,application/msword,1,pending,2025-11-09T04:57:17.362194,
1505,/Around the year/Day to Day,Kislev1 Handout.doc,document,36864,1JdWtflXPBzS_YKK8uiffl8nYWikEhChK,application/msword,1,pending,2025-11-09T04:57:17.392194,
1506,/Around the year/Day to Day,Kislev 2.doc,document,32256,1JX9YI2AYHv-DXcEn_YPczRVyYuKRqD_3,application/msword,1,pending,2025-11-09T04:57:17.424193,
1507,/Around the year/Day to Day,Cheshvan1 Handout.doc,document,37888,1MaUDS1GowKNOFLxLUS7RXqru9nKJhW1h,application/msword,1,pending,2025-11-09T04:57:17.459194,
1508,/Around the year/Day to Day,Cheshvan3 Handout.doc,document,177152,16NY1tbaBq_L-c1R9sEB-bhDNET-ydauV,application/msword,1,pending,2025-11-09T04:57:17.491193,
1509,/Around the year/Day to Day,Tammuz2.doc,document,28672,1G66QiYoZYoAfTo2kpBIbOJlBa1umS9aq,application/msword,1,pending,2025-11-09T04:57:17.538192,
1510,/Around the year/Day to Day,Introduction Handout.doc,document,33280,1Nnrm62lzWiNEMv4nnXfJVpQ6mHMTCDrG,application/msword,1,pending,2025-11-09T04:57:17.571194,
1511,/Around the year/Day to Day,Tammuz3 Handout.doc,document,34304,136cSM4lqj7md6pn7QX_RN8LVD--jZLqK,application/msword,1,pending,2025-11-09T04:57:17.608195,
1512,/Around the year/Day to Day,Introduction.doc,document,31744,1c9dgK7KdUE2syje-IWi_7DVIKBhTGrrL,application/msword,1,pending,2025-11-09T04:57:17.638194,
1513,/Around the year/Day to Day,Av3.doc,document,37376,1gGKwZdZN-oW1O5La7IwmxI7sfkCBy4Az,application/msword,1,pending,2025-11-09T04:57:17.671193,
1514,/Around the year/Day to Day,Av2 Handout.doc,document,184832,1ieu2b6tk1K58wAzZo78zuTs-zXc7gqZi,application/msword,1,pending,2025-11-09T04:57:17.703191,
1515,/Around the year/Day to Day,Tammuz4.doc,document,29696,1vJvbc5xR9l_kAk1CRbtHJRz6HaPjgh7b,application/msword,1,pending,2025-11-09T04:57:17.735194,
1516,/Around the year/Day to Day,Av1 Handout.doc,document,54272,11fyKvn6QywffL1Lrn6EN8NmXzo-DFCAo,application/msword,1,pending,2025-11-09T04:57:17.764192,
1517,/Around the year/Day to Day,Tammuz4 Handout.doc,document,50688,1i6MlT28DQuf3K1y7CvTUYsHKKkLKrIhd,application/msword,1,pending,2025-11-09T04:57:17.795192,
1518,/Around the year/Day to Day,Av3 Handout.doc,document,58368,1kuQbj50xfhL6r8hR3yg0HGtVsdIrK7DV,application/msword,1,pending,2025-11-09T04:57:17.822197,
1519,/Around the year/Day to Day,Tammuz2 Handout.doc,document,56832,1eDH4ZWfzcNM8dhYqzQyJS75BB99p63qm,application/msword,1,pending,2025-11-09T04:57:17.851191,
1520,/Around the year/Day to Day,Cover Sheet.doc,document,137728,1bjmo1LrHPRE2HUKxoaogJLG9Dy-fD_69,application/msword,1,pending,2025-11-09T04:57:17.883191,
1521,/Around the year/Day to Day,Tammuz2 Handout2.doc,document,100864,11yUJqjNszh2C1ZNOWs_YxmFtZHI6vg5n,application/msword,1,pending,2025-11-09T04:57:17.918193,
1522,/Around the year/Day to Day,Av1.doc,document,437248,1n3mOhBOVRucoEZPn_gqN2_gzPdcdICgl,application/msword,1,pending,2025-11-09T04:57:17.949195,
1523,/Around the year/Day to Day,Av2.doc,document,438784,1_E4lygCDbdUTVYz8TZzn0quFC8ho0IHH,application/msword,1,pending,2025-11-09T04:57:17.982192,
1524,/Around the year/Day to Day,Tammuz3.doc,document,30720,1W4Gls0tR3PgEQxh0P4Rjn5Q2ICQMd1nP,application/msword,1,pending,2025-11-09T04:57:18.014193,
1525,/Around the year/Day to Day,Cheshvan1.doc,document,35328,1JL9qcTQQSU7VzcdlbhIcAsMKgU0kmzKT,application/msword,1,pending,2025-11-09T04:57:18.056194,
1526,/Around the year/Day to Day,Tammuz1 Handout.doc,document,39424,1mn6ck0fdziU_fnDKrBWOGAS5fz8Ty7mI,application/msword,1,pending,2025-11-09T04:57:18.089016,
1527,/Around the year/Day to Day,Sivan4.doc,document,32256,1SdSyt69DBqb9uzRSZ81kFsrB1C6ksEpW,application/msword,1,pending,2025-11-09T04:57:18.122443,
1528,/Around the year/Day to Day,Sivan2 Handout.doc,document,81920,1xhjTw4odMMUlA393oXE6y5m2GYrQQbuJ,application/msword,1,pending,2025-11-09T04:57:18.187619,
1529,/Around the year/Day to Day,Sivan5 Handout.doc,document,1624576,1TBFjOLFz5LkOrYOMmfRw0YRoRVj-OpCb,application/msword,1,pending,2025-11-09T04:57:18.219621,
1530,/Around the year/Day to Day,Sivan5.doc,document,28672,1YK-CVQSFm-5-Q1nwYU7X3HhEvYiXpjD5,application/msword,1,pending,2025-11-09T04:57:18.252565,
1531,/Around the year/Day to Day,Tammuz1.doc,document,38400,114174gL81FjfgOsmiuQeifhKeoxKP22A,application/msword,1,pending,2025-11-09T04:57:18.285565,
1532,/Around the year/Day to Day,Sivan3 Handout.doc,document,71680,1QUvlDbNJRFhPmVzmHuxsts16vvfYrTJf,application/msword,1,pending,2025-11-09T04:57:18.314563,
1533,/Around the year/Day to Day,Sivan4 Handout.doc,document,75264,15ECeB4oqJB1PxoM2KmWzKFnUtAhB-gRq,application/msword,1,pending,2025-11-09T04:57:18.345563,
1534,/Around the year/Day to Day,Sivan3.doc,document,29184,10JTe7XOYA8dXcKRePYsdBf01Ix-pq5CR,application/msword,1,pending,2025-11-09T04:57:18.363564,
1535,/Around the year,Three Weeks Cover.pub,other,131584,1kh30z-juAFWUbbQIPU19d_lvAoIdjZfn,application/vnd.ms-publisher,1,pending,2025-11-09T04:57:18.387562,
1536,/Around the year,Three Week Schedule - Sunday.doc,document,47104,1N487DlXWGBMKJih9Qd5eP32nDtsLcl5x,application/msword,1,pending,2025-11-09T04:57:18.417562,
1537,/Around the year,Day to Day Zip1.zip,other,8914953,11C4_8a1WQYjDMHSVw8ZbizMpTq3dgArj,application/x-zip-compressed,1,pending,2025-11-09T04:57:18.437563,
1538,/Around the year/Shabbos, TGI shabbos,google_doc,1024,1tNK3idwP2F65IQVl8LmtVNvgJl0V88Za5E9EBOVxMlQ,application/vnd.google-apps.document,1,pending,2025-11-09T04:57:18.461565,
1539,/Around the year/Shabbos,inviting for shabbos,google_doc,2743,1J-tkzA_PoCajQ2us7mG9YtI2W0ODycvq49aMIh6d2SY,application/vnd.google-apps.document,1,pending,2025-11-09T04:57:18.489568,
1540,/Around the year/Shabbos,Shabbos,google_doc,1024,1PS7gF345GsR4gNrAgmIMMckr3ro4buNZ283wyeOaPUs,application/vnd.google-apps.document,1,pending,2025-11-09T04:57:18.526563,
1541,/Around the year/Shabbos, shabbos meals,google_doc,2189,1j-aP9Tt83TPtxnE87mlJebYPItdv6Xj3hg_jvjaD8rc,application/vnd.google-apps.document,1,pending,2025-11-09T04:57:18.555563,
1542,/Around the year/Shabbos," Davening, kriah & Kiddush",google_doc,2163,1efSLOTzx64AYWg5HSkWSQzn2kL7cN9PNaVMxzGEr190,application/vnd.google-apps.document,1,pending,2025-11-09T04:57:18.581566,
1543,/Around the year/Shabbos,Parnasa new with music.WMA,audio,1483088,1Xdzl7FGiA2I3Y10wtr8_YhvIaxRoflsC,audio/x-ms-wma,1,pending,2025-11-09T04:57:18.607563,
1544,/Around the year/Shabbos,Parnasa new with music 1.WMA,audio,1351660,1qSl3F86jK23obdIPvoqfaO-kwdCIUEks,audio/x-ms-wma,1,pending,2025-11-09T04:57:18.637561,
1545,/,Place to hold events,google_doc,4073,1DuRTn25EyNRwVfOSinQEpKgolzwmnUtIsJ1HWFuhdlw,application/vnd.google-apps.document,1,pending,2025-11-09T04:57:18.665180,
001,/Misc/For Writer/_5 Chanukah/Chanukah Events/Music,Play list _ Music for event.docx,document,7818,1wlOdSRVEAZJZbNFvXVV8ayTSPh89d0f3,application/vnd.openxmlformats-officedocument.wordprocessingml.document,2,downloaded,2025-11-09T04:59:33.692632,
002,/Misc/For Writer/_5 Chanukah/Chanukah Events/Event Advertising-Marketing,Newspaper Article.docx,document,10535,1Jx0S8hl63qnxWolvt4ihdZeb4XsFIXfk,application/vnd.openxmlformats-officedocument.wordprocessingml.document,2,downloaded,2025-11-09T04:59:34.304488,
003,/Misc/For Writer/_5 Chanukah/Chanukah Events/Event Ideas,events ideas_.docx,document,10299,1GRc9Sh-qa7qfwuzVLoHVKAazNlsz6VKu,application/vnd.openxmlformats-officedocument.wordprocessingml.document,2,downloaded,2025-11-09T04:59:35.099492,
004,/Misc/For Writer/_5 Chanukah/Chanukah Events/Event Ideas,Home Depot.docx,document,8442,1fS_hdP9jS6jx5v2jEqPwHkS6oaxJQfoN,application/vnd.openxmlformats-officedocument.wordprocessingml.document,2,downloaded,2025-11-09T04:59:35.752026,
005,/Misc/For Writer/_5 Chanukah/Chanukah Events/Event Ideas,Chanukah Bus Delivers Joy to Senior Citizens.docx,document,7671,1k322UOp6nDOvzQouAjW8SeAten65UlgU,application/vnd.openxmlformats-officedocument.wordprocessingml.document,2,downloaded,2025-11-09T04:59:36.446934,
006,/Misc/For Writer/_5 Chanukah/Chanukah Events/Event Ideas,"Ladies Pre Chanukah Evening_ Wine, Cheese_.docx",document,7515,1fpRph3-kL7ccw95nY_NmRtcRo9afMo8N,application/vnd.openxmlformats-officedocument.wordprocessingml.document,2,downloaded,2025-11-09T04:59:37.956980,
007,/Misc/For Writer/_5 Chanukah/Chanukah Events/Event Ideas,Menorah Ideas for Events.docx,document,8250,1j7OSwlHeaEC7MtnxOCiwyMq1Z5sjjRAA,application/vnd.openxmlformats-officedocument.wordprocessingml.document,2,downloaded,2025-11-09T04:59:38.911978,
008,/Misc/For Writer/_5 Chanukah/Chanukah Events/Event Ideas,Chanukah Wonderland_.docx,document,6784,1VyhV2NSurm8JukPt5LhoRdfXAKHiT6-L,application/vnd.openxmlformats-officedocument.wordprocessingml.document,2,downloaded,2025-11-09T04:59:39.594638,
009,/Misc/For Writer/_5 Chanukah/Chanukah Events/Event Ideas,Chanukah in the Mall.docx,document,6508,1tWTLnUVtXFV2mt6xHEeSbP4Bm8QoTG4V,application/vnd.openxmlformats-officedocument.wordprocessingml.document,2,downloaded,2025-11-09T04:59:40.202161,
010,/Misc/For Writer/_5 Chanukah/Chanukah Events/Event Ideas,Virtual Reality.docx,document,7389,1x3r31BvU0vW2u3N0ha5jHNRPYn-AqWuT,application/vnd.openxmlformats-officedocument.wordprocessingml.document,2,downloaded,2025-11-09T04:59:41.260898,
011,/Misc/For Writer/_5 Chanukah/Chanukah Events/Event Ideas,Jewish Heritage Night.docx,document,10046,1-5Vt3w57py2_gmqWSJM3WTfmuoZ_6iC3,application/vnd.openxmlformats-officedocument.wordprocessingml.document,2,downloaded,2025-11-09T04:59:41.960087,
012,/Misc/For Writer/_5 Chanukah/Chanukah Events/Event Ideas,Games and Crafts.docx,document,6568,1lTEpUbU1B3cE6ewQoN62APPHNgp64FHb,application/vnd.openxmlformats-officedocument.wordprocessingml.document,2,downloaded,2025-11-09T04:59:42.568688,
013,/Misc/For Writer/_5 Chanukah/Chanukah Events/Event Ideas,Latke Tasting.docx,document,7825,10ZZv9jTD2ImEuhfjK3_0-YXtebEVxkKK,application/vnd.openxmlformats-officedocument.wordprocessingml.document,2,downloaded,2025-11-09T04:59:43.333733,
014,/Misc/For Writer/_5 Chanukah/Chanukah Events/Event Ideas,Chanukah Wonderland.docx,document,35851,1Osw9551UOKkGPtPieciy_C35_9Wte-ce,application/vnd.openxmlformats-officedocument.wordprocessingml.document,2,downloaded,2025-11-09T04:59:44.341200,
015,/Misc/For Writer/_5 Chanukah/Chanukah Events/Recipes,Chanukah Recipes.docx,document,7405,1oxFVxDN1IQQA6LuwZ6yVLoJQ0X40HSgV,application/vnd.openxmlformats-officedocument.wordprocessingml.document,2,downloaded,2025-11-09T04:59:44.875203,
016,/Misc/For Writer/_5 Chanukah/Chanukah Events/Recipes,Trader Joes Latkes.docx,document,6670,1wBKJZdSqdToSaxyxBRWMKIr7aSEvm4rm,application/vnd.openxmlformats-officedocument.wordprocessingml.document,2,downloaded,2025-11-09T04:59:45.977202,
017,/Misc/For Writer/_5 Chanukah/Chanukah Events,Insurance for Chanukah event.docx,document,7133,1SzwmiKo4V33RQWHpZzJyE-E9WexDDvbx,application/vnd.openxmlformats-officedocument.wordprocessingml.document,2,downloaded,2025-11-09T04:59:46.504568,
018,/Misc/For Writer/_5 Chanukah/Car Menorah-Parade,Completed Draft: Car Menorah Parade,google_doc,7297,14aMRXdcA-RdIu49bY1SV7SzI_2cKniYm8756dmwzTv8,application/vnd.google-apps.document,2,downloaded,2025-11-09T04:59:47.148591,
019,/Misc/For Writer/_5 Chanukah/Car Menorah-Parade,Press Release #8.docx,document,8335,1izPzGfFBuMKm8gs0E5_Qzrou6NtXrpkv,application/vnd.openxmlformats-officedocument.wordprocessingml.document,2,downloaded,2025-11-09T04:59:47.978635,
020,/Misc/For Writer/_5 Chanukah/Car Menorah-Parade,car Menorah Parade.docx,document,16336,1lvwIh1xWpOE9xKClvreGAfjoJYcem7_g,application/vnd.openxmlformats-officedocument.wordprocessingml.document,2,downloaded,2025-11-09T04:59:48.785388,
021,/Misc/For Writer/_5 Chanukah/Chanukah writer/Old Docs,Draft_ Ideas for Menorah Parade.docx,document,8773,1gk_dQS2d9w3agIlSbtDEX_5AgpNDTkS1,application/vnd.openxmlformats-officedocument.wordprocessingml.document,2,downloaded,2025-11-09T04:59:49.562083,
022,/Misc/For Writer/_5 Chanukah/Chanukah writer/Old Docs,Draft_ Purchase Car Menorah.docx,document,9652,16IEfKlOe2KTX3NiFNQrLNtSl9PLYofJu,application/vnd.openxmlformats-officedocument.wordprocessingml.document,2,downloaded,2025-11-09T04:59:50.261086,
023,/Misc/For Writer/_5 Chanukah/Chanukah writer/Old Docs,Draft_ License for Parade.docx,document,7538,1tI5cWveXquVBRrLllTK-5UsGYOYn2W0B,application/vnd.openxmlformats-officedocument.wordprocessingml.document,2,downloaded,2025-11-09T04:59:51.600180,
024,/Misc/For Writer/_5 Chanukah/Chanukah writer/Old Docs,Draft_ Police Escort.docx,document,6769,1zWedrPxljXiBtGqHQ8UVkU20fWAHwc9-,application/vnd.openxmlformats-officedocument.wordprocessingml.document,2,downloaded,2025-11-09T04:59:52.088179,
025,/Misc/For Writer/_5 Chanukah/Old/Chanukah Menorahs-/Car Menorahs-/Parade-/Connecting music,Radio Connection.docx,document,6748,1frGd2G2pOlRTRoc8wviIkDVkU_lmEe3Q,application/vnd.openxmlformats-officedocument.wordprocessingml.document,2,downloaded,2025-11-09T04:59:53.016708,
026,/Misc/For Writer/_5 Chanukah/Old/Chanukah Menorahs-/Car Menorahs-/Parade-/Connecting music,Connecting Music for Parade.docx,document,8107,1kPgHYSSKzyFMZtvOgn7Lp8j_NFywn_X-,application/vnd.openxmlformats-officedocument.wordprocessingml.document,2,downloaded,2025-11-09T04:59:54.402409,
027,/Misc/For Writer/_5 Chanukah/Old/Chanukah Menorahs-/Car Menorahs-/Parade-/Parade Press Release,Chanukah Car Parade Press Release.docx,document,6321,1Tq4rkLMPoYOXdGfEnD2hwsoX70uROKfH,application/vnd.openxmlformats-officedocument.wordprocessingml.document,2,downloaded,2025-11-09T04:59:55.148606,
028,/Misc/For Writer/_5 Chanukah/Old/Chanukah Menorahs-/Car Menorahs-/Parade-/Parade Press Release,Parade Press 1.docx,document,8038,1RhODcYnPnVdyR00BKzjRMlT6a1ZTWtMc,application/vnd.openxmlformats-officedocument.wordprocessingml.document,2,downloaded,2025-11-09T04:59:56.212008,
029,/Misc/For Writer/_5 Chanukah/Old/Chanukah Menorahs-/Car Menorahs-/Parade-,License for Parade_.docx,document,6831,1BhCrM-24D6W5pTfvPsZ6A_gU4FZx-eNa,application/vnd.openxmlformats-officedocument.wordprocessingml.document,2,downloaded,2025-11-09T04:59:56.798532,
030,/Misc/For Writer/_5 Chanukah/Old/Chanukah Menorahs-/Car Menorahs-/Parade-,Police Escort.docx,document,6731,1I2MsJJed-85yjyGy5IzoaH308sUeJyHA,application/vnd.openxmlformats-officedocument.wordprocessingml.document,2,downloaded,2025-11-09T04:59:57.766530,
031,/Misc/For Writer/_5 Chanukah/Old/Chanukah Menorahs-/Car Menorahs-,Purchase Car Menorah.docx,document,9416,1Iu-STDQ6x_oUFpl3RBVe_rM8vEt0I9y2,application/vnd.openxmlformats-officedocument.wordprocessingml.document,2,downloaded,2025-11-09T04:59:59.079733,
032,/Misc/For Writer/_5 Chanukah/Old/Chanukah Menorahs-/Car Menorahs-,Build a wood car Menorah.docx,document,6304,17k9b6Uerwng4A9q-ciQz5OVx6WSx51T6,application/vnd.openxmlformats-officedocument.wordprocessingml.document,2,downloaded,2025-11-09T05:00:00.400847,
033,/Misc/For Writer/_5 Chanukah/Old/Chanukah Menorahs-/Car Menorahs-,Drawing for Menorah 3.docx,document,6305,1-kJogiojvohXkR4A77CdgcrhvPApQF2o,application/vnd.openxmlformats-officedocument.wordprocessingml.document,2,downloaded,2025-11-09T05:00:01.431504,
034,/Misc/For Writer/_5 Chanukah/Old/Chanukah Menorahs-/Public Menorah-,Reform opposition.docx,document,11773,143EIhn22IWk_WrWX8fk5f9JiDwGj9spi,application/vnd.openxmlformats-officedocument.wordprocessingml.document,2,downloaded,2025-11-09T05:00:02.442401,
035,/Misc/For Writer/_5 Chanukah/Old/Chanukah Menorahs-/Public Menorah-,Giant Menorah.docx,document,18440,16fH631Wcpi9lYyiebVcOHvTysZMPmva4,application/vnd.openxmlformats-officedocument.wordprocessingml.document,2,downloaded,2025-11-09T05:00:03.134179,
036,/Misc/For Writer/_5 Chanukah/Old/Chanukah Menorahs-/Public Menorah-,City Wants to Copy Public Lighting Event.docx,document,8020,13LxkbXJ35zVfXjx57ng_uQ2568HRGszp,application/vnd.openxmlformats-officedocument.wordprocessingml.document,2,downloaded,2025-11-09T05:00:03.992532,
037,/Misc/For Writer/_5 Chanukah/Old/Chanukah Menorahs-/Public Menorah-,Ideas to jazz up small town menorah lighting.docx,document,9230,1xUNs4EwZroECtHlhCgQZsCBqIo6FnLrR,application/vnd.openxmlformats-officedocument.wordprocessingml.document,2,downloaded,2025-11-09T05:00:04.697065,
038,/Misc/For Writer/_5 Chanukah/Old/Chanukah Menorahs-/Public Menorah-,Fire Truck giving gelt.docx,document,7004,1O5qsxWVUJ_4O1BqQO6f9nog8f-qLcE_W,application/vnd.openxmlformats-officedocument.wordprocessingml.document,2,downloaded,2025-11-09T05:00:05.448071,
039,/Misc/For Writer/_5 Chanukah/Old/Chanukah Menorahs-/Public Menorah-,Reform want to join Event.docx,document,7365,1ClKWqVIxm9WIH32oiq4WolIDscEmntgH,application/vnd.openxmlformats-officedocument.wordprocessingml.document,2,downloaded,2025-11-09T05:00:06.579265,
040,/Misc/For Writer/_5 Chanukah/Old/Chanukah Menorahs-/Public Menorah-,Spotlight on your Menorah.docx,document,7987,1Bk_7Va9AMg-S0nTqMf6QiHYLmy8zfyg7,application/vnd.openxmlformats-officedocument.wordprocessingml.document,2,downloaded,2025-11-09T05:00:07.485273,
041,/Misc/For Writer/_5 Chanukah/Old/Chanukah Menorahs-/Public Menorah-,Ideas on how to light public Menorah no fire.docx,document,11954,1j_xmgcKLYhQbAPqDvUzEjvtFLdslwtn5,application/vnd.openxmlformats-officedocument.wordprocessingml.document,2,downloaded,2025-11-09T05:00:08.837264,
042,/Misc/For Writer/_5 Chanukah/Old/Chanukah Menorahs-/Public Menorah-,Public Menorah Power Source Ideas.docx,document,14729,1M-ps5Np7QXKckLP-eXQOqPx4ooG8Turh,application/vnd.openxmlformats-officedocument.wordprocessingml.document,2,downloaded,2025-11-09T05:00:10.082148,
043,/Misc/For Writer/_5 Chanukah/Old/Chanukah Menorahs-/Public Menorah-,Permission Request From City.docx,document,8493,1nz0cdBOlKLNyNzAhd_QxThO5XGG460yv,application/vnd.openxmlformats-officedocument.wordprocessingml.document,2,downloaded,2025-11-09T05:00:10.800134,
044,/Misc/For Writer/_5 Chanukah/Old/Chanukah Menorahs-/Public Menorah-,What to use to light a public menorah.docx,document,8147,17yq8wdF3Sc_xKH7sjte_qmUHgkYFWc-_,application/vnd.openxmlformats-officedocument.wordprocessingml.document,2,downloaded,2025-11-09T05:00:12.610056,
045,/Misc/For Writer/_5 Chanukah/Old/Chanukah Menorahs-/Public Menorah-,Proposal for Menorah public_.docx,document,7825,152QEdDiTy-0C7nO-sNgyu1xwbqcK-Gaz,application/vnd.openxmlformats-officedocument.wordprocessingml.document,2,downloaded,2025-11-09T05:00:13.499103,
046,/Misc/For Writer/_5 Chanukah/Old/Chanukah Menorahs-/Public Menorah-,Menorah on city ground.docx,document,6463,1nvBy_7q9Hxr747mcQvgDYn_DyP399sZT,application/vnd.openxmlformats-officedocument.wordprocessingml.document,2,downloaded,2025-11-09T05:00:14.209011,
047,/Misc/For Writer/_5 Chanukah/Old/Chanukah Menorahs-/Public Menorah-,Invitation for BB.docx,document,6828,1ci65tHDR1YI6TKIX58vp01OJGRlzMPnP,application/vnd.openxmlformats-officedocument.wordprocessingml.document,2,downloaded,2025-11-09T05:00:15.128329,
048,/Misc/For Writer/_5 Chanukah/Old/Chanukah Menorahs-/Public Menorah-,Letters from the Rebbe on Public Lighting.docx,document,8212,1pXj1YfuaPLNdq9xyyPpTGXjiOrtkqxOY,application/vnd.openxmlformats-officedocument.wordprocessingml.document,2,downloaded,2025-11-09T05:00:15.941253,
049,/Misc/For Writer/_5 Chanukah/General,Copy of Chanukah Todo List.docx,document,26088,10ptuHXTJWYJ0eQfKlEnuvLifHsAGZEOT,application/vnd.openxmlformats-officedocument.wordprocessingml.document,2,downloaded,2025-11-09T05:00:17.010863,
050,/Misc/For Writer/_5 Chanukah/General,Chanukah Facebook Contest.docx,document,6812,1CYPF3ObvzRFys7QHVvAnciAGQRg-aaS3,application/vnd.openxmlformats-officedocument.wordprocessingml.document,2,downloaded,2025-11-09T05:00:17.663866,
051,/Misc/For Writer/_5 Chanukah/General,Menorah Letters From the Rebbe.docx,document,6401,1IAizMQSJsMXbGdfZ2pVCdBWbm3mSohf9,application/vnd.openxmlformats-officedocument.wordprocessingml.document,2,downloaded,2025-11-09T05:00:18.513255,
052,/Misc/For Writer/_5 Chanukah/General,Chanukah Tips and Tricks.docx,document,8587,1KIPyjDosgyzvItcG7ywxk6uNAE5eVAPC,application/vnd.openxmlformats-officedocument.wordprocessingml.document,2,downloaded,2025-11-09T05:00:19.115924,
053,/Misc/For Writer/_5 Chanukah/mivtzoim,Menorah Lighting Instruction for BB.docx,document,7449,1qTFwiBRnRgiGZpo_2KKFvvM0MEqJyemM,application/vnd.openxmlformats-officedocument.wordprocessingml.document,2,downloaded,2025-11-09T05:00:19.829924,
054,/Misc/For Writer/_5 Chanukah/Classes,Copy of 121414201__Chanukah Heroines.docx,document,43529,1t1HR3al-Qj3iJlkDcw8613rUDszdClM2,application/vnd.openxmlformats-officedocument.wordprocessingml.document,2,downloaded,2025-11-09T05:00:20.849415,
055,/Misc/For Writer/_5 Chanukah/Classes,Copy of 121620302__WWR Chanukah 2011.doc,document,57344,1KJ3zN0gZSaSAT_R_b-CORdbDJ9IqJLJ2,application/msword,2,downloaded,2025-11-09T05:00:21.702413,
056,/Misc/For Writer/_5 Chanukah/Classes,Copy of Women of the Chanukah story.docx,document,27986,1P_9k8q0oTbgEaGL9azA4rg8Tttbpv1oE,application/vnd.openxmlformats-officedocument.wordprocessingml.document,2,downloaded,2025-11-09T05:00:22.549878,
057,/Misc/For Writer/_5 Chanukah/Classes,"Copy of 121521502__Class on Chanukah -8 candles, 8 lessons.docx",document,20072,1hueNjOGnn3c8b8rPPKH4P80yTuc4gUwW,application/vnd.openxmlformats-officedocument.wordprocessingml.document,2,downloaded,2025-11-09T05:00:23.407876,
058,/Misc/For Writer/_5 Chanukah/Classes,Copy of chanukah 5779 my notes.docx,document,19380,1SQZc7fF2iXSNORWG7siBWapNEo_rJUCK,application/vnd.openxmlformats-officedocument.wordprocessingml.document,2,downloaded,2025-11-09T05:00:24.199537,
059,/Misc/For Writer/_5 Chanukah/Classes,Copy of 121414201__Feminine Side of Chanuka Dvar Torah.docx,document,15336,1ienNPEZbqVmlcxTGLeDUNvBIqLaJIOIW,application/vnd.openxmlformats-officedocument.wordprocessingml.document,2,downloaded,2025-11-09T05:00:24.815994,
060,/Misc/For Writer/_5 Chanukah/Classes,Copy of womens event chanuka speech.docx,document,17516,1s8UFAVZboenrcLgv3gwfM0oVpqxZQ_AK,application/vnd.openxmlformats-officedocument.wordprocessingml.document,2,downloaded,2025-11-09T05:00:25.683454,
061,/Misc/For Writer/_5 Chanukah/Classes,Copy of DD6_A_DEEPER_MEANING_INTO_CHANUKAH.docx,document,16355,1GamixePz-8K57_DpKgcZ79RhHOjEwOWT,application/vnd.openxmlformats-officedocument.wordprocessingml.document,2,downloaded,2025-11-09T05:00:26.595627,
062,/Misc/For Writer/_5 Chanukah/Classes,Copy of ChanukahLightUpYourWorld--TeacherGuide.pdf,document,247503,1jbMScVd32iZTVAyp1o_cDTY5WS6oVrnv,application/pdf,2,downloaded,2025-11-09T05:00:27.286628,
063,/Misc/For Writer/_5 Chanukah/Classes,Copy of Dvar Torah.docx,document,19124,1YAuoWFX3IDSvSN6n12knezo3JVjG3B6C,application/vnd.openxmlformats-officedocument.wordprocessingml.document,2,downloaded,2025-11-09T05:00:28.504149,
064,/Misc/For Writer/_5 Chanukah/Press Release,_TV interview_.docx,document,6482,1IbvabxCsVt9PVZiK4yoJHc1T-_NoLiCQ,application/vnd.openxmlformats-officedocument.wordprocessingml.document,2,downloaded,2025-11-09T05:00:29.289037,
065,/Misc/For Writer/_5 Chanukah/Press Release,Press Release #7.docx,document,8118,1qWAaZOLVqz5j91xtQsSh_kRSqM4rCvBH,application/vnd.openxmlformats-officedocument.wordprocessingml.document,2,downloaded,2025-11-09T05:00:30.164151,
066,/Misc/For Writer/_5 Chanukah/Press Release,Press 4.docx,document,8441,1eByL1TjpO-t5DZWkSaZep9QetSNAUAER,application/vnd.openxmlformats-officedocument.wordprocessingml.document,2,downloaded,2025-11-09T05:00:30.862572,
067,/Misc/For Writer/_5 Chanukah/Press Release,Chanukah Newspaper Article.docx,document,8012,1Fw0C-XfbW8YUtIa7r8p4NsZWQbFdIbKB,application/vnd.openxmlformats-officedocument.wordprocessingml.document,2,downloaded,2025-11-09T05:00:31.500810,
068,/Misc/For Writer/_5 Chanukah/Public Menorah Lighting/Dignitaries/Invitation,Dignitary Invitation #2.docx,document,7522,1OzjJuFOQ3UCq2HgQH8hSVOAYy0AiJZVl,application/vnd.openxmlformats-officedocument.wordprocessingml.document,2,downloaded,2025-11-09T05:00:32.234924,
069,/Misc/For Writer/_5 Chanukah/Public Menorah Lighting/Dignitaries/Invitation,Dignitary Invitation #1-2.docx,document,6981,1Rsx4EjIdrFswEcKDaIZZDbUPEoVazqxl,application/vnd.openxmlformats-officedocument.wordprocessingml.document,2,downloaded,2025-11-09T05:00:33.185592,
070,/Misc/For Writer/_5 Chanukah/Public Menorah Lighting/Dignitaries/Invitation,Dignitary Invitation #3.docx,document,7147,1gv8qyAplFL6eNL2_X-emXsQmACsm5JdD,application/vnd.openxmlformats-officedocument.wordprocessingml.document,2,downloaded,2025-11-09T05:00:33.826020,
071,/Misc/For Writer/_5 Chanukah/Public Menorah Lighting/Dignitaries/Proclamation-Speech,Dignitary Proclamation.docx,document,8210,1uChaVti71CVxYGVfMKey3aJZnYGb-CXx,application/vnd.openxmlformats-officedocument.wordprocessingml.document,2,downloaded,2025-11-09T05:00:34.702936,
072,/Misc/For Writer/_5 Chanukah/Public Menorah Lighting/Dignitaries/Proclamation-Speech,Dignitary Proclamation Speech.docx,document,6967,1SyYrclFQUtAZUrwtWakP5kSl8ck7ze8N,application/vnd.openxmlformats-officedocument.wordprocessingml.document,2,downloaded,2025-11-09T05:00:35.365936,
073,/Misc/For Writer/_5 Chanukah/Public Menorah Lighting/Dignitaries/Thank You Letter,Thank you letter for Dignitary.docx,document,7377,1kE_WxTCZ2e1mFCG7GcjdIhgzaPT6xmsF,application/vnd.openxmlformats-officedocument.wordprocessingml.document,2,downloaded,2025-11-09T05:00:35.974588,
074,/Misc/For Writer/_5 Chanukah/Public Menorah Lighting/Public Lighting Halachos,Public Menorah Guidelines_Halacha.docx,document,14487,10J7hrBgMzXSfYabyNIzl_4CmDfXwCE0v,application/vnd.openxmlformats-officedocument.wordprocessingml.document,2,downloaded,2025-11-09T05:00:37.206793,
075,/Misc/For Writer/_5 Chanukah/Public Menorah Lighting/Public Lighting Halachos,questions Chanukah.docx,document,8535,1A0oXDv58phzBbLncp-eUxEZUfkd96HRd,application/vnd.openxmlformats-officedocument.wordprocessingml.document,2,downloaded,2025-11-09T05:00:37.957794,
076,/Misc/For Writer/_5 Chanukah/Public Menorah Lighting/Religious Symbol Legal,Complete supreme court ruling.docx,document,119359,1diVJ2Lfu3UpPS2cypyohnEYFRKtbpScM,application/vnd.openxmlformats-officedocument.wordprocessingml.document,2,downloaded,2025-11-09T05:00:39.022207,
077,/Misc/For Writer/_5 Chanukah/Public Menorah Lighting/Religious Symbol Legal,Menorah - display of freedom.docx,document,8013,1Dnaf8uFWmJTBOlVYR89YhJTMa4hGl32z,application/vnd.openxmlformats-officedocument.wordprocessingml.document,2,downloaded,2025-11-09T05:00:39.976491,
078,/Misc/For Writer/_5 Chanukah/Public Menorah Lighting/Religious Symbol Legal,Legal Points For Menorah.docx,document,9440,11e9D2L7G1TtXSBy8luEgDc3PNVcT3kM3,application/vnd.openxmlformats-officedocument.wordprocessingml.document,2,downloaded,2025-11-09T05:00:40.627502,
079,/Misc/For Writer/_5 Chanukah/Public Menorah Lighting/Religious Symbol Legal,EXCERPTS FROM THE U.S. SUPREME COURT RULING.docx,document,7929,1TEln5PjtmCWqNuv1-pG0mSp8Zw7F6S3P,application/vnd.openxmlformats-officedocument.wordprocessingml.document,2,downloaded,2025-11-09T05:00:41.381927,
080,/Misc/For Writer/_5 Chanukah/Public Menorah Lighting/Religious Symbol Legal,info on Legal rights.docx,document,6276,1No5tgZqUkWszoXvNP5dt5VlqC-ZzNyEY,application/vnd.openxmlformats-officedocument.wordprocessingml.document,2,downloaded,2025-11-09T05:00:42.129928,
081,/Misc/For Writer/_5 Chanukah/Public Menorah Lighting/Religious Symbol Legal,"Public Menorah, church _ state_!.docx",document,8016,1ZN7v4y8je4vXAKZ0o2obKEsxcxdX-YXf,application/vnd.openxmlformats-officedocument.wordprocessingml.document,2,downloaded,2025-11-09T05:00:42.766928,
082,/Misc/For Writer/_5 Chanukah/Public Menorah Lighting/Religious Symbol Legal,Denied permission for menorah.docx,document,9736,1k7iet8hs7RvcpRHcLW8F2K8D8MAAhm3X,application/vnd.openxmlformats-officedocument.wordprocessingml.document,2,downloaded,2025-11-09T05:00:43.588108,
083,/Misc/For Writer/_5 Chanukah/Public Menorah Lighting/Press Release,Press Release 3.docx,document,7141,1Z6AJo4oHjfUXDSTYWiCIJs7bWb-U8hEi,application/vnd.openxmlformats-officedocument.wordprocessingml.document,2,downloaded,2025-11-09T05:00:44.283033,
084,/Misc/For Writer/_5 Chanukah/Public Menorah Lighting/Press Release,Press Release 1.docx,document,8548,1KcxIoSg2MGMVUs7wL2rKImkvmBBv_ZTG,application/vnd.openxmlformats-officedocument.wordprocessingml.document,2,downloaded,2025-11-09T05:00:45.247530,
085,/Misc/For Writer/_5 Chanukah/Public Menorah Lighting/Press Release,Press Release 2.docx,document,7683,1K83qotUWmp9OuYD3G5Kf55l5_ApERm7A,application/vnd.openxmlformats-officedocument.wordprocessingml.document,2,downloaded,2025-11-09T05:00:45.918316,
086,/Misc/For Writer/_5 Chanukah/Public Menorah Lighting,Copy of Menorah Lighting- TO DO LIST.docx,document,8085,1rKPaQW1HWw1t5VFukCrzgopCDg2c5YiV,application/vnd.openxmlformats-officedocument.wordprocessingml.document,2,downloaded,2025-11-09T05:00:46.796683,
087,/Misc/For Writer/_5 Chanukah/Public Menorah Lighting,Public Lighting tips.docx,document,18016,1LSITFrT50B6oxdWcYdecg5Lbs4es0Gda,application/vnd.openxmlformats-officedocument.wordprocessingml.document,2,downloaded,2025-11-09T05:00:47.412237,
088,/Misc/For Writer/_5 Chanukah/sponsorship,Walmart Foundation.docx,document,7758,11mg1qJrO_q7GC0BVIM9vbwkHN3c4yIU8,application/vnd.openxmlformats-officedocument.wordprocessingml.document,2,downloaded,2025-11-09T05:00:47.958236,
089,/Misc/For Writer/_5 Chanukah/sponsorship,corporate sponshorship email.docx,document,12536,16SiNRTwcluiQQX3nyOW99jn30yBNsxlW,application/vnd.openxmlformats-officedocument.wordprocessingml.document,2,downloaded,2025-11-09T05:00:49.175237,
090,/Misc/For Writer/_5 Chanukah/Halacha,Hilchos Chanukah.docx,document,6780,1vVYE9--TFgeSWuoMPQ2JW3HwRgM2nrAK,application/vnd.openxmlformats-officedocument.wordprocessingml.document,2,downloaded,2025-11-09T05:00:50.077965,
091,/Misc/For Writer/_5 Chanukah/Public Menorah,Public Menorah.docx,document,9149,1uSfQmHiR_M3ZYggQsoRvlJb-wGWBV21l,application/vnd.openxmlformats-officedocument.wordprocessingml.document,2,downloaded,2025-11-09T05:00:50.912965,
092,/Misc/For Writer/_5 Chanukah/Public Menorah,Drawings for building 6ft menorah from wood.docx,document,6347,1bz1cWmjfBHOMDF03k3KinDK4hgyvY0dl,application/vnd.openxmlformats-officedocument.wordprocessingml.document,2,downloaded,2025-11-09T05:00:51.694967,
093,/Misc/For Writer/_5 Chanukah/Public Menorah,Public Menorah (Electric) Which Lights to Turn on Each Night.docx,document,11322,1njLKMQGuj-L1QpsoaVDBkxZacxJH6Hb7,application/vnd.openxmlformats-officedocument.wordprocessingml.document,2,downloaded,2025-11-09T05:00:52.248808,
094,/Misc/For Writer/_5 Chanukah/Public Menorah,Legal Points.docx,document,6354,1g2JIyIfW8Z5JCMmvJGXmOaRGBT0dblDj,application/vnd.openxmlformats-officedocument.wordprocessingml.document,2,downloaded,2025-11-09T05:00:52.923810,
095,/Misc/For Writer/_5 Chanukah,Chanukah Canva Links.docx,document,6924,1T_aQk9WaaHNgu_SKnbC0ZYczsuNv27IX,application/vnd.openxmlformats-officedocument.wordprocessingml.document,2,downloaded,2025-11-09T05:00:53.437483,
096,/Misc/For Writer/_5 Chanukah,Menorah by a Wedding.docx,document,8139,1S-aC5oYzc2M65Ew98zpWTyAaGJ00SzRl,application/vnd.openxmlformats-officedocument.wordprocessingml.document,2,downloaded,2025-11-09T05:00:54.953631,
097,/Misc/For Writer,Shluchim Exchange Index,google_sheet,7428,1YooDxOD644AI3zqlW9sRdVEvSfpLsRAoI9lS7K-_Vsw,application/vnd.google-apps.spreadsheet,2,downloaded,2025-11-09T05:00:55.863158,
098,/Misc/For Writer,Tree - Proposed Sections and Pages - Shluchim Wiki - Merkos 302 ,google_sheet,1024,1O4QbS5BI7GI1Er1zJmD3EZ4qlhWIURdcl21vdDqBU_Q,application/vnd.google-apps.spreadsheet,2,downloaded,2025-11-09T05:00:56.646159,
099,/Misc/Compass/Halacha,Using a Shabbos Goy.pdf,document,8462860,1asYZK7njEHOvoyTTpMSz8II2spfTzwBw,application/pdf,2,downloaded,2025-11-09T05:01:01.459031,
100,/Misc/Compass/Halacha,Halacha. Research before doing a wedding.pdf,document,829903,1rGZ3lLdoxm-_ud2cDO-F2hVGoNN2f5o0,application/pdf,2,downloaded,2025-11-09T05:01:04.287921,
101,/Misc/Compass/Halacha,Halacha Charity and Maser in a Chabad house.pdf,document,3718265,1A0hn64MzYFbMPqAPEjnwRWgbY6Hgm2Ab,application/pdf,2,downloaded,2025-11-09T05:01:06.979471,
102,/Misc/Compass/Halacha,Halacha for Challah Bake.pdf,document,2005674,1c-8BySVZEq52Ux9lDXMLMANV6JGchsaE,application/pdf,2,downloaded,2025-11-09T05:01:10.346119,
103,/Misc/Compass/Halacha,Mechitzah Part 1.pdf,document,2521143,1q5Pl9jWSUXyYegaRGvN2TsetFQull06T,application/pdf,2,downloaded,2025-11-09T05:01:12.685058,
104,/Misc/Compass/Halacha,Mechitzah Part 1,document,2521143,1eEonCPW9kk-14z8Yv6KM0h2w6Bna-saW,application/pdf,2,downloaded,2025-11-09T05:01:13.967255,
105,/Misc/Compass/Halacha,Mechitzah Part 2,document,1860097,1YO2oWwDCcpIdk_aLdnmywXVaX8nmOoTJ,application/pdf,2,downloaded,2025-11-09T05:01:15.247656,
106,/Misc/Compass/Halacha,Kosher Mezuzos.pdf,document,3222376,1nAUKpbj6JN-LI5BOkcw3UVh8V-mL09Rr,application/pdf,2,downloaded,2025-11-09T05:01:17.134806,
107,/Misc/Compass/Halacha,Halachos of Kashering.pdf,document,1859889,1MOYZNKVX37ZJGyG3WwGJ9Uz5yU5VjDg3,application/pdf,2,downloaded,2025-11-09T05:01:18.310863,
108,/Misc/Compass/Halacha,Hilchos Pesach for a Chabad House.pdf,document,3650335,1YfwdC4h8o131Hw25Oc3BKa3nru0o0fNl,application/pdf,2,downloaded,2025-11-09T05:01:20.950317,
109,/Misc/Compass/Halacha,Guide to Mivtzah Mezuzah.pdf,document,740169,1ZBpP5VtrWQnxzXbMID7FsR84k0buFCbP,application/pdf,2,downloaded,2025-11-09T05:01:22.104864,
110,/Misc/Compass/Halacha,FAQ Regarding Mivtzah Tefillin.pdf,document,9394278,189bEs1hfdCpObhhqLCH9sKTH1rgrNvGu,application/pdf,2,downloaded,2025-11-09T05:01:24.966212,
111,/Misc/Compass/Halacha,FAQ Regarding Sifrei Torah Etc.pdf,document,2600261,112il7S5ts5Pj02UfMnU6qR7Htd1GMQwo,application/pdf,2,downloaded,2025-11-09T05:01:26.871867,
112,/Misc/Compass/Halacha,FAQ Regarding Krias Hatorah.pdf,document,3164342,1JECIbWcrLSUogyOhIpH-T7bClxpQ8IA9,application/pdf,2,downloaded,2025-11-09T05:01:28.879095,
113,/Misc/Compass/Halacha,FAQ regarding Minyanim in a Chabad House.pdf,document,1591939,1yVUq1VVIHtuPQfgf179GNCCTpwZYdmPv,application/pdf,2,downloaded,2025-11-09T05:01:31.034323,
114,/Misc/Compass/Halacha,FAQ Regarding Yuchsin.pdf,document,1110448,1DnLl6Zjcx42Fictwcr6GwD2Wk5pLqSon,application/pdf,2,downloaded,2025-11-09T05:01:35.412854,
115,/Misc/Compass/Halacha,FAQ regarding Shabbos Candles.pdf,document,9652369,1VX1b7t-BPM1TWRQKW5qQa7NHxmqRm5vM,application/pdf,2,downloaded,2025-11-09T05:01:39.106392,
116,/Misc/Compass/Halacha,FAQ Regarding Kvurah and Aveilus - Compass.pdf,document,3811547,1GLA-CbNPlNU3nOLVQbiNTsGivFUO3A5J,application/pdf,2,downloaded,2025-11-09T05:01:41.659263,
117,/Misc/Compass/Halacha,Kashrus -Shabbos In the Chabad house Kitchen #1.pdf,document,16203383,14REwSrQjUtrt-0v74ggDTGJyhLZo5oyn,application/pdf,2,downloaded,2025-11-09T05:01:49.898185,
118,/Misc/Compass/Halacha,Kashrus - Shabbos in the Chabad house kitchen #2.pdf,document,1790038,1-IuVAU3jdu9d9UQl6UTCrSwDP8aSgqo3,application/pdf,2,downloaded,2025-11-09T05:01:51.074925,
119,/Misc/Compass,Preparing to speak.pdf,document,347128,195tKhjn-6c3XmDHUaxajGuiyoFehqOuZ,application/pdf,2,downloaded,2025-11-09T05:01:51.781875,
120,/Misc/Compass,what you need to know about Insurance.pdf,document,131549,1TnEC0YFkVBol18smmBXvvW7OjTwsdRWc,application/pdf,2,downloaded,2025-11-09T05:01:52.599411,
121,/Misc/Compass,Tips for planning your Shlichus.pdf,document,759832,1b9LO-QsR0Pn5-9CN0Vm6ZQshyHRCGD0s,application/pdf,2,downloaded,2025-11-09T05:01:53.606968,
122,/Misc/Compass,Mental Wellness for Shluchim,google_doc,26326,1TeSbE7lVqvOlpN0kVvdRq9DpZTAT_z7O2-ylodj6dWg,application/vnd.google-apps.document,2,downloaded,2025-11-09T05:01:54.588527,
123,/Misc/Compass,About Addiction.pdf,document,570414,1pZAUNU-rj-azJbAA9Q4H-A9FOzCKMpqe,application/pdf,2,downloaded,2025-11-09T05:01:55.281524,
124,/Misc/Compass,Adult Education Center.pdf,document,555950,1VrfzHVnAC-8r3K6uZDYZEuEsc925ukWd,application/pdf,2,downloaded,2025-11-09T05:01:56.077348,
125,/Misc/Compass,Guiding Someone during Mourning.pdf,document,2323278,1E0d0qrtZ2wy7ytvGzIQAWMES3eT-ddlw,application/pdf,2,downloaded,2025-11-09T05:01:58.125110,
126,/Misc/Compass,Mortgage 2.pdf,document,600079,15UsmWcU5GGL6y8MzdN_IyJs_8YzmDINA,application/pdf,2,downloaded,2025-11-09T05:01:59.517403,
127,/Misc/Compass,Mortgage.pdf,document,78553,1GmVynZgMa6ZPIXrOojj4lfhRIC0oR4_E,application/pdf,2,downloaded,2025-11-09T05:02:00.315399,
128,/Misc/Compass,Mikvah.pdf,document,13935103,1gc8JUBS_nmUpaMdnAGCjrwIbb6QzfzyC,application/pdf,2,downloaded,2025-11-09T05:02:04.036478,
129,/Misc/Compass/Fundraising,Grants.pdf,document,571704,12kJ-Vcbzvq4jAStjxAkFCV0zeIAYSdL8,application/pdf,2,downloaded,2025-11-09T05:02:04.977655,
130,/Misc/Compass/Fundraising,Women Shluchois Fundraising.pdf,document,4391380,1YLDhIyvnHJwuUXBpvYgmlkK3DQNJG_Zy,application/pdf,2,downloaded,2025-11-09T05:02:07.395960,
131,/Misc/Compass/Fundraising,Fundraising. Finances.pdf,document,7807535,18baW8UQpuzx2Y1MHd0bOTdMiL1k6Z5Uw,application/pdf,2,downloaded,2025-11-09T05:02:10.634251,
132,/Misc/Compass/Fundraising,Starting a Chai Club.pdf,document,1187159,1m5rKtNxlkjAtMZ5DfmQiwQKKCKo6to4U,application/pdf,2,downloaded,2025-11-09T05:02:12.036011,
133,/Misc/Compass/Fundraising,Fundraising.pdf,document,2540679,1JRSXR35IbtBJyWM2VPs6LjzwnLEt_wnb,application/pdf,2,downloaded,2025-11-09T05:02:14.229184,
134,/Misc/Compass/Fundraising,Fundraising. Stam.pdf,document,1546197,1exzEgD2MPms5kcfp4AIY7Sg0KI2rw8qR,application/pdf,2,downloaded,2025-11-09T05:02:15.627617,
135,/Misc/Compass/Fundraising,Fundraising from Tourist.pdf,document,21187854,1imayOeoIVHReDSbfzoyvKNcVCG8kuQWE,application/pdf,2,downloaded,2025-11-09T05:02:20.710745,
136,/Misc/Compass/Fundraising,"Fundraising, The ask - Brod.pdf",document,4398162,1g56UGy7RKXOHMunJoBR7ndBxmVclRGzO,application/pdf,2,downloaded,2025-11-09T05:02:24.281194,
137,/Misc/Compass/Fundraising,Fundraising - Planned Giving.pdf,document,352899,1W5HAT2Fup9AMwDqNzwQxzU7nhNTFFnGi,application/pdf,2,downloaded,2025-11-09T05:02:25.716047,
138,/Misc/Compass/Fundraising,Fundraising - Brod.pdf,document,1286950,1prOwFCeZw-6LlNrZB-fmbjVBMUGu9Xgw,application/pdf,2,downloaded,2025-11-09T05:02:27.048870,
139,/Misc/Compass/Fundraising,Capital Campaign Vs Annual Campaign.pdf,document,990895,1aqmfmkhmrgVls7AmChHEiu28fhUJQr_S,application/pdf,2,downloaded,2025-11-09T05:02:31.465471,
140,/Misc/Compass/Fundraising,Fundraising - end of year campaign.pdf,document,908268,1gq8TC1VMCP_gLi74Bpjl6Hf1aHmPr3xf,application/pdf,2,downloaded,2025-11-09T05:02:33.164648,
141,/Misc/Compass/Fundraising,Fundraising Campaign.pdf,document,1027002,1QDOnwme95ts6GnAsCFDzr7wGT2qJW_b1,application/pdf,2,downloaded,2025-11-09T05:02:34.407375,
142,/Misc/Compass/Fundraising,Fundraising - Will.pdf,document,3039230,16g1vSNm6XTBOn7UpnYVdcSPEdoxw9Pt_,application/pdf,2,downloaded,2025-11-09T05:02:37.105137,
143,/Misc/Compass/Fundraising,Fundraising 2.pdf,document,1942432,1k4liW5tQ3J_PY-O46xMZ3DTGQt6JCNE9,application/pdf,2,downloaded,2025-11-09T05:02:38.461137,
144,/Misc/Compass/Fundraising,Fundraising 1.pdf,document,670656,17E6tIIlTFEvUa8_KV7F37u42Gq0zJfnl,application/pdf,2,downloaded,2025-11-09T05:02:39.703822,
145,/Misc/Compass,Hebrew School.pdf,document,4294024,1AvlHrtmesyQO2XegK4Vu2abqnUo_0A9u,application/pdf,2,downloaded,2025-11-09T05:02:41.857055,
146,/Misc/Compass,Camp Gan Yisroel.pdf,document,6025804,1UCSJg9pvhv7Fe46_2shYno1NTwd6nHr3,application/pdf,2,downloaded,2025-11-09T05:02:46.086748,
147,/Misc/Compass,Fundraising. Stam.pdf,document,1546197,1-FTHcOu_gumR4Hh0gAIkS6H-PlZMyClq,application/pdf,2,downloaded,2025-11-09T05:02:47.015749,
148,/Misc/Compass,Crafting a Fundraising Letter.pdf,document,240726,1AYkIUY8D2n3MkP9HugWUG7QP95K_uiQ0,application/pdf,2,downloaded,2025-11-09T05:02:48.202268,
149,/Misc/Compass,When Buying a Home....pdf,document,186709,1DYPK1GejY-RpcK2ympgWR4Em6V9VfeUy,application/pdf,2,downloaded,2025-11-09T05:02:48.910910,
150,/Misc/Compass,Writing a Meaningful Thank you Letter.pdf,document,228214,1bICrUC4JKTRLLTbb0HMcSWuakemkOMgV,application/pdf,2,downloaded,2025-11-09T05:02:49.623793,
151,/Misc/Compass,Bringing Moshiach to our Baalei Batim.pdf,document,726195,1yx3I5ZJBTWbu1Tf3kuvSctdLBAt_yDph,application/pdf,2,downloaded,2025-11-09T05:02:50.977872,
152,/Misc/Compass/Social Media,Dealing with real Media.pdf,document,1972463,1DoOAtg2hT25quc3mJG4Uvb3YW8E-M2UV,application/pdf,2,downloaded,2025-11-09T05:02:52.387444,
153,/Misc/Compass/Social Media,Social Media.pdf,document,487856,17wXb85x-0ZQJrvst4c0MQ9GgP5IRk9z0,application/pdf,2,downloaded,2025-11-09T05:02:53.840203,
154,/Misc/Compass/Social Media,"Social Media, Email Timing.pdf",document,281516,1ip5zrZ8oNK9WD8kAlszEYb0YdGEIwM_g,application/pdf,2,downloaded,2025-11-09T05:02:54.747272,
155,/Misc/Compass/Social Media,Social Media On shlichus 2.pdf,document,3805448,1XEfhyG1VC7m97bQiNPd7mGRKkqVlAneF,application/pdf,2,downloaded,2025-11-09T05:02:58.005774,
156,/Misc/Compass/Social Media,Social Media on Shlichus.pdf,document,1272085,1a5-aAC0T866ODnSHTq9ORHLXBZI0FrOj,application/pdf,2,downloaded,2025-11-09T05:02:59.970219,
157,/Misc/Compass,Impactful high Holiday Sermon.pdf,document,435516,1sAIdRJH_FEinHTfjk-aDmv_waVU1d5kr,application/pdf,2,downloaded,2025-11-09T05:03:00.697385,
158,/Misc/Compass,Chabad and Jewish Fedarations.pdf,document,628734,1Th8CqsTd3qLklWs5AF6p6qYZ0syoclrq,application/pdf,2,downloaded,2025-11-09T05:03:02.077078,
159,/Misc/Compass,Mental Wellness for Shluchim.pdf,document,665947,1etLmC5-b7-rtjN5OveHhM-CM9MhJ7srl,application/pdf,2,downloaded,2025-11-09T05:03:03.147267,
160,/Misc/Compass,Points before Building a Chabad House.pdf,document,2483119,1Ax3IkZiCcPtd4XhC_ucyvRhfrOo2bNix,application/pdf,2,downloaded,2025-11-09T05:03:07.325051,
161,/Misc/Compass,Pas Yisroel and Bishul Yisroel.pdf,document,2750699,1xl6wozToVrjJ2pHx_sJ35mgKdLmCHL6L,application/pdf,2,downloaded,2025-11-09T05:03:09.475431,
162,/Misc/Compass,Step by Step - Officiating at a wedding.pdf,document,5983348,1g3_nfrjmU9IcDk3aHEXP1et5_sIRvqhQ,application/pdf,2,downloaded,2025-11-09T05:03:12.596712,
163,/Misc/Compass,Step by step - Officiating at a wedding - Continuation,document,3687995,1OaEUJY3cC2nh03qYnY_R5OFcPL16qnia,application/pdf,2,downloaded,2025-11-09T05:03:15.507704,
164,/Misc/Compass/? Shliach Oseh Shliach ? ,Working with other Shluchim.pdf,document,200140,1FGYRWeu4W5-B8_HLxMG-ptxX8gYlfoXr,application/pdf,2,downloaded,2025-11-09T05:03:17.844388,
165,/Misc/Compass/? Shliach Oseh Shliach ? ,Healthy Communication.pdf,document,1570699,1GVLfI6RQVfo9vKdI5qv-h7lAy6LUQp0r,application/pdf,2,downloaded,2025-11-09T05:03:19.378115,
166,/Misc/Compass/? Shliach Oseh Shliach ? ,Shliach Oseh Shliach 2.pdf,document,896850,11Frp2QnLUwuMqE1sH3JzO04yWycBP0CV,application/pdf,2,downloaded,2025-11-09T05:03:20.942131,
167,/Misc/Compass/? Shliach Oseh Shliach ? ,Shliach Oiseh Shliach,document,386462,1jnhzUFAAOoKF1y6I4LneBatXbAKPyi6y,application/pdf,2,downloaded,2025-11-09T05:03:21.867254,
168,/Misc/Compass,Wedding - Ksubah and Witnesses.pdf,document,2345222,1KgbRuZ7Gm3zp6F-3M-_Bv04Wh0hl3VSv,application/pdf,2,downloaded,2025-11-09T05:03:23.318401,
169,/Misc/Compass,Financial groundwork to Purchase your Chabad House.pdf,document,169273,1T9Mohlct2gUQuklwi-ZnoOpJ5ADO1Xo3,application/pdf,2,downloaded,2025-11-09T05:03:24.064883,
170,/Misc/Compass,Building My Chabad House.pdf,document,520204,1yxfYSrxU1dLsBEezh77sQ5oVQBNqlBPj,application/pdf,2,downloaded,2025-11-09T05:03:25.481347,
171,/Misc/Compass,Military Chaplain Etc.pdf,document,2009920,1mmo2kGelAi1zLJLgN8BxBVylChbjXLfy,application/pdf,2,downloaded,2025-11-09T05:03:26.997160,
172,/Misc/Compass,How to Self install a Mens and Keilim Mikvah - Compass.pdf,document,912544,1TOPeCCnFnkB_SFtfH2qguBWCfo_u1OIN,application/pdf,2,downloaded,2025-11-09T05:03:28.399708,
173,/Misc/Compass,Jewish Burial - Compass.pdf,document,414587,1tSu9t2j2BsyMhTq-C4-cd4xepwMUOuNn,application/pdf,2,downloaded,2025-11-09T05:03:29.256342,
174,/Misc/WhatsApp Chat with Shluchim Near 30 #AskARov.txt,Untitled document,google_doc,55401,1p1a4FvfN6vH8-gnR-NsKf-G-HVRRGZaFyRUNzrpreKI,application/vnd.google-apps.document,2,downloaded,2025-11-09T05:03:30.421950,
175,/Misc/WhatsApp Chat with Shluchim Near 30 #AskARov.txt,2) chat.txt,document,6957007,1uK7RLGIrJJ4COkptZcmb8uNUblHijym8,text/plain,2,downloaded,2025-11-09T05:03:32.585235,
176,/Community Members/Shluchim Personal/Health,Mental Health,google_doc,3951,1BmsOyuWv_Sxw5yFyrIr97buxFiQz8uFLMBMd9f2XAS0,application/vnd.google-apps.document,2,downloaded,2025-11-09T05:03:33.304537,
177,/Community Members/Shluchim Personal/Health,"Healthy Shliach, Healthy Shlichus",google_doc,1024,1T2SI6NPYevtBXtDSk1CeLr8M8HA14rT6rvYE98sF_Qg,application/vnd.google-apps.document,2,downloaded,2025-11-09T05:03:33.981334,
178,/Community Members/Shluchim Personal/Cars,Buying,google_doc,5614,1UslsQI2sz4EW2_mmoSES4A5Zhx7fued5Fmu86gsMTks,application/vnd.google-apps.document,2,downloaded,2025-11-09T05:03:34.914746,
179,/Community Members/Shluchim Personal/Cars,Maintenance,google_doc,7187,1oK-b9rK7OPwVAYuVvJxNFpDZGPfI7QhfCmW55o3ntig,application/vnd.google-apps.document,2,downloaded,2025-11-09T05:03:35.707939,
180,/Life Cycle/Pidyan Haben,Pidyon Haben - Notes for MC,google_doc,2713,1ArsQG6xw7U0QM_Wo_nv2J0AybhwrLaOasBCxZkY5jVA,application/vnd.google-apps.document,2,downloaded,2025-11-09T05:03:36.348818,
181,/Life Cycle/Pidyan Haben,Pidyon Haben Booklet,google_doc,59266,1jk-cGJYFjkRijURxl-vsWmm9GINggyu5t-gyG1M2RNo,application/vnd.google-apps.document,2,downloaded,2025-11-09T05:03:37.611343,
182,/Life Cycle/Pidyan Haben,Pidyon Haben - Procedure and Program.pub,other,92160,1vJoau32VujRVY33yrGrgl7_Cbqh4TJUr,application/vnd.ms-publisher,2,downloaded,2025-11-09T05:03:39.368822,
183,/Life Cycle/Creamation,The Jewish View on Cremation.docx,document,209266,1lJ7SJSdSlkMMPCebEEc4NVM7Fce6CZnK,application/vnd.openxmlformats-officedocument.wordprocessingml.document,2,downloaded,2025-11-09T05:03:40.162239,
184,/Life Cycle/Creamation,law on cremation,google_doc,4900,1D67NAY1XniufAyei6semEmR2VLDKVQ9XusbDhWx-UqQ,application/vnd.google-apps.document,2,downloaded,2025-11-09T05:03:41.083470,
185,/Life Cycle/Creamation,Cremation Resources  ,google_doc,3971,16SfwaEOeXPFd-kmv2DzSlQRPrNUbsP_-vwx2vaHUl58,application/vnd.google-apps.document,2,downloaded,2025-11-09T05:03:42.275889,
186,/Life Cycle/Creamation,Roadmap Cremation  ,google_doc,5670,17qWagBiIUCxL_TroNDX0mT2Z3QD5LqfJBBZV2eGGb0I,application/vnd.google-apps.document,2,downloaded,2025-11-09T05:03:43.227479,
187,/Life Cycle/Creamation,Cremation Talking Points,google_doc,5111,1Vf1ejGLepYNE8q9ZYzyeZ9lr-IUuLWYpDUMnBWQPcxc,application/vnd.google-apps.document,2,downloaded,2025-11-09T05:03:43.948420,
188,/Life Cycle/Creamation,Traditional End-of-Life Awareness Movement (TEAM),google_doc,2549,1kVE9hMrUl16sh-nzfiBQTIstaj3YPlGDWR6WYgiqLAM,application/vnd.google-apps.document,2,downloaded,2025-11-09T05:03:44.567423,
189,/Life Cycle/Creamation,Letter to Family,google_doc,4030,1pJ-EVVjkeXOzJaGCZUjr13KnlTU3l93M5g2zHZQ5pA8,application/vnd.google-apps.document,2,downloaded,2025-11-09T05:03:45.410054,
190,/Life Cycle/Creamation,4 Steps You Can Take to Help Jews Choose Jewish Burial.pdf,document,529433,1fDFJ6n3mxSDM9gYOEIR2i9a42VvE0T0V,application/pdf,2,downloaded,2025-11-09T05:03:46.363535,
191,/Life Cycle/Funeral + Burial , Kaddish Services ,google_doc,1024,1Egc7zHaNrP0oa2Aia8JG7QTa5u0SBD5ub2jnLAeZ6KM,application/vnd.google-apps.document,2,downloaded,2025-11-09T05:03:47.141778,
192,/Life Cycle/Funeral + Burial ,Tips for funeral & Eulogy,google_doc,3514,1W9czxlPW0rpztZc2XuV9FGzKlJnH-uMResTOsogiR0E,application/vnd.google-apps.document,2,downloaded,2025-11-09T05:03:48.124797,
193,/Life Cycle/Funeral + Burial ,Ideas for a Eulogy for a Suicide,google_doc,3174,1cCGOVK2ZdCJac7mBFtJcqbHIvRJ1sublqSGXIVEef_E,application/vnd.google-apps.document,2,downloaded,2025-11-09T05:03:48.811480,
194,/Life Cycle/Funeral + Burial ,Funeral Service for  a man pamphlet .pub,other,13440000,1BYfSJrfBK9QHmkvYMUV7ittf_NBH957P,application/vnd.ms-publisher,2,downloaded,2025-11-09T05:03:51.502863,
195,/Life Cycle/Funeral + Burial ,eulogy generic,document,26112,1t2tlokwYNgdlm2R5cAKYGAbHVSA_ttMB,application/msword,2,downloaded,2025-11-09T05:03:52.176592,
196,/Life Cycle/Funeral + Burial ,Halacha shielos,google_doc,1024,13CjjOABQaIp9US3Wk6jQCo7ScDHX5MpvXkBf4AEQn48,application/vnd.google-apps.document,2,downloaded,2025-11-09T05:03:52.815898,
197,/Life Cycle/Funeral + Burial /Taharah and Burial,"what to do by a death R""L",google_doc,2434,1yF53TF4WWE-VrSfFn0JQzJP1V-4n8oF_mbyVOs-rBmA,application/vnd.google-apps.document,2,downloaded,2025-11-09T05:03:53.692423,
198,/Life Cycle/Funeral + Burial /Taharah and Burial,Taharah Burial Guide.doc,document,74752,148muU1WHwBPA_SXfdrwhLfBYU6olqh9I,application/msword,2,downloaded,2025-11-09T05:03:54.621393,
199,/Life Cycle/Funeral + Burial /Taharah and Burial,Funeral Service Guide.docx,document,11879,1JJY2sCV7NSBu7KXWb3eCeW9wroZZ0d89,application/vnd.openxmlformats-officedocument.wordprocessingml.document,2,downloaded,2025-11-09T05:03:55.501054,
200,/Life Cycle/Funeral + Burial ,mishnayos_Prokim checklist.doc,document,65536,1CAMOFEFPOLmQshnuhF7P_iouEbwSYPG4,application/msword,2,downloaded,2025-11-09T05:03:56.254852,
201,/Life Cycle/Funeral + Burial ,Eulogy for an overdose teen,google_doc,3161,1tVHILyXOLuqnzVS0X8zge1kuo9kwkGbqOMNlNcHNDAg,application/vnd.google-apps.document,2,downloaded,2025-11-09T05:03:57.058851,
202,/Life Cycle/Funeral + Burial , Funeral Booklet.docx,document,1321243,1JsvhYdVJdcxUk5wMV0yG6J-YKpEpQuv0,application/vnd.openxmlformats-officedocument.wordprocessingml.document,2,downloaded,2025-11-09T05:03:58.541623,
203,/Life Cycle/Funeral + Burial ,Ziva Barnavon Eulogy.docx,document,23862,1mZNDXiYlDmNc-3FlVcGdZI8ZlDZh0KJX,application/vnd.openxmlformats-officedocument.wordprocessingml.document,2,downloaded,2025-11-09T05:03:59.153757,
204,/Life Cycle/Funeral + Burial ,Funeral Service for  a man.pub,other,13440000,1gBmEXgrImB48RZsNSp99OjL3hg6bM50E,application/vnd.ms-publisher,2,downloaded,2025-11-09T05:04:01.202373,
205,/Life Cycle/Bas Mitzvah,bas mitzvah,google_doc,3488,1HdwUP5uaRxvMZPHSSDIeO30mzBxfq7ghrPAhZUZ25zo,application/vnd.google-apps.document,2,downloaded,2025-11-09T05:04:01.784799,
206,/Life Cycle/Bas Mitzvah/unique bas mitzvah,script.docx,document,20763,1oYQVk6uouISnJ_7hN4TKjVvNQRXKHhuj,application/vnd.openxmlformats-officedocument.wordprocessingml.document,2,downloaded,2025-11-09T05:04:02.414850,
207,/Life Cycle/Bas Mitzvah/unique bas mitzvah,About ,google_doc,2178,12d0lCCqzGtJwPvf0olcrCwUzUpGLkl3cv00peMy-07U,application/vnd.google-apps.document,2,downloaded,2025-11-09T05:04:03.194304,
208,/Life Cycle/Baby Naming,Baby Naming ,google_doc,3987,1w-Ks4i2Dj2k647IaP9uhY5oTsWRY_oDqlwPb7UQuGgY,application/vnd.google-apps.document,2,downloaded,2025-11-09T05:04:04.312099,
209,/Life Cycle/Baby Naming,Baby Naming Elsie Edwards.pdf,document,484086,11ZRbmZ6OzgHM3DW8uTC0X-85oepfNyEY,application/pdf,2,downloaded,2025-11-09T05:04:05.471351,
210,/Life Cycle/After life - will,Will,google_doc,3628,1u0Z6TFab8V1XBf6sgMJT1CI4piYlmUpRjfKiDYjuwK0,application/vnd.google-apps.document,2,downloaded,2025-11-09T05:04:06.128434,
211,/Life Cycle/Yahrtzeit,Yahrtzeit & Memorial,google_doc,1024,1KOECmI_a5KcT0IiTN_19sLkFMPrv556mRlS11E4evy4,application/vnd.google-apps.document,2,downloaded,2025-11-09T05:04:06.814086,
212,/Life Cycle/Yahrtzeit,prayers for grave visit russian.pdf,document,750385,1IXRqbQPX-3MbGZucZbA6HLbbohYpxgkI,application/pdf,2,downloaded,2025-11-09T05:04:07.798187,
213,/Life Cycle/Yahrtzeit,prayers for grave visit.pdf,document,959869,1VrwtRG6qztiTbGAln-XsqNlzr2pX4t-9,application/pdf,2,downloaded,2025-11-09T05:04:09.022200,
214,/Life Cycle/Birthday,Birthday,google_doc,1024,1pMTwOEmZGDm3tg0RSEu3OCbwSniYfuTvY_Eao0H579s,application/vnd.google-apps.document,2,downloaded,2025-11-09T05:04:09.886311,
215,/Life Cycle/Birthday,Birthday #1.doc,document,24576,1az-mBPBooOmGN4g0S3S_7EO4TncAjUcX,application/msword,2,downloaded,2025-11-09T05:04:10.408302,
216,/Life Cycle/Birthday,965_Class_on_40.doc,document,34304,1zg7YZOPlVaLdb6w10l9fU60anB7SRfaQ,application/msword,2,downloaded,2025-11-09T05:04:11.531740,
217,/Life Cycle/Birthday,Jewish_birthday.doc,document,165888,1N0-OFpfTdNgyk_egUc3UBy1NciVLATTm,application/msword,2,downloaded,2025-11-09T05:04:12.126249,
218,/Life Cycle/Birthday,Invitation.doc,document,474112,1ZJQ39ReBc2OIILJ89swtKO3oopppN_3n,application/msword,2,downloaded,2025-11-09T05:04:13.094079,
219,/Life Cycle/Birthday,i celebrated my jewish birthday.pdf,document,217232,1UAU6S85KZmu7Bt6_UblusA7TOA1mAtmo,application/pdf,2,downloaded,2025-11-09T05:04:13.808936,
220,/Life Cycle/Birthday,birthday certificate.pdf,document,1463279,1LITFZeFxLTZW4NEojje7IRVNm841vtx-,application/pdf,2,downloaded,2025-11-09T05:04:15.586495,
221,/Life Cycle/Birthday,donation gift in honor of your birthday.doc,document,35840,1kcbN4AnTo4rAqGHyXcQL8NOUj0uu0MgW,application/msword,2,downloaded,2025-11-09T05:04:16.242500,
222,/Life Cycle/Upshernish,Minhagim for Upsherin,google_doc,2872,1y7Wax1L2bs5huk-BC0_Ae4Qi4x6GFjCZ3cslj8ceZGo,application/vnd.google-apps.document,2,downloaded,2025-11-09T05:04:17.041496,
223,/Life Cycle/Upshernish,Speach Upshernish.doc,document,22528,114nkaqHou8fX4jiU_32Obv-vtp71h2zz,application/msword,2,downloaded,2025-11-09T05:04:17.756497,
224,/Life Cycle/Upshernish,booklet #2.pub,other,5143552,1IkQuk9tkxT8Jo3dgdvPOOrqJ_3ph0UDs,application/vnd.ms-publisher,2,downloaded,2025-11-09T05:04:19.174291,
225,/Life Cycle/Upshernish,Yoel Tzemach Alef Bais Upshern Book.pub,other,68698624,1qLqbvg9CH9e6cM8AfDfmHMAk3WM0guAA,application/vnd.ms-publisher,2,downloaded,2025-11-09T05:04:28.830528,
226,/Life Cycle/Upshernish,Zalman Upshern Book.pub,other,33907200,1MbCk3kSBegxcDHwrgIGDV89EZJG7gyBW,application/vnd.ms-publisher,2,downloaded,2025-11-09T05:04:34.109179,
227,/Life Cycle/Upshernish,Upsherinish Ideas.doc,document,22016,1oAMmaKWw682_zzTC24xDt8Wy7TZ8kkDQ,application/msword,2,downloaded,2025-11-09T05:04:35.706143,
228,/Life Cycle/Upshernish,cheder1.doc,document,378368,1ZxavblTFU11J_rffQC-lLPMiGoR1MJSt,application/msword,2,downloaded,2025-11-09T05:04:37.188284,
229,/Life Cycle/Upshernish,upsherenish_book.doc,document,319719,1TtRdZJPX9QljLKY2HZ_xNP_t5bYi4URr,application/msword,2,downloaded,2025-11-09T05:04:39.687599,
230,/Life Cycle/End of life,End of life,google_doc,2205,10alpvtQhCdeNssNYbAgLrPNfpbX0sYyoPaI3s32fC80,application/vnd.google-apps.document,2,downloaded,2025-11-09T05:04:40.729203,
231,/Life Cycle/End of life,Shluchim Talk.  Terminal Illness,google_doc,1024,1hOa6P-jsiqqksTbCwK5MdQFEyM_B9c8XvQpDd3-siq4,application/vnd.google-apps.document,2,downloaded,2025-11-09T05:04:41.400195,
232,/Life Cycle/Wedding ,Birur Yehadus,google_doc,1024,1MixXn-VMXaHncQK2zvIFUhsUOH3hoytxxaYYYoZivMY,application/vnd.google-apps.document,2,downloaded,2025-11-09T05:04:42.044309,
233,/Life Cycle/Wedding ,Wedding Checklist and Distribution of Honors.docx (Rabbi Yossi Brackman),document,19505,1-hDhkiR3OM5q8HJnydS1Pigg7iXor3fD,application/vnd.openxmlformats-officedocument.wordprocessingml.document,2,downloaded,2025-11-09T05:04:42.695488,
234,/Life Cycle/Wedding ,Thoughts on officiating at a non-Kosher wedding:,google_doc,5623,1AYXVKGoTPeT4Fl2Qjcd2qAsOxzp2VS8HhzGRG6BRLC8,application/vnd.google-apps.document,2,downloaded,2025-11-09T05:04:43.482430,
235,/Life Cycle/Wedding ,letter certifing jewish .doc,document,30720,1crUsnkg5N-tWOYb5h6rNJM_SGk7u6zyb,application/msword,2,downloaded,2025-11-09T05:04:43.990116,
236,/Life Cycle/Wedding /Wedding day,ketubah.doc,document,12571,1sx9586keGtj8GMrofsTOl31e1IL6_flc,application/msword,2,downloaded,2025-11-09T05:04:44.603362,
237,/Life Cycle/Wedding /Wedding day,Shtar Tenoim.docx,document,13384,1j4KnvmJwJcIOBRS38kmulCY9NjP9kp5m,application/vnd.openxmlformats-officedocument.wordprocessingml.document,2,downloaded,2025-11-09T05:04:45.231358,
238,/Life Cycle/Wedding /Wedding day,Eid letter.doc,document,22528,148FD9Mus7C_cdrxR4jltfkjzW-ajR76v,application/msword,2,downloaded,2025-11-09T05:04:46.019861,
239,/Life Cycle/Wedding /Wedding day,Rebbes_Letter.pdf,document,17774,1BfPyIBdRNd1che1rSawQbWWSgmHkyC51,application/pdf,2,downloaded,2025-11-09T05:04:46.637178,
240,/Life Cycle/Wedding /Wedding day,Wedding Notes,google_doc,4317,1rGa7imVoXpJgfYvK1W5644dcbn3MlxNhm2017Yhx8pE,application/vnd.google-apps.document,2,downloaded,2025-11-09T05:04:47.900473,
241,/Life Cycle/Wedding /Wedding day,Blank Ketubah with Instructions.docx,document,15236,1Ma3S0_2B9W62o237rjxUvolD5CjxJgTg,application/vnd.openxmlformats-officedocument.wordprocessingml.document,2,downloaded,2025-11-09T05:04:48.826472,
242,/Life Cycle/Wedding ,marriage course.doc,document,52224,1GUfSnw3q63UGJKhm6xsYnNJlWg39wjeb,application/msword,2,downloaded,2025-11-09T05:04:49.542471,
243,/Life Cycle/Wedding ,Marriage Form 09.doc,document,167936,1spysTiI48-B2lcIuXlQ_D9RpAYFNhhQS,application/msword,2,downloaded,2025-11-09T05:04:50.809097,
244,/Life Cycle/Wedding ,An Aufruf with Chabad of Merrick-Bellmore.doc,document,57856,1fz4sdvHLsYYtoINkI-w6COeCTyMbqkVx,application/msword,2,downloaded,2025-11-09T05:04:51.633083,
245,/Life Cycle/Wedding ,Guidance to Bride and Groom.doc,document,35840,1gvMsI4t3kEdyA-xSCfmsWkl6sqi-K5pA,application/msword,2,downloaded,2025-11-09T05:04:52.134621,
246,/Life Cycle/Wedding ,שאלת חכם (1).pdf,document,762366,1UvOucSyc5biApnUwAP9rGMaZCPIxnnYX,application/pdf,2,downloaded,2025-11-09T05:04:53.286248,
247,/Life Cycle/Bris,Chabad Mohelim Database,google_sheet,7151,13qpsMeIDP8B9oG5_0bDDKUKoQz9WAwYIC4hgo7pegRA,application/vnd.google-apps.spreadsheet,2,downloaded,2025-11-09T05:04:53.940655,
248,/Life Cycle/Bris,Bris Honors,google_doc,1923,1TtvfTTZ5ZOlKIEPP6J5Fe1HcOauXWQ0PmVpZvP9ZNfA,application/vnd.google-apps.document,2,downloaded,2025-11-09T05:04:54.899156,
249,/Life Cycle/Bris,Bris Booklet.pdf,document,745584,12aX-t1ZerZp839ebpjyOehayk3AYlgku,application/pdf,2,downloaded,2025-11-09T05:04:56.021627,
250,/Life Cycle/Bris,Bris booklet revised.pub,other,1443840,19N3Esb-r2Xgo_jRZRDszbJlkLk16asCt,application/vnd.ms-publisher,2,downloaded,2025-11-09T05:04:57.064111,
251,/Life Cycle/Bris,Bris email invite,google_doc,1825,1s-fQ-4N-N1b-pUe835pLydjrH5yDbq_TM_bYm6-ptCg,application/vnd.google-apps.document,2,downloaded,2025-11-09T05:04:58.067115,
252,/Life Cycle/Bris,סדר ברית מילה נוסח לבני עדות המזרח.doc,document,41472,1ULi_wS7IPyVbT0jdiUGsfhlD8vw54oJD,application/msword,2,downloaded,2025-11-09T05:04:58.870586,
253,/Life Cycle/Bris,Bris Booklet with Rebbe's letter in Hebrew.pub,other,676864,1tO_tPoTVVllN16MJ3ys6ErCXSq9Wb5Q_,application/vnd.ms-publisher,2,downloaded,2025-11-09T05:05:01.016691,
254,/Life Cycle/Bris,letter for a Bris - translated.doc,document,24576,1D4_iCYEBeRFH8BRfMMeVP_Ol-x6UCTjw,application/msword,2,downloaded,2025-11-09T05:05:02.095530,
255,/Life Cycle/Bris,zohar_for_bris_english.doc,document,78336,13qqgQu8OweeEablTHNl_wrjqUfLADLzL,application/msword,2,downloaded,2025-11-09T05:05:03.133120,
256,/Life Cycle/Bris,Bris,google_doc,1024,1rVa8VGs6PV_rWiLv3tuDuokftRDle3qeV2U_A-1YNOU,application/vnd.google-apps.document,2,downloaded,2025-11-09T05:05:03.999035,
257,/Life Cycle/Bris,Bris Notes,google_doc,3394,1LrlN10hI5qOg0Mgj3GPmz23PHxGkaMdCzl8jQqDuNMA,application/vnd.google-apps.document,2,downloaded,2025-11-09T05:05:04.706484,
258,/Life Cycle/Bar Mitzvah,Bar Mitzvah overview,google_doc,4061,1V7SvrQnC_ggDvaMxNTGm_mpr3gMPgs223tmZ7PLxHTM,application/vnd.google-apps.document,2,downloaded,2025-11-09T05:05:05.419470,
259,/Life Cycle/Bar Mitzvah,Zev%27s%20Bar%20Mitzvah%20Booklet%20for%20Shul.pub,other,565760,1gcReJmLm2EgQFS40NfmwoBHWCOvqjruz,application/octet-stream,2,downloaded,2025-11-09T05:05:07.635917,
260,/Life Cycle/Bar Mitzvah,Halacha Shailos,google_doc,2226,1V1CUlCu0puoxtvAX_cSOeF3uV1Lvimnqod1hIMkIvHg,application/vnd.google-apps.document,2,downloaded,2025-11-09T05:05:08.414916,
261,/Life Cycle/Bar Mitzvah,Motzei shabbos BM,google_doc,2162,1jlj5PQImqRETNvamC3MpjCES-S4oewEWJiAaatKh-Zo,application/vnd.google-apps.document,2,downloaded,2025-11-09T05:05:09.048914,
262,/Life Cycle/Bar Mitzvah/BM Guide (Rabbi Yehuda Heber),Bar mitzvah at chabad yorktown guide.docx,document,58181,15F2FXa2PrgCIb5dVgK9E909Dumbu6Dt4,application/vnd.openxmlformats-officedocument.wordprocessingml.document,2,downloaded,2025-11-09T05:05:09.818273,
263,/Life Cycle/Bar Mitzvah/BM Guide (Rabbi Yehuda Heber),BM Guide Intro,google_doc,1024,104AAfBsjCCSfZqySeJbGXTqH7w38YBn7SQiymHvjcxk,application/vnd.google-apps.document,2,downloaded,2025-11-09T05:05:10.899331,
264,/Life Cycle/Bar Mitzvah,Ariticle : Why Won't You Call My Daughter Up To The Torah_,google_doc,11728,1GcU4TO2STYH-Ua4s5TWiabuY6_9TKSJjDDtVhchnCM8,application/vnd.google-apps.document,2,downloaded,2025-11-09T05:05:12.058329,
265,/Life Cycle/Bar Mitzvah,ideas for the Non jewish dad,google_doc,1024,1vcrlLAV0Qh_ZO2Jgulk6ee9Ki3FejJmObAZf6LudsV4,application/vnd.google-apps.document,2,downloaded,2025-11-09T05:05:12.835332,
266,/Life Cycle/Bar Mitzvah/Maamar,Bar Mitzva Maamar in Hebrew.pdf,document,43615,1aXUYA9JIh_Ydv9Pzcf-u3iaJUxYKITCL,application/pdf,2,downloaded,2025-11-09T05:05:13.516531,
267,/Life Cycle/Bar Mitzvah/Maamar,Maamar handout.pdf,document,112283,16smqMkDaYjYQwaDfgrgLPjy4UcTL4gqj,application/pdf,2,downloaded,2025-11-09T05:05:14.820532,
268,/Life Cycle/Bar Mitzvah/General Information for Family,BarMitzvaBook,google_doc,13587,12pm_4TfrZq-6Jjpu3_R5NgmwQKxcgRRJPs-h0kipNwo,application/vnd.google-apps.document,2,downloaded,2025-11-09T05:05:16.074326,
269,/Life Cycle/Bar Mitzvah/General Information for Family,bar_mitzvah_guidelines.doc,document,24424,1rnVEJpyuCYwg750VgH90nz3bJDcvCGY7,application/msword,2,downloaded,2025-11-09T05:05:17.507310,
270,/Life Cycle/Bar Mitzvah/General Information for Family,BarMitzvaBook.pdf,document,81002,1sQoin6C4yLCJo0mKG7Kh_CbYdyWWkT2d,application/pdf,2,downloaded,2025-11-09T05:05:18.588309,
271,/Life Cycle/Bar Mitzvah/General Information for Family,Bar mitzvah at chabad yorktown guide.docx,document,58181,1TqZiAulMyd21-4UZG4CJRdCbkjBb9GkP,application/vnd.openxmlformats-officedocument.wordprocessingml.document,2,downloaded,2025-11-09T05:05:19.582834,
272,/Life Cycle/Bar Mitzvah/Tefillin,Why not to buy Tefillin on amazon?,google_doc,1872,1o4csVxJ-ob7I-pcetKkZ-2_s4Bwr32uExPThjRgsAkU,application/vnd.google-apps.document,2,downloaded,2025-11-09T05:05:20.314146,
273,/Life Cycle/Bar Mitzvah/Tefillin,Laws of Teffilin Diagrams.docx,document,427577,1tWbL0vpy3Y5V5I5nPTXf17Ki6U4wF9Nx,application/vnd.openxmlformats-officedocument.wordprocessingml.document,2,downloaded,2025-11-09T05:05:21.498330,
274,/Life Cycle/Bar Mitzvah/Tefillin,Tefillin Facts Reasons Benefits Lessons.docx,document,97724,1BJqpG-Fl96rzC5p_MGRWHwJ7KtSJjb4m,application/vnd.openxmlformats-officedocument.wordprocessingml.document,2,downloaded,2025-11-09T05:05:22.212114,
275,/Life Cycle/Bar Mitzvah/Bar Mitzvah Lessons,App or Website to learn Kriah,google_doc,1024,17EJ53Ub37DmnEU2jiLcgQ8I7_XDX2sxDJVYAaCJdrws,application/vnd.google-apps.document,2,downloaded,2025-11-09T05:05:22.882562,
276,/Life Cycle/Bar Mitzvah/Bar Mitzvah Lessons,Recording for BM boy,google_doc,1134,15G_4bn4IAieNot2KmZZGxG8eZIYKciYyGszU358rRYw,application/vnd.google-apps.document,2,downloaded,2025-11-09T05:05:23.655593,
277,/Life Cycle/Bar Mitzvah/Bar Mitzvah Lessons,Copy of Bar Mitzvah Booklet revised (2).pdf,document,24380260,1jy9c3VmN03Y_JME9ND4dyDoGn1B3UwKu,application/pdf,2,downloaded,2025-11-09T05:05:34.491266,
278,/Life Cycle/Bar Mitzvah/Bar Mitzvah Lessons,Cteen curriculum for BM,google_doc,3227,1ZscSZg5-D5SPtOMgbh2OMhMOyvcz9Oi2_X7FBgV10BE,application/vnd.google-apps.document,2,downloaded,2025-11-09T05:05:35.191263,
279,/Life Cycle/Bar Mitzvah/Bar Mitzvah Lessons,Bar Mitzvah speech.pdf,document,343728,1sq0lniYpwgi6ZOw6mRakNghHVb96zF4W,application/pdf,2,downloaded,2025-11-09T05:05:35.970448,
280,/Life Cycle/Bar Mitzvah/Bar Mitzvah Lessons,Pilpul.pdf,document,353149,1i4nw50XffYWQl-BSJMAjJb0BwmPzZKfY,application/pdf,2,downloaded,2025-11-09T05:05:36.656451,
281,/Life Cycle/Bar Mitzvah/Bar Mitzvah Lessons,Copy of Judaism 101 Curriculum.Marrus (1).pdf,document,371848,1LBjSJP3ZibQpxUDyQ7RWwuVg28bUQ2pm,application/pdf,2,downloaded,2025-11-09T05:05:37.629451,
282,/Life Cycle/Bar Mitzvah/Bar Mitzvah Lessons,Judaism 101 Curriculum.Marrus (1).pdf,document,371848,1ve4dS9xKNTIEuW_RqURyHKnEm4UxWYnb,application/pdf,2,downloaded,2025-11-09T05:05:38.915807,
283,/Life Cycle/Bar Mitzvah,rebbe_bar_mitzvah_letter.tif,image,36158,1D2CT37YcQwsVPDCN_WlSJ5a0enMUBK-a,image/tiff,2,downloaded,2025-11-09T05:05:39.438227,
284,/Life Cycle/Bar Mitzvah,Making a Celebration before the BM date,google_doc,6906,1WNlfL8EJAyfjjOWiRAReZoi5ggkxsKwoFDRbNdBE0rA,application/vnd.google-apps.document,2,downloaded,2025-11-09T05:05:40.349321,
285,/,Compass index 1,google_sheet,30584,15iss_FMXBcv2_HIO2FCu46gAwFLzMoyxUveTviP3uwg,application/vnd.google-apps.spreadsheet,2,downloaded,2025-11-09T05:05:41.226869,
286,/,Shluchim exchange how to,google_doc,1024,1J7qyG8QoTpUJu2cVHWKfj-7kqbo6Rpnn9IfckzOm7Ew,application/vnd.google-apps.document,2,downloaded,2025-11-09T05:05:42.090430,
287,/,compass index,google_sheet,28709,12NJAJb2dRuf6q_1__bRGl-pbPJgP91IpSCriU9k72RU,application/vnd.google-apps.spreadsheet,2,downloaded,2025-11-09T05:05:42.949411,
288,/,Electronic Display,google_doc,1763,1ItlKVcMG76sl_LMXHjvLSIubyxhoHrFXhkLlWOEj_Aw,application/vnd.google-apps.document,2,downloaded,2025-11-09T05:05:43.612360,
289,/Jewish Practice/Mikvah,Mikvah Roadmap,google_doc,93199,1sE2jgUExGdZjkdSvecvK7jAV4lvRh_8xPuO_oF1Hw_Q,application/vnd.google-apps.document,2,downloaded,2025-11-09T05:05:44.552037,
290,/Jewish Practice/Mivtzoim/Mezuzah,Mezuzah Halacha,google_doc,1024,1OcE9V_H1-NIMJDtx-hZhs0VoyXz1IETnS1jfxWsMHHQ,application/vnd.google-apps.document,2,downloaded,2025-11-09T05:05:45.143668,
291,/Jewish Practice/Mivtzoim/Tzedakah,The 8 levels of Tzedakah.docx,document,256860,1Y1QBHMgRfhd5ONex2UZAtV-3DnWu3Y2s,application/vnd.openxmlformats-officedocument.wordprocessingml.document,2,downloaded,2025-11-09T05:05:45.926322,
292,/Jewish Practice/Mivtzoim/Tzedakah,Pushkah ,google_doc,163178,1oQafxyqTsqXTHrwU5ZRw3T153cGun4CVncrHGxsD6Bs,application/vnd.google-apps.document,2,downloaded,2025-11-09T05:05:46.969960,
293,/Jewish Practice/Mivtzoim/Tzedakah,Electric Pushkah,google_doc,1024,1GSon-UPat6uvdAZIbd09deci-bWuI-YFGQ2i1wSZPzA,application/vnd.google-apps.document,2,downloaded,2025-11-09T05:05:47.639960,
294,/Jewish Practice/Mivtzoim/Tzedakah,pushka_letter.docx,document,377637,1S1bJ_KzUZQnr-MomDn5iO2mtfm1a0xb0,application/vnd.openxmlformats-officedocument.wordprocessingml.document,2,downloaded,2025-11-09T05:05:48.880917,
295,/Jewish Practice/Mivtzoim/Tzedakah,Tzedakah song and questions.doc,document,20992,1mIntoAbgj2I_MQkUdMRhf88TYm5wbCFv,application/msword,2,downloaded,2025-11-09T05:05:49.811794,
296,/Jewish Practice/Mivtzoim/Tzedakah,Tzedakah talking points,google_doc,2490,1B2O6C0bAUGUvudZL-M4ruhQ1kHePF8AoNCiZMNOJkZM,application/vnd.google-apps.document,2,downloaded,2025-11-09T05:05:50.608795,
297,/Jewish Practice/Mivtzoim/Tefillin,Tefillin Club,google_doc,2286,1u4xXTpzsjW6ZsNF-NBP8Umu2BokCgztATT02Bb4QxC0,application/vnd.google-apps.document,2,downloaded,2025-11-09T05:05:51.233671,
298,/Jewish Practice/Mivtzoim/Tefillin,Tefillin,google_doc,1412,1_fbH4oMSPAoEgVPSQted08vos1egbbo032ZA0_QcMF4,application/vnd.google-apps.document,2,downloaded,2025-11-09T05:05:52.033479,
299,/Jewish Practice/Mivtzoim/Tefillin,tefilin.pdf,document,3962627,1oiQMFyY3sqq6SMxSUzFv8AxcCqWENWZ1,application/pdf,2,downloaded,2025-11-09T05:05:55.219981,
300,/Jewish Practice/Mivtzoim/Tefillin,Halochos Tefillin,google_doc,1024,18BHcqIcdxj991xJBp8gVthkMt93q4g0Jh9Zj8kMHp3Y,application/vnd.google-apps.document,2,downloaded,2025-11-09T05:05:55.857452,
301,/Shlichus Programing, Mens Programs,google_doc,2208,1yGyUjj6_9tAAGuYXNnUyCxzHER-Arj3tNBEf1ya2G4I,application/vnd.google-apps.document,2,downloaded,2025-11-09T05:05:56.461960,
302,/Shlichus Programing,Challah Bake,google_doc,70656,1p56B9dV2UxruwSnI6bZ6tROLD_S-Zn0KwfcXOz2WXOQ,application/vnd.google-apps.document,2,downloaded,2025-11-09T05:05:57.662663,
303,/Shlichus Programing,Copy of Womans Programs,google_doc,20345,1-1RKxXInGdJCZmWg9cJgS1AxcUhWccWxRRBmtkotpp8,application/vnd.google-apps.document,2,downloaded,2025-11-09T05:05:58.609657,
304,/Shlichus Programing,Womans Programs,google_doc,15685,1nx5CcIIP4xksaSzxZXHY3z4knwOOgF7OXkR8PKiqy0Q,application/vnd.google-apps.document,2,downloaded,2025-11-09T05:05:59.535661,
305,/Shlichus Programing,Seniors,google_doc,4174,1F8-Cnwh90LLjwcQNsGjdzdGJwPSV8GsBigK3PmdVfQI,application/vnd.google-apps.document,2,downloaded,2025-11-09T05:06:00.464936,
306,/Shlichus Programing/Kids programs,kids shabbos program,google_doc,2899,1q8QJlXHuRXVF7Y6zS9segdMXeghUEQdSNOJDiM-uKl4,application/vnd.google-apps.document,2,downloaded,2025-11-09T05:06:01.232696,
307,/Shlichus Programing/Kids programs,Family fun day,google_doc,2555,1vj1AbNyc3DMA-7nneDbz3LSSALPBbDGhktp09LlKWL8,application/vnd.google-apps.document,2,downloaded,2025-11-09T05:06:01.971676,
308,/Shlichus Programing/Kids programs,Mommy and Me,google_doc,1024,1kC0yfT16hxAi_EQ8KLg3IlgjBQqFxGZY9Gz_sU3vhNE,application/vnd.google-apps.document,2,downloaded,2025-11-09T05:06:02.581522,
309,/Shlichus Programing/Kids programs,Simchas torah kids ,google_doc,1599,1FqKYgdfoLHsGIkkRX5OVlFihv74jhaCV9O8cBUyESVI,application/vnd.google-apps.document,2,downloaded,2025-11-09T05:06:03.494641,
310,/Shlichus Programing/Kids programs,jewQ,google_doc,1024,1qbA4ahD-eJs5ix103AriOZvG4qLiJH_viYdo4T2gP28,application/vnd.google-apps.document,2,downloaded,2025-11-09T05:06:04.136007,
311,/Shlichus Programing/Kids programs,kids in the kitchen,google_doc,1024,1JIEcl40lwPb-LPmwHoud4acLtj8Km6eHOiZD05XWBes,application/vnd.google-apps.document,2,downloaded,2025-11-09T05:06:04.813100,
312,/Shlichus Programing/Trips/Ohel,Writing to the Ohel,google_doc,1024,1ejW25QIUd1f0ZB93xyr9ZdpUHVbCm9YgB9Z6H4iu4Is,application/vnd.google-apps.document,2,downloaded,2025-11-09T05:06:05.607363,
313,/Shlichus Programing/Trips/Israel Trip,Israel Trip itinerary,google_doc,1764,1P5BCkvYajkEAViUlX8VMLgpm8RtqzBz9rknGCi_MN9c,application/vnd.google-apps.document,2,downloaded,2025-11-09T05:06:06.397908,
314,/Shlichus Programing/Trips/Israel Trip,Answers Needed,google_doc,2255,1H2Ugot8ovK2U6lC9PivUbDBXRBKFzVNFAFDNgnkd0q8,application/vnd.google-apps.document,2,downloaded,2025-11-09T05:06:07.136907,
315,/Shlichus Programing/Seder Nigunim,Seder Niggunim Stories ,document,33282,1I8YKzp2sQiOkgF51He_QRPVnh2IF9o_4,application/vnd.openxmlformats-officedocument.wordprocessingml.document,2,downloaded,2025-11-09T05:06:08.230440,
316,/Shlichus Programing/Seder Nigunim,The Rebbe' s songs.doc (Rabbi Yisroel Altein),document,28572,1d39SfTlDeJoyqXZ88VCXQhyZSP9KUChV,application/vnd.openxmlformats-officedocument.wordprocessingml.document,2,downloaded,2025-11-09T05:06:08.891369,
317,/Shlichus Programing/Seder Nigunim,Seder Nigunim.pdf (Rabbi Eli Wilansky),document,427767,1COwRqmwDzXRSEqcJ59WN6OOL0lqr4tO4,application/pdf,2,downloaded,2025-11-09T05:06:09.815469,
318,/Shlichus Programing/Torah Campaign,Torah article.doc,document,0,1jLa7s3ycryXRGwrI2FMvX1gC4cHueXLa,application/msword,2,downloaded,2025-11-09T05:06:10.098461,
319,/Shlichus Programing/Torah Campaign,Torah Dedication.doc,document,0,1jErbq-y6He5xjFZz5KQOo9TmC3wHU1a5,application/msword,2,downloaded,2025-11-09T05:06:10.361468,
320,/Shlichus Programing/Torah Campaign/Torah Text,Torah Text/Article,google_doc,2516,1v_eqMrFgzAQLiYMZ4Hi86VFVkKR6gjYWicItcEe0mrg,application/vnd.google-apps.document,2,downloaded,2025-11-09T05:06:11.056149,
321,/Shlichus Programing/Torah Campaign,Co-sponsor Torah Workshop,google_doc,2514,1JHsxyr1Jd2kWDv-X3-p8JIDOhjHIBwaUgR9z1DOZqaE,application/vnd.google-apps.document,2,downloaded,2025-11-09T05:06:11.854091,
322,/Shlichus Programing/Torah Campaign,Proposal,google_doc,1205,1KviSWrI1EBeCWep_bh8XrCuKWs1Tv0gOnfDA4TZtP_I,application/vnd.google-apps.document,2,downloaded,2025-11-09T05:06:12.586059,
323,/Shlichus Programing/Torah Campaign,Torah Invitation Letter,google_doc,2119,1z8qqt_IZ46kP9T_xbudZJXVKT8hJfYnfRz6rmxSkCVk,application/vnd.google-apps.document,2,downloaded,2025-11-09T05:06:13.691047,
324,/Shlichus Programing/Torah Campaign,Torah Inaguration Ceremony,google_doc,1748,1vcJyFIMNA7w_UUvPCDd4A0PfHE3NfMA5vqp64lNcajA,application/vnd.google-apps.document,2,downloaded,2025-11-09T05:06:14.598276,
325,/Shlichus Programing/Torah Campaign,Torah Dedication,google_doc,1582,1yQIpG7CBuU0YoZuvhVrmM_CIPOtXZ7WetktGnaQzEmk,application/vnd.google-apps.document,2,downloaded,2025-11-09T05:06:15.295572,
326,/Shlichus Programing/Torah Campaign,Torah Dedication Project,google_doc,3541,1aUFubtzs4xgGQ7X2rYkfyxzneu1FAnohRABupoQewPc,application/vnd.google-apps.document,2,downloaded,2025-11-09T05:06:16.072556,
327,/Shlichus Programing/Torah Campaign,Contractual Agreement,google_doc,1838,1Z5IM-hMyxYxpF0YeO92bYgYfDVWLKkT_22i_CNhE3us,application/vnd.google-apps.document,2,downloaded,2025-11-09T05:06:16.997652,
328,/Shlichus Programing/Torah Campaign,Torah Article,google_doc,3067,1n8VdbXT50Pu8_-8asnJ3YlRUZZgDbqzKEM9CVYs2_eU,application/vnd.google-apps.document,2,downloaded,2025-11-09T05:06:17.807910,
329,/Shlichus Programing/Merkos shlichus,tips for MS,google_doc,3426,1nX2ViSrszoyLmLUcHznRhO7ag7_k8G2ycXkE36xpITY,application/vnd.google-apps.document,2,downloaded,2025-11-09T05:06:18.514314,
330,/Shlichus Programing/Merkos shlichus,Knocking on doors,google_doc,1024,1ulH5wOiSKMkM1AoMBVIdc6PCqVx7k5d0_IaKZpc596c,application/vnd.google-apps.document,2,downloaded,2025-11-09T05:06:19.182737,
331,/Shlichus Programing/Adult Education/Curriculum/Contemporary Issues,Chabad and Israel,google_doc,7697,1-ODhzCUrXBKfFpPYJoBKeSr7VdQrUwAM9TjRmVwviwo,application/vnd.google-apps.document,2,downloaded,2025-11-09T05:06:20.017739,
332,/Shlichus Programing/Adult Education/Curriculum/Contemporary Issues,"Uriel Vigler, New York, NY",google_doc,6469,1-Y4VZs_NvS5vw34PsfD1TG5sx7qDCrd2C5KSdvlmrtM,application/vnd.google-apps.document,2,downloaded,2025-11-09T05:06:20.752192,
333,/Shlichus Programing/Adult Education/Curriculum/Contemporary Issues, Letter from JDC re. situation in Lithuania,google_doc,6235,1roOwfTPuoGKMctOsh22XwHrSrKwQmF8AaP-MDZW-bsI,application/vnd.google-apps.document,2,downloaded,2025-11-09T05:06:21.522642,
334,/Shlichus Programing/Adult Education/Curriculum/Contemporary Issues,Question,google_doc,10700,1ZugTbEhId5z5jOvJ1aVqNdGvIHmdlRGFYY4XLNj1R98,application/vnd.google-apps.document,2,downloaded,2025-11-09T05:06:22.193429,
335,/Shlichus Programing/Adult Education/Curriculum/Contemporary Issues,Rude awakening for shliach,google_doc,21623,1d8h-arc7oYbF_WAggH8OYVF5VWOw8zepBLyaC7JTrzk,application/vnd.google-apps.document,2,downloaded,2025-11-09T05:06:23.191746,
336,/Shlichus Programing/Adult Education/Curriculum/Contemporary Issues/Reform Conversion,BB with conservitive Grandson,google_doc,3447,1grgKJEm_xDj6PD4Ye1Ie83qWpURJYmPZuc_4A_M8xrI,application/vnd.google-apps.document,2,downloaded,2025-11-09T05:06:23.881902,
337,"/Shlichus Programing/Adult Education/Curriculum/Contemporary Issues/Reform, Conservative, Interfaith/reform",reform/conservative rabbi at menorah lighting,google_doc,6577,1nPUqcW5cbWW62x6Gx0_fOa-fZfzApEk6kkPvpwjBPfs,application/vnd.google-apps.document,2,downloaded,2025-11-09T05:06:24.785875,
338,"/Shlichus Programing/Adult Education/Curriculum/Contemporary Issues/Reform, Conservative, Interfaith",Conservative-Reform Rabbis at Chanukah Lightings,google_doc,1936,1vDQpgjjiiZHVz-FteZiWwIUJUYSAb7SLDQsM4luGgWs,application/vnd.google-apps.document,2,downloaded,2025-11-09T05:06:25.444492,
339,"/Shlichus Programing/Adult Education/Curriculum/Contemporary Issues/Reform, Conservative, Interfaith",Interfaith Clergy,google_doc,3284,1MSNnuWXEbQO2THW4L_svP-kEU6Xfy3G2aD-K7BQ7YSc,application/vnd.google-apps.document,2,downloaded,2025-11-09T05:06:26.128676,
340,"/Shlichus Programing/Adult Education/Curriculum/Contemporary Issues/Reform, Conservative, Interfaith",Reform copying Chanukah event,google_doc,1047,1ThZPT2S2WLnc1-dNhxfsB9kmApgASTpjw2V6akBDl88,application/vnd.google-apps.document,2,downloaded,2025-11-09T05:06:27.012676,
341,/Shlichus Programing/Adult Education/Curriculum/Contemporary Issues,Sun Around Earth,google_doc,6599,1j2WpNWWr5iQSLRDVq4l0CsF5vpI2mDc1z3AMcC56wCg,application/vnd.google-apps.document,2,downloaded,2025-11-09T05:06:27.812680,
342,/Shlichus Programing/Adult Education,Tanya,google_doc,1024,11uPHNQn213eyF-I4pUnBZAKPm6j6P4FkULjeT5hBEeQ,application/vnd.google-apps.document,2,downloaded,2025-11-09T05:06:28.485675,
343,/Shlichus Programing/Adult Education,write up on public speaking,google_doc,4134,1A4gyDmk92aNSiAOmigobgfwTeDKBW4JubiK6Rkvxlc8,application/vnd.google-apps.document,2,downloaded,2025-11-09T05:06:29.666355,
344,/Shlichus Programing/Adult Education,Parsha Classes,google_doc,1024,12JR2S-yuOWGNbTUBNQU-Np-wgrv9rbFF5w4-nIskZR4,application/vnd.google-apps.document,2,downloaded,2025-11-09T05:06:30.515034,
345,/Shlichus Programing/Adult Education,Involving Mekuravim in Limud hatorah,google_doc,3403,1IXYyCrNDqmVRA1NR4OP4DT3kX9WQ4IjhDtDw4nVLNyY,application/vnd.google-apps.document,2,downloaded,2025-11-09T05:06:31.388805,
346,/Shlichus Programing/Adult Education/Law n Lunch,Law N Lunch Class 1 5765 Hand-out for me.doc,document,42496,1L-ZyM6117mpLYi_ETMZoAZ-T11AGDcuU,application/msword,2,downloaded,2025-11-09T05:06:32.051572,
347,/Shlichus Programing/Adult Education/Law n Lunch,Law N Lunch Class 1 5765.doc,document,64000,1atE2GO6FaBdJlfm6Y2suBs60jRciKO8E,application/msword,2,downloaded,2025-11-09T05:06:32.673574,
348,/Shlichus Programing/Adult Education/Law n Lunch,law N Lunch - bankruptcy 5767 handout.doc,document,26112,1oNakqKHedsAHpwSiOecZXFBF9jhhUqQM,application/msword,2,downloaded,2025-11-09T05:06:33.455416,
349,/Shlichus Programing/Adult Education/Law n Lunch,Law N Lunch - bankruptcy 5766.doc,document,42496,10NrG6T_d5VOz0LIawni2aptPi4fsHwfT,application/msword,2,downloaded,2025-11-09T05:06:34.072202,
350,/Shlichus Programing/Adult Education/Law n Lunch,Law N Lunch Class 3 5765 Bar Metzra Hand-out (1).doc,document,1356800,1bkh8J0U-4eRMl9VF9qe7v0RACxnIa_Ht,application/msword,2,downloaded,2025-11-09T05:06:35.140507,
351,/Shlichus Programing/Adult Education/Law n Lunch,Law N Lunch Class 3 5765 Bar Metzra (1).doc,document,36864,1gCCKfHaxDS6LTFzM98cxdNAhz8VMpshR,application/msword,2,downloaded,2025-11-09T05:06:35.771507,
352,/Shlichus Programing/Adult Education/Law n Lunch,Law N Lunch Class 3 5765 Bar Metzra Hand-out.doc,document,1356800,159R9ijevwPNgyv-iTTxWxVgIze_C7UaZ,application/msword,2,downloaded,2025-11-09T05:06:37.588505,
353,/Shlichus Programing/Adult Education/Law n Lunch,Law N Lunch Class 3 5765 Bar Metzra.doc,document,36864,18z7WNJ7lFTYo5X5S6-5alldFsXJ4HPgw,application/msword,2,downloaded,2025-11-09T05:06:38.072507,
354,/Shlichus Programing/Adult Education/Law n Lunch,Law N Lunch - eminent domain handout final.doc,document,36864,1a2k5qiQ5YPA8qrj3U6mw-P4RZZezJl10,application/msword,2,downloaded,2025-11-09T05:06:38.947508,
355,/Shlichus Programing/Adult Education/Law n Lunch,Law N Lunch - Eminent Domain.doc,document,53760,172faAN6RpyqlItFcoqC-RKycJ5B6RNsj,application/msword,2,downloaded,2025-11-09T05:06:39.747508,
356,/Shlichus Programing/Adult Education/Law n Lunch,Law N Lunch Class 6 5765 Extradition Handout.doc,document,46080,1jcbwYgTpaXtGBdZi4Dl9HDS24egwJbXx,application/msword,2,downloaded,2025-11-09T05:06:40.508507,
357,/Shlichus Programing/Adult Education/Law n Lunch,Law N Lunch Class 6 5765 Extradition.doc,document,72192,1sfTI-_Zmy4tb99zpf86FBkhOzxYO89gK,application/msword,2,downloaded,2025-11-09T05:06:41.546057,
358,/Shlichus Programing/Adult Education/Law n Lunch,Law N Lunch Class 2 5765 Hand-out.doc,document,48128,1YXy78_2ZIrzSvkJVylSC83ahV1annUx6,application/msword,2,downloaded,2025-11-09T05:06:42.332758,
359,/Shlichus Programing/Adult Education/Law n Lunch,Law N Lunch Class 2 5765 Genaivat Dat Full.doc,document,82432,13uKJ2x_SQbPxkDuaKAw06fbuyhp_fjhw,application/msword,2,downloaded,2025-11-09T05:06:43.185778,
360,/Shlichus Programing/Adult Education/Law n Lunch,Law N Lunch Class 4 5765 Hand-out prison.doc,document,59904,1g5176P7OJvEmnX9sm0EGwlunOL1uGUSC,application/msword,2,downloaded,2025-11-09T05:06:43.972164,
361,/Shlichus Programing/Adult Education/Law n Lunch,Law N Lunch Class 4 5765 prison.doc,document,112128,12K-U_rnynodBiCFIvkpAJOLcNwBL-X_E,application/msword,2,downloaded,2025-11-09T05:06:44.689951,
362,/Shlichus Programing/Adult Education/Law n Lunch,law N Lunch - informing handout 5767.doc,document,41472,16TZOhyls51gN-A6SFbCSx-G1DKXv25b-,application/msword,2,downloaded,2025-11-09T05:06:45.805204,
363,/Shlichus Programing/Adult Education/Law n Lunch,law N Lunch - informing.doc,document,64000,1oxVfmaGsdR6Toryuhr93tN3ska7CKoKu,application/msword,2,downloaded,2025-11-09T05:06:46.343730,
364,/Shlichus Programing/Adult Education/Law n Lunch,law N Lunch Class 2 5766 Mediation Handout.doc,document,34816,1_Tt4E8HtKAu_47g5YcUz_ayO7lO62lM1,application/msword,2,downloaded,2025-11-09T05:06:47.075494,
365,/Shlichus Programing/Adult Education/Law n Lunch,law N Lunch Class 2 5766 Mediation Arbitration.doc,document,62464,1KE-XF1Oo6xTl8lS_fLEokNUVVdMF_-Jf,application/msword,2,downloaded,2025-11-09T05:06:47.619489,
366,/Shlichus Programing/Adult Education/Law n Lunch,Law N' Lunch -Class 5 5765  Proff. Conf. Handout.doc,document,29696,1dxlbTjvSdsve4myx1XUlEK8Q6ySezuN3,application/msword,2,downloaded,2025-11-09T05:06:48.218489,
367,/Shlichus Programing/Adult Education/Law n Lunch,Law N Lunch - professional confidentiality.doc,document,65536,1M1sjyPdAHW4uTtUSgP0n1NuR_8AaYq7E,application/msword,2,downloaded,2025-11-09T05:06:48.951260,
368,/Shlichus Programing/Adult Education/Law n Lunch,law N Lunch - 1 5766-67.doc,document,60416,1DBor7ttMEt09w3ClHe_kePj8gRpRr1bX,application/msword,2,downloaded,2025-11-09T05:06:50.201337,
369,/Shlichus Programing/Adult Education/Law n Lunch,law N Lunch - 1 5766-67 handout.doc,document,30720,1DWnf__FVlOcw7cjjHoOJ8JXOlQ6Gbtqj,application/msword,2,downloaded,2025-11-09T05:06:50.903337,
370,/Shlichus Programing/Adult Education/Law n Lunch,law N Lunch - chometz sale- handout.doc,document,33280,1HvMlgXWsxGx7ZfWhs0icWOqCEgLZGINK,application/msword,2,downloaded,2025-11-09T05:06:51.408508,
371,/Shlichus Programing/Adult Education/Law n Lunch,Law N Lunch - Selling Chametz.doc,document,60416,1xBX1hengCCNft90b-jENmupXJcc0S4bN,application/msword,2,downloaded,2025-11-09T05:06:51.833509,
372,/Shlichus Programing/Adult Education/Law n Lunch,Law n Lunch Class 1 5766 Hand-out Stealing To Save A Life.doc,document,50176,159alpe8vq8IFnyxV72RLoYjwb-Gks24v,application/msword,2,downloaded,2025-11-09T05:06:52.277529,
373,/Shlichus Programing/Adult Education/Law n Lunch,Law n Lunch Class 1 5766 Stealing To Save A Life.doc,document,155136,1951uUFfl6q65_C2GQAfLX4HeB5jiV9TL,application/msword,2,downloaded,2025-11-09T05:06:53.234756,
374,/Shlichus Programing/Adult Education/Law n Lunch,Law N Lunch - Stumbling Block Hand-Out.doc,document,29184,1DEQfyrdWQjbf3dLvTEflPHWdZBNNlBsT,application/msword,2,downloaded,2025-11-09T05:06:53.835864,
375,/Shlichus Programing/Adult Education/Law n Lunch,Law N Lunch - Stumbling Block.doc,document,36864,1GT0tZ8q0-f1q8cfIkQLthLAtInTBoIMe,application/msword,2,downloaded,2025-11-09T05:06:54.648387,
376,/Shlichus Programing/Adult Education/Law n Lunch,Law N Lunch- Jewish values & business Handout.doc,document,39424,1Mlv1XnVZ0h0eaWrMf8l_5uyc6IGUThW9,application/msword,2,downloaded,2025-11-09T05:06:55.587589,
377,/Shlichus Programing/Adult Education/Law n Lunch,Law N Lunch Jewish values & business.doc,document,52224,1KZ_bYthFHLV5Jia7KstkOuACdAwPaKkj,application/msword,2,downloaded,2025-11-09T05:06:56.177977,
378,/Shlichus Programing/Adult Education/Law n Lunch,Suicide_ThinkJewish.doc,document,43008,1Go4JMTuxN3m22Z0RsX5J5T55WqVJm2Ix,application/msword,2,downloaded,2025-11-09T05:06:56.629978,
379,/Shlichus Programing/Adult Education/Law n Lunch,GunControl_outline.docx,document,13855,1LAIHEFmC80UJ9M6wwJBS2VYx6n-XSLbJ,application/vnd.openxmlformats-officedocument.wordprocessingml.document,2,downloaded,2025-11-09T05:06:57.353979,
380,/Shlichus Programing/Adult Education/Law n Lunch,PrisonReform.zip,other,386015,1HXBi2uKflNKD7dcHIjBghmZtUj6IdDSd,application/x-zip-compressed,2,downloaded,2025-11-09T05:06:59.105978,
381,/Shlichus Programing/Adult Education/History/Course on Historical Figures,Yehudah Hanasi Handout.doc,document,39424,1SjEzaEyW2vgN8mRtzC6lcivTvb3_97gb,application/msword,2,downloaded,2025-11-09T05:06:59.753983,
382,/Shlichus Programing/Adult Education/History/Course on Historical Figures,Ruth Handout.doc,document,39936,1MPhQ340gLKew2g-QxE_9-xkClCwqudwi,application/msword,2,downloaded,2025-11-09T05:07:00.402976,
383,/Shlichus Programing/Adult Education/History/Course on Historical Figures,Ramban  Handout.doc,document,32256,1z-dDn9r5D2krfy7uVT942yfadjZfzp5s,application/msword,2,downloaded,2025-11-09T05:07:00.905977,
384,/Shlichus Programing/Adult Education/History/Course on Historical Figures,Hillel Handout.doc,document,38912,1273fvWnSVPyEMls82_5qx7mU4Usv3Nxg,application/msword,2,downloaded,2025-11-09T05:07:01.513978,
385,/Shlichus Programing/Adult Education/History/Course on Historical Figures,Course Syllabus.doc,document,26624,1i18sBmMQUsPaZSf2p93lnXXGIN5lvXL-,application/msword,2,downloaded,2025-11-09T05:07:02.086997,
386,/Shlichus Programing/Adult Education/History/History Through the Texts,History - Kaballah.doc,document,31744,1t-V4S5drxFeM9H7Eva5bCeucGULZn0Lr,application/msword,2,downloaded,2025-11-09T05:07:03.212016,
387,/Shlichus Programing/Adult Education/History/History Through the Texts,History - Halachah.doc,document,45568,17tkVTRJ6KjJ7FclwlT8DUbVbjgFGH8cn,application/msword,2,downloaded,2025-11-09T05:07:04.004016,
388,/Shlichus Programing/Adult Education/History/History Through the Texts,History - Written Law.doc,document,34816,1r2J0FT_xtCB8c7mUYb-LXVoVDLXL82Yh,application/msword,2,downloaded,2025-11-09T05:07:04.790015,
389,/Shlichus Programing/Adult Education/History/History Through the Texts,History - Oral Law.doc,document,34304,1VqliLMBKAh2BsufexlZfbbkJpBeUeWpb,application/msword,2,downloaded,2025-11-09T05:07:05.671017,
390,/Shlichus Programing/Adult Education/History/The Mystical Tradition Class Series,Hasidic dynasties chart.docx,document,538010,130EottmrA-7czx0zyDofhWhRPdQskT_M,application/vnd.openxmlformats-officedocument.wordprocessingml.document,2,downloaded,2025-11-09T05:07:08.122013,
391,/Shlichus Programing/Adult Education/History/The Mystical Tradition Class Series,pre chassidisim overview.docx,document,31395,1HYHUOHlIMzyMK6muRq2S_x6_Taj-R457,application/vnd.openxmlformats-officedocument.wordprocessingml.document,2,downloaded,2025-11-09T05:07:08.905013,
392,/Shlichus Programing/Adult Education/History/The Mystical Tradition Class Series,sefad greats.docx,document,62686,1UcejmUKsw6oQmwvCIY8WZ4kYKrT9T8bo,application/vnd.openxmlformats-officedocument.wordprocessingml.document,2,downloaded,2025-11-09T05:07:09.885013,
393,/Shlichus Programing/Adult Education/History/The Mystical Tradition Class Series,Rabbi Shimon Bar Yochai bio.docx,document,21070,1UD4y4R_KbJbbS7XGPZtyqpRvC64kVzNI,application/vnd.openxmlformats-officedocument.wordprocessingml.document,2,downloaded,2025-11-09T05:07:11.745187,
394,/Shlichus Programing/Adult Education/History/The Mystical Tradition Class Series,miller on The Zohar.docx,document,47813,1ZlJjSFgntA7X816iMAF5CvY8FXjojsgq,application/vnd.openxmlformats-officedocument.wordprocessingml.document,2,downloaded,2025-11-09T05:07:12.511079,
395,/Shlichus Programing/Adult Education/History/The Mystical Tradition Class Series,timeframe3.docx,document,29526,1P8eEZfoBwNN2TzwM1cUDGMgokTQZlFlR,application/vnd.openxmlformats-officedocument.wordprocessingml.document,2,downloaded,2025-11-09T05:07:13.476079,
396,/Shlichus Programing/Adult Education/History/The Mystical Tradition Class Series,TIMEFRAME2.docx,document,18684,10KKhrJaOydFzGFyaMdh_lkZRBS8kYYZU,application/vnd.openxmlformats-officedocument.wordprocessingml.document,2,downloaded,2025-11-09T05:07:14.242080,
397,/Shlichus Programing/Adult Education/History/The Mystical Tradition Class Series,TIMEFRAMEfinal.docx,document,90861,12N7o0Xe46b1oqx7LMreaxaoeXl_jmGxM,application/vnd.openxmlformats-officedocument.wordprocessingml.document,2,downloaded,2025-11-09T05:07:15.202596,
398,/Shlichus Programing/Adult Education/History/The Mystical Tradition Class Series,chasidus handout.docx,document,836598,1MKIaEdsdCAeuSg5JKUq-FOjomDw3TRmZ,application/vnd.openxmlformats-officedocument.wordprocessingml.document,2,downloaded,2025-11-09T05:07:16.128599,
399,/Shlichus Programing/Adult Education/History/The Mystical Tradition Class Series,handout for sefad greats.docx,document,46190,1wEHwEWG9mlp2k5cfYPsb4stRd-PJclyq,application/vnd.openxmlformats-officedocument.wordprocessingml.document,2,downloaded,2025-11-09T05:07:16.933602,
400,/Shlichus Programing/Adult Education/History/The Mystical Tradition Class Series,handout for rishonim.docx,document,1078855,1hty2SnYDIonWjYwsDnqHpztQdXocl2eZ,application/vnd.openxmlformats-officedocument.wordprocessingml.document,2,downloaded,2025-11-09T05:07:17.978602,
401,/Shlichus Programing/Adult Education/History/The Mystical Tradition Class Series,handout yetzira bahir zohar.docx,document,98285,1M5aaB4kbSjPxZkv9SheCNfaOddA2mkBN,application/vnd.openxmlformats-officedocument.wordprocessingml.document,2,downloaded,2025-11-09T05:07:18.707598,
402,/Shlichus Programing/Adult Education/History/The Mystical Tradition Class Series,handout torah & Talmud.docx,document,119740,1MruEeVDrqsTx48m52tsPly7xJduiuHIq,application/vnd.openxmlformats-officedocument.wordprocessingml.document,2,downloaded,2025-11-09T05:07:19.496773,
403,"/Shlichus Programing/Adult Education/History/Wasn't it Forbidden for G-d to Destroy the Temple?  vol. 29, pp. 9-17",Forbidden+to+Destroy+Temple.pub,other,117248,1q6jXwlnB9JsuRTbKPPqVh1ft_xfxyFXU,application/vnd.ms-publisher,2,downloaded,2025-11-09T05:07:20.199078,
404,"/Shlichus Programing/Adult Education/History/Wasn't it Forbidden for G-d to Destroy the Temple?  vol. 29, pp. 9-17",Forbidden to Destroy Temple.pdf,document,461028,1tO0Iz_ACMdGMj0jhE65wQwAT_NBHmYA-,application/pdf,2,downloaded,2025-11-09T05:07:21.122441,
405,/Shlichus Programing/Adult Education/History,judasim_and_christianity.doc,document,33280,19PXA2vHVG76QZ-6GgTP2kCNeKI3uT7JO,application/msword,2,downloaded,2025-11-09T05:07:21.833491,
406,/Shlichus Programing/Adult Education/History,6000 years of History.ppt,other,1151488,1eBd8iMiCc5m64NJTfWP9oYWyHUUeQr9y,application/vnd.ms-powerpoint,2,downloaded,2025-11-09T05:07:23.287594,
407,/Shlichus Programing/Adult Education/History,7000 years history chart.xls,spreadsheet,20480,1AMecLU04E3_bWvr4tnQX9VEdMBysU2kb,application/vnd.ms-excel,2,downloaded,2025-11-09T05:07:23.870097,
408,/Shlichus Programing/Adult Education/History,Jewish History Spain.ppt,other,1708032,1GSvpC_S90jeDBhxFdOsKKyuYmnKTLQD7,application/vnd.ms-powerpoint,2,downloaded,2025-11-09T05:07:24.698153,
409,/Shlichus Programing/Adult Education/History,Israel the History the Wars the Laws.docx,document,214110,1ymeReBmRdHJbQ-8UUWWR5yOgxOUNdnYI,application/vnd.openxmlformats-officedocument.wordprocessingml.document,2,downloaded,2025-11-09T05:07:26.585152,
410,/Shlichus Programing/Adult Education/History,AMOS INFO.doc,document,77312,1FB9ptN4o_eh3MQjBofDLz9o55tO4Z9y_,application/msword,2,downloaded,2025-11-09T05:07:27.494289,
411,/Shlichus Programing/Adult Education/History,True Torah.docx,document,27037,1v33-Fz-sMwkW0cxJmkeVmILEhcycG04M,application/vnd.openxmlformats-officedocument.wordprocessingml.document,2,downloaded,2025-11-09T05:07:28.523841,
412,/Shlichus Programing/Adult Education/History,True Torah.pptx,other,4400700,1WIwRH_leP43TOexiu2pYpg-wWYn9NRsl,application/vnd.openxmlformats-officedocument.presentationml.presentation,2,downloaded,2025-11-09T05:07:30.931235,
413,/Shlichus Programing/Adult Education/History,History Class - David HaMelech To The Ten Lost Tribes.docx,document,45413,17_EuFMWjK9a6TM18FWzYgeYLxmXV04wA,application/vnd.openxmlformats-officedocument.wordprocessingml.document,2,downloaded,2025-11-09T05:07:32.041599,
414,/Shlichus Programing/Adult Education/History/ Class on Ezra and the Change in Hebrew Script and Alphabet,ezra notes.doc,document,44032,1UK8Z4netnZ2TQvrQ4hzekQHwudDau1X5,application/msword,2,downloaded,2025-11-09T05:07:32.711973,
415,/Shlichus Programing/Adult Education/History/ Class on Ezra and the Change in Hebrew Script and Alphabet,ezra class handout.doc,document,169472,1CfwhIP3Ur-hI86xY5XTSoKo4CZLFxmI5,application/msword,2,downloaded,2025-11-09T05:07:33.827487,
416,/Shlichus Programing/Adult Education/History/ Class on Ezra and the Change in Hebrew Script and Alphabet,ezra class articles.pdf,document,6171605,1s2QubRSZfWoF3prmIUHxYfNCIwOcMdhg,application/pdf,2,downloaded,2025-11-09T05:07:36.683972,
417,/Shlichus Programing/Adult Education,Amazing Gematriya and Remazim.docx,document,45984,1aI0qIMr10LJ6OwWsLhlDSFqOdHC9ioqj,application/vnd.openxmlformats-officedocument.wordprocessingml.document,2,downloaded,2025-11-09T05:07:37.442970,
418,/Shlichus Programing/Adult Education/Medical & Halacha,Shiur notes for organ transplants (UChicago Brackman).doc,document,53760,1HQRfp_ozOP083D_wchibq27exFx2Y1u8,application/msword,2,downloaded,2025-11-09T05:07:38.031042,
419,/Shlichus Programing/Adult Education/Medical & Halacha,Med n munch - class1 HandOut.doc,document,29184,10GU11odzkLOsNPGqMxNR_fpfF3__q-eS,application/msword,2,downloaded,2025-11-09T05:07:38.512042,
420,/Shlichus Programing/Adult Education/Medical & Halacha,Med n munch - class1 Teacher.doc,document,58368,1mcNMtgASHhrZ9LNcFiGx4wHQlH5QBwUw,application/msword,2,downloaded,2025-11-09T05:07:39.392041,
421,/Shlichus Programing/Adult Education/Medical & Halacha,Med n munch - class #1 5767 handout.doc,document,28672,1e5usAazeOK3sHWnP8FMFP7ZPdSICGtms,application/msword,2,downloaded,2025-11-09T05:07:40.047039,
422,/Shlichus Programing/Adult Education/Medical & Halacha,Med n munch - Class#1 5767.doc,document,46592,1HJyDyRVtMjRet8R29hp8SYCGX0pvUjdB,application/msword,2,downloaded,2025-11-09T05:07:40.581683,
423,/Shlichus Programing/Adult Education/Medical & Halacha,Med n Munch 5766 - Handout Euthanasia.doc,document,30720,1TsZz7qv8YQggsxrg9tCHlGzCUHw99uJP,application/msword,2,downloaded,2025-11-09T05:07:41.385681,
424,/Shlichus Programing/Adult Education/Medical & Halacha,Med n munch - 5766 brain death controversy.doc,document,56832,1pJB7hmgEZ9WtEqEldqFpQBz9Zg3IZXvq,application/msword,2,downloaded,2025-11-09T05:07:42.117948,
425,/Shlichus Programing/Adult Education/Medical & Halacha,Med n munch - Immunizations Handout.doc,document,27648,1lzF9JK4AxVzsQzlAz2L1kC9jN2T5IVI0,application/msword,2,downloaded,2025-11-09T05:07:42.840284,
426,/Shlichus Programing/Adult Education/Medical & Halacha,Med N Munch - Immunizations 2006.doc,document,57344,1gLiPbcZPONjBeuQ_6d5N8iqpRyTtatNt,application/msword,2,downloaded,2025-11-09T05:07:43.358990,
427,/Shlichus Programing/Adult Education/Medical & Halacha,Med N Munch - medical experiments source sheet.doc,document,29696,16e0tD9nc6MmnDcioa8hh3SD7Zeg7hRww,application/msword,2,downloaded,2025-11-09T05:07:44.011764,
428,/Shlichus Programing/Adult Education/Medical & Halacha,Med N Munch - Medical experiments.doc,document,76800,1ffK45uikBurDFkfW2WD_kJaVBkB8s9Ls,application/msword,2,downloaded,2025-11-09T05:07:45.419468,
429,/Shlichus Programing/Adult Education/Medical & Halacha,Med N Munch - Organ donation source sheet.doc,document,28672,13JONFz8OOwQqU_a-OpI3C-3hz5J8DN63,application/msword,2,downloaded,2025-11-09T05:07:46.358212,
430,/Shlichus Programing/Adult Education/Medical & Halacha,Med N Munch - organ donation.doc,document,61952,11c4azqnC20zCqclMCvMVv81HlB0ryyXW,application/msword,2,downloaded,2025-11-09T05:07:46.883714,
431,/Shlichus Programing/Adult Education/Medical & Halacha,Med N Munch-  Proff. Conf. Handout.doc,document,32768,1HLMwMCZokH89vGFFZj7mj6ssE6GBPVlZ,application/msword,2,downloaded,2025-11-09T05:07:47.382667,
432,/Shlichus Programing/Adult Education/Medical & Halacha,Med N Munch - Professional confidentiality.doc,document,46080,1PCeQ1Cral1FmAMwZA7BZPGe7DiL9fQDj,application/msword,2,downloaded,2025-11-09T05:07:48.887171,
433,/Shlichus Programing/Adult Education/Medical & Halacha,Med N Munch - Stumbling Block Hand-Out (1).doc,document,29696,14VksNXiu4-PBMtJURLkm6DHOdjIxw4le,application/msword,2,downloaded,2025-11-09T05:07:49.738431,
434,/Shlichus Programing/Adult Education/Medical & Halacha,Med N Munch - Stumbling Block (1).doc,document,35328,1AVMiNxqCdwJyXUBDUdLC8tfZdqPe9D8x,application/msword,2,downloaded,2025-11-09T05:07:50.416435,
435,/Shlichus Programing/Adult Education/Medical & Halacha,Med n munch - aids 2006 handout.doc,document,29696,1ymbFJHPkEOkDmTH39NWaIo6_majS0PLq,application/msword,2,downloaded,2025-11-09T05:07:51.589960,
436,/Shlichus Programing/Adult Education/Medical & Halacha,Med n munch - aids 2006.doc,document,53760,1EPJIWnd8AdXYZhLxPzkFQeSxNjIt5bkx,application/msword,2,downloaded,2025-11-09T05:07:52.364803,
437,/Shlichus Programing/Adult Education/Medical & Halacha,Med n munch - Class#2 5767 Handout.doc,document,32256,1xdHG16yN-51814nluVyYvg6QQDAp4QPC,application/msword,2,downloaded,2025-11-09T05:07:52.940798,
438,/Shlichus Programing/Adult Education/Medical & Halacha,Med n munch - Class#2 5767.doc,document,49152,1aNYh_9LQSNqTIUfAPVdAgLxrTc-DBsmd,application/msword,2,downloaded,2025-11-09T05:07:53.697195,
439,/Shlichus Programing/Adult Education/Medical & Halacha,euthanasia (1).pdf,document,262712,1GQDfQMqzqbthGMAyroqJ82jozQ-dCrVi,application/pdf,2,downloaded,2025-11-09T05:07:54.502743,
440,/Shlichus Programing/Adult Education/Medical & Halacha,Hospice Talk - Q & A - 2530.pub,other,64000,1lFX15ehprE011G10aIlfSSKNfhGTDXrp,application/vnd.ms-publisher,2,downloaded,2025-11-09T05:07:55.325054,
441,/Shlichus Programing/Adult Education/Medical & Halacha,Hospice Care Talk Outline - 2530.doc,document,27136,1lLwdSQqgOj644NO8j45EVrAOIrGR_Cxc,application/msword,2,downloaded,2025-11-09T05:07:56.044756,
442,/Shlichus Programing/Adult Education/Medical & Halacha,Invocation For Medical Meeting 2 - 18975.docx,document,12764,1Mqf3p5itiOS9uS3RoM1Su0rI0lx3DUIB,application/vnd.openxmlformats-officedocument.wordprocessingml.document,2,downloaded,2025-11-09T05:07:56.960904,
443,/Shlichus Programing/Adult Education/Medical & Halacha,Invocation For Medical Meeting 1 - 18975.docx,document,13933,1YUndkVJSoUfKLwRrjWcv60vWn1GJ7Iox,application/vnd.openxmlformats-officedocument.wordprocessingml.document,2,downloaded,2025-11-09T05:07:57.654895,
444,/Shlichus Programing/Adult Education/Medical & Halacha,Med N Munch - Stumbling Block.doc,document,35328,1i0fQkpo9Up6_fI0EnNwFWpr2DNa8Gpns,application/msword,2,downloaded,2025-11-09T05:07:58.053896,
445,/Shlichus Programing/Adult Education/Medical & Halacha,Med N Munch - Stumbling Block Hand-Out.doc,document,29696,11jkrYpuYggCDt5wuaVQDwE_tkUUUuCcj,application/msword,2,downloaded,2025-11-09T05:07:58.659400,
446,/Shlichus Programing/Adult Education/Medical & Halacha,euthanasia.pdf,document,262712,12-BWMKw0tsbPtwIG0W-cM2MXBeu76wsF,application/pdf,2,downloaded,2025-11-09T05:07:59.247400,
447,/Shlichus Programing/Adult Education/Prayers/Class Series on Prayer-Brochos,Class on Prayer 5.doc,document,104448,1qhYtQCDfS4gr4OLRHPt6PYyWQzUUf6xQ,application/msword,2,downloaded,2025-11-09T05:08:00.272810,
448,/Shlichus Programing/Adult Education/Prayers/Class Series on Prayer-Brochos,Class on Prayer 4 - next 7 blessings.doc,document,58368,1wZjzvLWmgUpb8Swy1AHYdN55BqjLO3pZ,application/msword,2,downloaded,2025-11-09T05:08:01.477152,
449,/Shlichus Programing/Adult Education/Prayers/Class Series on Prayer-Brochos,class on prayer 3 - hanosein lasechvi.doc,document,52224,1JGdj6mgVVX4936U_1HW_0CIDlZBmt69N,application/msword,2,downloaded,2025-11-09T05:08:02.290648,
450,/Shlichus Programing/Adult Education/Prayers/Class Series on Prayer-Brochos,class on prayer 2 - little neshomale song.docx,document,12817,1tazl0_1a2TLSnPe_sqRLmkKbr6ljP56D,application/vnd.openxmlformats-officedocument.wordprocessingml.document,2,downloaded,2025-11-09T05:08:02.862714,
451,/Shlichus Programing/Adult Education/Prayers/Class Series on Prayer-Brochos,class on prayer 2 - asher yatzar - elokai neshoma.doc,document,54784,13et3uoYpegfMT7-VCWzHVcX9nM-pLnYj,application/msword,2,downloaded,2025-11-09T05:08:03.735269,
452,/Shlichus Programing/Adult Education/Prayers/Class Series on Prayer-Brochos,class on prayer 1 - modeh ani - al netilat yadayim.doc,document,62976,1Mon418GLwDRqWuMJ9S9I2pR5Ci0DeNZx,application/msword,2,downloaded,2025-11-09T05:08:04.307238,
453,/Shlichus Programing/Adult Education/Prayers/Class Series on Prayer-Brochos,class on intro to prayer - part II.doc,document,59904,1sDZ2_XCi6wx4nV2IrJ9cpBwzoMqjmzDx,application/msword,2,downloaded,2025-11-09T05:08:04.919006,
454,/Shlichus Programing/Adult Education/Prayers/Class Series on Prayer-Brochos,Class on Intro to prayer.doc,document,46592,1PcHG-TRtFLpV3CX0G6gggwJ2keXyKiHd,application/msword,2,downloaded,2025-11-09T05:08:05.762862,
455,/Shlichus Programing/Adult Education/Prayers,Lunch and Learn - Prayer # 1.doc,document,53760,14JFinmGXQqR9DWFZBcEg-i4iTr5ie51S,application/msword,2,downloaded,2025-11-09T05:08:06.317307,
456,/Shlichus Programing/Adult Education/Prayers,Prayers & Meditations for Healing.docx,document,18115,11rahg-zdfzt_MgPyALh10uoAs4TaZQF3,application/vnd.openxmlformats-officedocument.wordprocessingml.document,2,downloaded,2025-11-09T05:08:06.939541,
457,/Shlichus Programing/Adult Education/Prayers,Tehillim class.pub,other,145920,1wsk1V4O1nRoJvc3tpAeqnfG_8sVjyZ7A,application/vnd.ms-publisher,2,downloaded,2025-11-09T05:08:08.389763,
458,/Shlichus Programing/Adult Education/Prayers,Twelve Names.doc,document,63488,14TEYrVA76yddngcWElSHGQq7VWihbESH,application/msword,2,downloaded,2025-11-09T05:08:09.348458,
459,/Shlichus Programing/Adult Education/Prayers,TORAH MATTERS On the scientifcally proven power of prayer sources.docx,document,53255,11LoyK-3w4cBKDB45s08JNUo-jyTesbhS,application/vnd.openxmlformats-officedocument.wordprocessingml.document,2,downloaded,2025-11-09T05:08:09.860457,
460,/Shlichus Programing/Adult Education/Prayers,Davening with a minyan.doc,document,81408,16nqlrCPI669ZHdBY4ww2zObYoeeydbd5,application/msword,2,downloaded,2025-11-09T05:08:10.573621,
461,/Shlichus Programing/Adult Education/Prayers,Shaḥarit-Morning-Nusaḥ-Ha-Ari-ḤaBaD.odt,document,165540,1FVTD8NmQxdr5jwi_uXZpbmcB2Jfs-cc-,application/vnd.oasis.opendocument.text,2,downloaded,2025-11-09T05:08:11.386582,
462,/Shlichus Programing/Adult Education/Prayers,Shiur on Tehillim  - Teachers Notes.docx,document,41879,18SJ33luzhhI6kHPi7z914gCUEF0Cy0ex,application/vnd.openxmlformats-officedocument.wordprocessingml.document,2,downloaded,2025-11-09T05:08:12.285768,
463,/Shlichus Programing/Adult Education/Prayers/prayers series,Course Intro.doc,document,20992,1psClR8GJZxUUWtu2jGkDl7EYJqBeR4cb,application/msword,2,downloaded,2025-11-09T05:08:12.887281,
464,/Shlichus Programing/Adult Education/Prayers/prayers series,"Class 2: Language of Prayer, Kavana.doc",document,37376,1kaIpbqfBUcncNeJ1IJidA8OBebeapCvk,application/msword,2,downloaded,2025-11-09T05:08:13.754051,
465,/Shlichus Programing/Adult Education/Prayers/prayers series/Class 3: What is Prayer,Class 3: What is Prayer/Why Pray?.doc,document,26624,16UkQbkDRvC3Ch6qStFAmuJKcqWD8OwXe,application/msword,2,downloaded,2025-11-09T05:08:14.276750,
466,/Shlichus Programing/Adult Education/Prayers/prayers series,"Class 5: Structure of Prayer, Preparing for Prayer, The Morning Blessings.doc",document,44544,1hJFDVF3GpXUPoro_a-mlVXcx5L9CCktV,application/msword,2,downloaded,2025-11-09T05:08:15.115017,
467,/Shlichus Programing/Adult Education/Prayers/prayers series,Ladder of prayer.pdf,document,6458566,1NZcsMgq3kous6xAgFJaQLbBokS-igzV3,application/pdf,2,downloaded,2025-11-09T05:08:20.194705,
468,/Shlichus Programing/Adult Education/Prayers/prayers series,Guide to the Shabbat prayer service.doc,document,26624,1j-GS1rtEOSRqDlMlyaybJvEF-fHT_D1v,application/msword,2,downloaded,2025-11-09T05:08:21.479869,
469,/Shlichus Programing/Adult Education/Prayers/prayers series,Class 4: What do our Prayers Accomplish?,document,34816,1_0GwjFMhKtR7y2sM6oaynbV4KclUyh9F,application/msword,2,downloaded,2025-11-09T05:08:22.555154,
470,/Shlichus Programing/Adult Education/Prayers/prayers series,Class 1: In the Begining.doc,document,28160,16T-W87Y9ZGCKKzPxiwiWd4nFgUZ-n8jA,application/msword,2,downloaded,2025-11-09T05:08:23.004255,
471,/Shlichus Programing/Adult Education/Prayers/prayers series,Class 9 prayer-Ma Tovu- Adon Olam.doc,document,22528,1QSQ8cjjSBBIYEj-iKKEtYNzyDy3QqP2t,application/msword,2,downloaded,2025-11-09T05:08:23.634591,
472,/Shlichus Programing/Adult Education/Prayers/prayers series,Class 8 prayer (morning blessings part 3).doc,document,24576,1Q3fSZT1F1mba0ZBqltDJhA93L-481K9d,application/msword,2,downloaded,2025-11-09T05:08:25.259634,
473,/Shlichus Programing/Adult Education/Prayers/prayers series,Class 6 and 7 The Morning Blessings.doc,document,31232,136qAjuh-4VhEl2ULHrIB3_jcuHMmFuSu,application/msword,2,downloaded,2025-11-09T05:08:25.927644,
474,/Shlichus Programing/Adult Education/Prayers/prayers series,Class 11 prayer-shema part 1.doc,document,35840,14_bujUvXhhXgbcVOOvNDMzsYxfeaxZfo,application/msword,2,downloaded,2025-11-09T05:08:27.097387,
475,/Shlichus Programing/Adult Education/Prayers/prayers series,Class 12 Prayer-Amidah Part 1.doc,document,28672,1Iq7Qpm1FFue609E2xYIsrj9d23ImCXgF,application/msword,2,downloaded,2025-11-09T05:08:27.647171,
476,/Shlichus Programing/Adult Education/Prayers/prayers series,Class 12 Amidah part 2.doc,document,26112,1dHb5Wm6l0eRJWqxYnOf3HfKkzvdGGPE4,application/msword,2,downloaded,2025-11-09T05:08:28.378982,
477,/Shlichus Programing/Adult Education/Prayers/prayers series,Class 10 Pesukai Dizimrah.doc,document,24064,1YJO8nKF6UB5tPZtKrseVp33Kizqvjawz,application/msword,2,downloaded,2025-11-09T05:08:29.420234,
478,/Shlichus Programing/Adult Education/Prayers/Amida,Amida+Shiur.cdr,image,918324,1BZ2UpJQMLNIZPPZuSrmKjJpvkPsnFdCT,image/x-coreldraw,2,downloaded,2025-11-09T05:08:30.277562,
479,/Shlichus Programing/Adult Education/Prayers/Amida,Amida Shiur Student's Guide 3.docx,document,20348,1k7J67ERG_gh84fOixhtPosyXiw1G-mWe,application/vnd.openxmlformats-officedocument.wordprocessingml.document,2,downloaded,2025-11-09T05:08:30.980519,
480,/Shlichus Programing/Adult Education/Prayers/Amida,Amida Shiur Teacher's Guide 3.docx,document,24019,1wrxPRqk-1LyDstN8fim491ERpGs1c7qf,application/vnd.openxmlformats-officedocument.wordprocessingml.document,2,downloaded,2025-11-09T05:08:32.170990,
481,/Shlichus Programing/Adult Education/Prayers/Amida,Amida Shiur Student's Guide 2.docx,document,26246,1YLc_hmjkD-S0W8IJxT-zoi6itgEPSm9x,application/vnd.openxmlformats-officedocument.wordprocessingml.document,2,downloaded,2025-11-09T05:08:32.961263,
482,/Shlichus Programing/Adult Education/Prayers/Amida,Amida Shiur Teacher's Guide 2.docx,document,30925,1_w8YcJlrepuDw9UszQaKROI20NDjF12A,application/vnd.openxmlformats-officedocument.wordprocessingml.document,2,downloaded,2025-11-09T05:08:33.572891,
483,/Shlichus Programing/Adult Education/Prayers/Amida,Amida Shiur Student's Guide 1.docx,document,25483,1o00rMRJG5WBprhIzrmJjRECw_zzaWojm,application/vnd.openxmlformats-officedocument.wordprocessingml.document,2,downloaded,2025-11-09T05:08:34.467740,
484,/Shlichus Programing/Adult Education/Prayers/Amida,Amida Shiur Teachers's Guide 1.docx,document,89939,1N5ugQhuaDNppsXM1cZYrzr-u8eVHkwc8,application/vnd.openxmlformats-officedocument.wordprocessingml.document,2,downloaded,2025-11-09T05:08:35.121128,
485,/Shlichus Programing/Adult Education/Hebrew Reading,how to teach aleph bies in Movo Likriya.docx,document,14368,1CfqlHeSzjIfA6cYsaMDnuEkDZgNOFq4Y,application/vnd.openxmlformats-officedocument.wordprocessingml.document,2,downloaded,2025-11-09T05:08:35.725131,
486,/Shlichus Programing/Adult Education/Hebrew Reading,Hebew Reading,google_doc,1024,11K0BEcQz9AMeanmkp04SwII4pNv45y9vvpbNr6NfJCg,application/vnd.google-apps.document,2,downloaded,2025-11-09T05:08:36.418844,
487,/Shlichus Programing/Adult Education/Hebrew Reading,Alef Bet Chart no english.pdf,document,21781,1fMdeW5Bm66gRqxRoEadJEZ3ZNKkLqKzX,application/pdf,2,downloaded,2025-11-09T05:08:37.134364,
488,/Shlichus Programing/Adult Education/Hebrew Reading,Alef Bais hints for Hebrew school.doc,document,52736,1esZSzu6NrGmgah5abX8zuiFtW5eEYZA7,application/msword,2,downloaded,2025-11-09T05:08:37.884364,
489,/Shlichus Programing/Adult Education/Hebrew Reading,Alef Bet Chart w hebrew.pdf,document,32368,1xquFtFymC4Tw1rMgwIPnwGU1sJ3YFO22,application/pdf,2,downloaded,2025-11-09T05:08:39.896936,
490,/Shlichus Programing/Adult Education/Hebrew Reading,Alef+Bet+Chart.pdf,document,31775,1drtG9uEVSdqHQPFXLkKGn3LyrnoN5TOn,application/pdf,2,downloaded,2025-11-09T05:08:40.471901,
491,/,Programing for the more Spiritual Crowd,google_doc,2102,1QAB5YghWGz_Fk2JPrkpkdsdS4BfKVBlLZsK68A4Lv7g,application/vnd.google-apps.document,2,downloaded,2025-11-09T05:08:41.193621,
492,/,Kitchen Shortcut Hacks.docx,document,14277,1WZGnVsqx_wBfRf14CxfwvLS_2iLjSD-R,application/vnd.openxmlformats-officedocument.wordprocessingml.document,2,downloaded,2025-11-09T05:08:42.181627,
493,/,questions ,google_doc,3427,1lAyrAMEoRl1F7SLMDDYTdDxjWEMQr8ywtrmn5GBkL7Q,application/vnd.google-apps.document,2,downloaded,2025-11-09T05:08:42.967383,
494,/,List of thought questions to use at table or get to know you.docx,document,495458,1ZjHM_OaFSujzykUCVukFBrvxM1P3Jumr,application/vnd.openxmlformats-officedocument.wordprocessingml.document,2,downloaded,2025-11-09T05:08:44.124056,
495,/,Fruit Personality test.docx,document,138365,1hrFc2XH7Sofwrh2GpP9l7Y8QCUzQ7R2b,application/vnd.openxmlformats-officedocument.wordprocessingml.document,2,downloaded,2025-11-09T05:08:44.933813,
496,/,Tips on Preparing Women's Shiur(1)-1.pdf,document,359426,1eUaXpa40ccMd__p0uQETUd20fJCBrgBP,application/pdf,2,downloaded,2025-11-09T05:08:45.586997,
497,/,The 7 Habits Handbook.pdf,document,5057813,1vbZKknU7_Uu-ultIq6c_K4F2a1lTD1UE,application/pdf,2,downloaded,2025-11-09T05:08:50.764020,
498,/,Rabbi Perl Guide for Caregivers.pdf,document,12814137,1XL1fKHmQKk3cDfasLXw-tedqIuaZ0xeu,application/pdf,2,downloaded,2025-11-09T05:08:59.407937,
499,/,Lines when a woman wants to shake your hand,google_doc,5206,1SGd0cN9KO87mOWR4UDaosjcnqSUEJ44kRghfYnPIG94,application/vnd.google-apps.document,2,downloaded,2025-11-09T05:09:00.187666,
500,/,Copy of Canva links,google_doc,5444,10IPJ7QH1P5qs0iZhpfwtFE6rshDDrmUfOEap1JgZuME,application/vnd.google-apps.document,2,downloaded,2025-11-09T05:09:00.973667,
501,/,Topics for Shluchim Forum,google_sheet,5036,10aE1BaXDazmqd3pA0T4pSX6A_sE7KFAt9Pj5nGp1C14,application/vnd.google-apps.spreadsheet,2,downloaded,2025-11-09T05:09:02.472333,
502,/,Convienient app for Shluchim,google_doc,1024,1s-ob16F7HsnywJBPjJQd234nW3g82qwsZTgpYTbIzLg,application/vnd.google-apps.document,2,downloaded,2025-11-09T05:09:03.266192,
503,/Mosad Management,Grants,google_doc,2660,1PACafKEICHOoHo-F8cZ3gFjRXPCkyuKxOmOdVyfiTqE,application/vnd.google-apps.document,2,downloaded,2025-11-09T05:09:04.142494,
504,/Mosad Management,Virtual assistant,google_doc,1024,1ALoPGwAC4snktn_oK2YVtQFd1NPdste_YSgUYqIfFKw,application/vnd.google-apps.document,2,downloaded,2025-11-09T05:09:04.955318,
505,/Mosad Management,Copy of Contacts Lists,google_doc,27196,15-gTiyaBrJMY2D2-BccYfcfznH4V6iD0cIu0Xapw8Cw,application/vnd.google-apps.document,2,downloaded,2025-11-09T05:09:05.728867,
506,/Mosad Management,CRM,google_doc,29421,1UbZRd8UTHB0Pf-8pdmnZzGlZhyGW-w5IQUltFpJhYUU,application/vnd.google-apps.document,2,downloaded,2025-11-09T05:09:06.592963,
507,/Mosad Management,Time Management ,google_doc,27492,11R_LevvVXkmmxuBe4y7Yb6kzz_vkWXAmULyVAyRL7-M,application/vnd.google-apps.document,2,downloaded,2025-11-09T05:09:07.453418,
508,/Mosad Management/Camp,Shluchim Talk - Keeping your sanity during camp,google_doc,5770,1-RjqGZ1zv51RGXQBeQkMV1s34aHVYuuZdXwFeFGP-Fc,application/vnd.google-apps.document,2,downloaded,2025-11-09T05:09:08.114420,
509,/Mosad Management/Camp,Notes from Online Class - Boost Your Program Performance.docx,document,13426,1r53Sn0unX1WbkLtkQNazOde94kLTVPH8,application/vnd.openxmlformats-officedocument.wordprocessingml.document,2,downloaded,2025-11-09T05:09:09.087766,
510,/Mosad Management/Camp,Camp Questions,google_doc,3654,1j2-nJZkMeWKvhARsDuoy2-vn8Pe9vng-sQFoPDqfEiU,application/vnd.google-apps.document,2,downloaded,2025-11-09T05:09:09.955761,
511,/Mosad Management/Camp,Starting a camp,google_doc,1024,1AhKNtmlP8Ljp75l3BFvgyqDvUm9RW0mtioHmMzmzZA0,application/vnd.google-apps.document,2,downloaded,2025-11-09T05:09:10.651771,
512,/Mosad Management/Camp/Camp Activities,Journey in the Shtetl Play,document,54272,106GohdEdulZUKNJSua74YwYA3K12ymeP,application/msword,2,downloaded,2025-11-09T05:09:11.713372,
513,/Mosad Management/Camp/Camp Activities,specialty weeks at camp?,google_doc,2529,1Mcpare4LboOKOlJNOEDGdT1bd2Nix5IGg9dPUe-u0F0,application/vnd.google-apps.document,2,downloaded,2025-11-09T05:09:12.641467,
514,/Mosad Management/Camp/Camp Activities,Production Plan.docx,document,19349,1pmLYUglwL6H9BsYGEnL4qTWHnNvslZz_,application/vnd.openxmlformats-officedocument.wordprocessingml.document,2,downloaded,2025-11-09T05:09:13.464700,
515,/Mosad Management/Camp/Camp Activities,Camp Themes,google_doc,3069,1-75MaLgJW7vp6pyEBfh46g_HBagwA442O4e-Z5_w4Rw,application/vnd.google-apps.document,2,downloaded,2025-11-09T05:09:14.244832,
516,/Mosad Management/Camp/Scholarships,attachment-0001 (1).doc,document,22528,1cXjkYp12Tc-2kAEaTZDCaasvXnxdl-mP,application/msword,2,downloaded,2025-11-09T05:09:14.916863,
517,/Mosad Management/Camp/Scholarships,camp scholarship solicitation letter,google_doc,3115,1SPwtyIo6yhL26SKu9rEcmXUvzFUvpPpUuf8S3Wu1t0k,application/vnd.google-apps.document,2,downloaded,2025-11-09T05:09:15.536341,
518,/Mosad Management/Camp/Scholarships,Summer Solicitation Letter,google_doc,2348,1qjAATotILCyc0xPEERZb5vWW7GZ4KdCFWCkD7bDGyHM,application/vnd.google-apps.document,2,downloaded,2025-11-09T05:09:16.393181,
519,/Mosad Management/Camp/Scholarships,Camp Scholarship Thank you letter,google_doc,3180,1EdGhf2aKei-mltidhi-3w2gIIjTWwLu_93UwExFZPfs,application/vnd.google-apps.document,2,downloaded,2025-11-09T05:09:17.075942,
520,/Mosad Management/Camp/Budget,"Shluchim Talk. Day Camp, Fundraising and Budgeting",google_doc,6457,1dCVItfl5WPWJmNP3DPfwVhr0__uRmsfOJ5vNopNnZys,application/vnd.google-apps.document,2,downloaded,2025-11-09T05:09:18.094956,
521,/Mosad Management/Camp/Budget,Bus counts for trips,google_doc,1673,1CAOSp_jm8OyLlVAfxKr-3F8UqDxFaETD3U-Ifzb1c-s,application/vnd.google-apps.document,2,downloaded,2025-11-09T05:09:18.822141,
522,/Mosad Management/Camp/Budget,Camp Budgeting,google_doc,3482,16crijm5L4A01hZ_I-UEu6YFJp80E4zGIg5jbWX2UO-4,application/vnd.google-apps.document,2,downloaded,2025-11-09T05:09:19.514303,
523,/Mosad Management/Camp/Post-Camp/Retaining Campers,Camp Survey,google_doc,3554,1dBO0DGOtVsuESynX011V37N_6UfjatuXwGCC1qpbkKQ,application/vnd.google-apps.document,2,downloaded,2025-11-09T05:09:20.383306,
524,/Mosad Management/Camp/Post-Camp/Retaining Campers,"(Shlomo Uminer, Palm City, FL) Camp Gan Israel Evaluation Sheet 2008",google_doc,3181,17E9V00kvzdpJX49ffghbpBwYox4mX5qWuTkWrcM947w,application/vnd.google-apps.document,2,downloaded,2025-11-09T05:09:21.122306,
525,/Mosad Management/Camp/Post-Camp/Retaining Campers,Camp Survey,google_doc,1915,1lhPRkB_g1Eh25d3GgX2HtkDs5RoV2u_aPd_n-65Vb3U,application/vnd.google-apps.document,2,downloaded,2025-11-09T05:09:21.804019,
526,/Mosad Management/Camp/Recruitment/Registration,Camp Open House,google_doc,5153,1mBHA4htui-sBTsZLhBQgWdh1_oPC41PhNNf9TOpoS94,application/vnd.google-apps.document,2,downloaded,2025-11-09T05:09:22.644555,
527,/Mosad Management/Camp/Recruitment/Registration,email templates for camper recruitment,google_doc,2654,1-rP1_xy642yf36Vny5b94aRSjlIoJXH-iTcfY2f2mV0,application/vnd.google-apps.document,2,downloaded,2025-11-09T05:09:23.396072,
528,/Mosad Management/Camp/Recruitment/Registration,Health form,google_doc,2827,115bRpDwuuKOkJmSVHsNo1MTPuNYofki2NNYkk7hfCqI,application/vnd.google-apps.document,2,downloaded,2025-11-09T05:09:24.142171,
529,/Mosad Management/Camp/Recruitment/Registration,very highly allergic,google_doc,2663,1JSVwYOHvl9Ge8QiDuANSRt8-BCG_-TrqwU9jrqYiG2A,application/vnd.google-apps.document,2,downloaded,2025-11-09T05:09:24.888721,
530,/Mosad Management/Camp/Recruitment/Registration,avoiding last min registrations?,google_doc,1990,1RrME0RQionNOkbVITdY0G-JdV6ANUqbMq54EIg5jXII,application/vnd.google-apps.document,2,downloaded,2025-11-09T05:09:25.712227,
531,/Mosad Management/Camp/Recruitment/Registration,seeking professionally designed parent handbook,google_doc,2947,1A_FwqKttZOeq2ZNQ2THVqmfPecuSdgXWSoi26hwFrq0,application/vnd.google-apps.document,2,downloaded,2025-11-09T05:09:26.460626,
532,/Mosad Management/Camp/Recruitment/Registration,Camp Form Letter.docx,document,36013,1fqJd9ms94Kl7kyhFt_UAySDzS7u1UNYG,application/vnd.openxmlformats-officedocument.wordprocessingml.document,2,downloaded,2025-11-09T05:09:27.228124,
533,/Mosad Management/Camp/Staff,tips counslors appreciation,google_doc,2788,1GSxGgBYoxMvhScmDFhIkyRmGojhQZzvkxLu7bY1Eu3w,application/vnd.google-apps.document,2,downloaded,2025-11-09T05:09:27.947122,
534,/Mosad Management/Camp/Staff,sports instructor,google_doc,3034,1EuoGtd4F15o7NnyfT22bSNazA-lvvA_LKnZySjMTiH0,application/vnd.google-apps.document,2,downloaded,2025-11-09T05:09:28.677120,
535,/Mosad Management/Camp/Staff,staff training course???? (shmuly rothman),google_doc,2891,10mL-5S7Bq6-ZfeH0tJIhjnzCvCwg715og98fsEliJgY,application/vnd.google-apps.document,2,downloaded,2025-11-09T05:09:29.678916,
536,/Mosad Management/Camp/Staff,How much do you pay your counselors,google_doc,2664,1xrTwmzUxyTgRPkSKF1jrkMTUwiVDAF0qASOhzbs_-FQ,application/vnd.google-apps.document,2,downloaded,2025-11-09T05:09:30.310660,
537,/Mosad Management/Camp/Staff,Dress Code,google_doc,3799,1IEkNbO7FqGW128mWACQM3hPuKZLIyyQnyPqsEi7NhBg,application/vnd.google-apps.document,2,downloaded,2025-11-09T05:09:31.158658,
538,/Mosad Management/Camp/Staff,Staff Survey.doc,document,270336,1bUAX-K_vkhwRckmdCTM9ZVvHQjjWLHKz,application/msword,2,downloaded,2025-11-09T05:09:32.167466,
539,/Mosad Management/Camp/Staff,Camp Standards for Counselors,google_doc,2284,18MLBYdgZvObvh68CFBRroBjkdZPr1LNw0bVCz48_ADk,application/vnd.google-apps.document,2,downloaded,2025-11-09T05:09:33.011501,
540,/Mosad Management/Camp/Staff,Staff Menus 2017.docx,document,19601,1JCRZm2pyK9vRzq6UGltXzmg6VJQNhuBu,application/vnd.openxmlformats-officedocument.wordprocessingml.document,2,downloaded,2025-11-09T05:09:33.730235,
541,/Mosad Management/Camp,Gan Yisroel Booklet.pdf,document,1591566,180d6sysvNZjHOI6yBFjklp5Vx0ajiVyh,application/pdf,2,downloaded,2025-11-09T05:09:34.874449,
542,/Mosad Management/Thank You Package,Thank you #1.docx,document,11600,1fuK9DDNXmEfbRwe92L1xOFHekLeV1iKa,application/vnd.openxmlformats-officedocument.wordprocessingml.document,2,downloaded,2025-11-09T05:09:35.722771,
543,/Mosad Management/Thank You Package,Thank you #2.docx,document,11162,19bZyBldZNd7I0xoSe0C_1mGEINQRn4pF,application/vnd.openxmlformats-officedocument.wordprocessingml.document,2,downloaded,2025-11-09T05:09:36.494771,
544,/Mosad Management/Thank You Package,Sample Follow Up Plan.docx,document,15304,1jpgrMFOXA80mcWD-hmb6KS1xCSEUqBBU,application/vnd.openxmlformats-officedocument.wordprocessingml.document,2,downloaded,2025-11-09T05:09:37.039248,
545,/Mosad Management/Thank You Package,Rebbe.pdf,document,1688798,1_QkUYvAr4OQMjmJkCAbCATDLOQA7uQ6s,application/pdf,2,downloaded,2025-11-09T05:09:38.839250,
546,/Mosad Management/Thank You Package,Thank You Letter Checklist.pdf,document,77904,1wGXZvcsKX7hWfnfO9WDoC8If-Nm_fB-k,application/pdf,2,downloaded,2025-11-09T05:09:39.957775,
547,/Mosad Management/Thank You Package,Before and After.pdf,document,379038,1dCMeFjGsxS1TNGyyqlmTbVm1hUCaOJ3T,application/pdf,2,downloaded,2025-11-09T05:09:41.619778,
548,/Mosad Management/Thank You Package,Different Ways to Say Thank You.pdf,document,94799,1uHPlNnB-z_hwcVnJfA5MRyPUR_TaAXhN,application/pdf,2,downloaded,2025-11-09T05:09:42.409300,
549,/Mosad Management/Thank You Package,Blank Follow Up Plan.docx,document,12974,1KKz9ZfjDKVfC5kvnL6uLSG8uwCy4XUVX,application/vnd.openxmlformats-officedocument.wordprocessingml.document,2,downloaded,2025-11-09T05:09:43.205313,
550,/Mosad Management/Thank You Package,Intro,google_doc,1391,1zPGj4f1864SyRAEwls_yOmSe6z_0ghvb-flFaS53WNE,application/vnd.google-apps.document,2,downloaded,2025-11-09T05:09:43.821200,
551,/Mosad Management/Law Enforcement and Public Safety Chaplaincy,Chaplaincy ,google_doc,1024,1lBK6xkVknS9rz5utLYjbjEynTNzE6Modbw4oHLZEde4,application/vnd.google-apps.document,2,downloaded,2025-11-09T05:09:44.660605,
552,/Mosad Management/Strategic Planning,Starting Out,google_doc,2110,1Z_Z1odNUoIXDl57n-5-26MOtB0fLwFKRjxlqdhc1N-U,application/vnd.google-apps.document,2,downloaded,2025-11-09T05:09:45.572623,
553,/Mosad Management/Strategic Planning,Strategic Planning,google_doc,3166,1QLYXPkvjFgiWOc_lda2VOxhjiIqfU5bhpAWaatMaKxw,application/vnd.google-apps.document,2,downloaded,2025-11-09T05:09:46.283619,
554,/Mosad Management/Compass Finance Articles,From Chaos to Clarity How I Cleaned up My Money Mess.pdf,document,1323106,1TEf7VZC31PHugofQNVnBM0XXvWsAFw0t,application/pdf,2,downloaded,2025-11-09T05:09:48.152673,
555,/Mosad Management/Compass Finance Articles,Lechat'chilah Ariber in Fundraising.pdf,document,670656,12CPYE6p3Q-Q8744ln3sMSbwz4aawx99Q,application/pdf,2,downloaded,2025-11-09T05:09:49.193675,
556,/Mosad Management/Compass Finance Articles,Yes You Can A Five Point Formula to help You Acquire a Major Gift.pdf,document,1942432,1SWJvT3MdsTgYHQrCY_82NVTIRI2KYQoG,application/pdf,2,downloaded,2025-11-09T05:09:51.407938,
557,/Mosad Management/Compass Finance Articles,Getting over the Hump (Legacy Gifts).pdf,document,3039230,1wl74bb1rPtJ6R6x_ymorfteQcSzJw-2Y,application/pdf,2,downloaded,2025-11-09T05:09:53.925395,
558,/Mosad Management/Compass Finance Articles,A Step By Step Guide to Successful Crowdfunding Campaigns.pdf,document,1027002,1wydjaMSoqxE3DP4qPIP4XPlSanREh2SC,application/pdf,2,downloaded,2025-11-09T05:09:55.331264,
559,/Mosad Management/Compass Finance Articles,What I Would Have Like to Know Before Building My Chabad House.pdf,document,520204,1SKIzGLD0TE72FVsvSB9rtVg5Ra71tosh,application/pdf,2,downloaded,2025-11-09T05:09:56.446215,
560,/Mosad Management/Compass Finance Articles,3 Crucial Answers About Capital Campaigns part 2.pdf,document,990895,1n9rmp6AtmtkiEXpdSd8nLGkiy4fVpZwP,application/pdf,2,downloaded,2025-11-09T05:10:00.540432,
561,/Mosad Management/Compass Finance Articles,3 Crucial Answers About Capital Campaigns.pdf,document,2041174,17S91l1f5keM6PMBbRlGh47LCmWic24HX,application/pdf,2,downloaded,2025-11-09T05:10:05.795972,
562,/Mosad Management/Compass Finance Articles,The Why and How of Direct Solicitation Part 1 The Ask.pdf,document,4398162,17SvOdxNihmn0g7Pq8G2G7aTMQJRUyRhq,application/pdf,2,downloaded,2025-11-09T05:10:07.789701,
563,/Mosad Management/Compass Finance Articles,The Why and How of Direct Solicitation Part 2.pdf,document,1286950,1pSvQMALJiBWZB8JY1d9PZ6qyF-85BfBH,application/pdf,2,downloaded,2025-11-09T05:10:08.980042,
564,/Mosad Management/Compass Finance Articles,13 Tips for Fundraising From Tourists and Traveler.pdf,document,21187854,1wEDvPuM_Wlk4omW5yd0jHrqhDo8GgtOQ,application/pdf,2,downloaded,2025-11-09T05:10:15.331977,
565,/Mosad Management/Compass Finance Articles,What to Include in a Thank You Letter.pdf,document,228214,1EhF-yWwnGWNm2jO3wfgfidTB4zSPQUhC,application/pdf,2,downloaded,2025-11-09T05:10:15.966453,
566,/Mosad Management/Compass Finance Articles,The Art of Fundraising Through the Lens of the 39 Melachos.pdf,document,1546197,1pTNJc-yOFe-3Dv-znSyzkDbhu_I0CbpJ,application/pdf,2,downloaded,2025-11-09T05:10:17.099897,
567,/Mosad Management/Compass Finance Articles,"Excuse Me, Are You Friendraised.pdf",document,2540679,1tg5-cekOTlOi3Df6UYsqZMW0FcGtYIB8,application/pdf,2,downloaded,2025-11-09T05:10:19.233025,
568,/Mosad Management/Compass Finance Articles,Startign a Chai Club Fundraising Project.pdf,document,1187159,1ED3hT3qUXgtKQzvEfOjSejyVmmE0PQdL,application/pdf,2,downloaded,2025-11-09T05:10:21.103852,
569,/Mosad Management/Compass Finance Articles,My Biggest Money Mistakes.pdf,document,4238764,1DTznq4tuttK7WRnXR9Bk8krfzDeP_ppR,application/pdf,2,downloaded,2025-11-09T05:10:23.480237,
570,/Mosad Management/Compass Finance Articles,Fundraising for the Shlucha Who'd Rather Not.pdf,document,4391380,1i_nEiOvxB-N-5cjlXvYWMHKnxCdN992L,application/pdf,2,downloaded,2025-11-09T05:10:26.011634,
571,/Mosad Management/Compass Finance Articles,Do You Know How to Sell Your Building.pdf,document,2145875,1UJbVM0gdBt96lzEMPcqJIROvdZ8aJTUp,application/pdf,2,downloaded,2025-11-09T05:10:29.432838,
572,/Mosad Management/Compass Finance Articles,"Planning a Budget, Creative Giving.pdf",document,1062668,1X9TIxMjY0jsBdMEKwWkqVS-pPphXhFvj,application/pdf,2,downloaded,2025-11-09T05:10:31.011754,
573,/Mosad Management/Compass Finance Articles,The 7 Fundraising Habits of Highly Effective Shluchim.pdf,document,602708,1zZlffj9g16mNCHUFZHlbBqyDeqoOjB_h,application/pdf,2,downloaded,2025-11-09T05:10:31.956796,
574,/Mosad Management/Compass Finance Articles,Saving Your Money Saving Your House.pdf,document,389171,17BrxTZnNWh77y1rSggeFpZWPGjjBkhmT,application/pdf,2,downloaded,2025-11-09T05:10:33.269245,
575,/Mosad Management/Compass Finance Articles,Cost Cutting Tips.pdf,document,357866,1Fblud21BRCpbFWYOUY83KVYvbgj-UZCG,application/pdf,2,downloaded,2025-11-09T05:10:34.172985,
576,/Mosad Management/Compass Finance Articles,Money Does Grow on Trees.pdf,document,491221,14KjhhJyBVHbSroXHj77FbLkOvLxsoksE,application/pdf,2,downloaded,2025-11-09T05:10:34.897156,
577,/Mosad Management/Compass Finance Articles,Caution Gvir Ahead.pdf,document,179588,15nKQ0omoNRw5CO9DuVigJMzlLXUtXuBY,application/pdf,2,downloaded,2025-11-09T05:10:36.101092,
578,/Mosad Management/Compass Finance Articles,Change You Could Rely On.pdf,document,202706,1oI9_m53i-cC-COL9m28Y_l4DNj6KFlTD,application/pdf,2,downloaded,2025-11-09T05:10:36.830070,
579,/Mosad Management/Compass Finance Articles,Grants an Corporate Funding.pdf,document,225311,1wp5ORfB7OwWR0rnlOwMZ81ax52fMyJvE,application/pdf,2,downloaded,2025-11-09T05:10:37.772345,
580,/Mosad Management/Fundraising ,shluchim raffle,google_doc,2065,13CcsvfBWQusxUwBoU-Wmqej1lmxHO3ChTnAYmUVcDg8,application/vnd.google-apps.document,2,downloaded,2025-11-09T05:10:38.673896,
581,/Mosad Management/Fundraising /Thank You Package - 8 Files,About ,google_doc,1024,1qcgJMIHnbDggKQs1n-LF1fpNEEXeNobBlHQZ-W_tbgY,application/vnd.google-apps.document,2,downloaded,2025-11-09T05:10:39.624896,
582,/Mosad Management/Fundraising /Thank You Package - 8 Files,Thanks.zip,other,2188705,1BUxiYsTPDTGIjwGAIobLTdOwl9hhZDSl,application/x-zip-compressed,2,downloaded,2025-11-09T05:10:42.763018,
583,/Mosad Management/Fundraising /Thank You Package - 8 Files,Rebbe (1).pdf,document,1688798,12VQkPPEdkGZM2iIyqv2-w6TTfzY3oW5R,application/pdf,2,downloaded,2025-11-09T05:10:44.391439,
584,/Mosad Management/Fundraising /Thank You Package - 8 Files,Blank Follow Up Plan.docx,document,12974,1QRM93PFx0dzgjDx_Gqqv2W_pRX01FZ7H,application/vnd.openxmlformats-officedocument.wordprocessingml.document,2,downloaded,2025-11-09T05:10:45.190939,
585,/Mosad Management/Fundraising /Thank You Package - 8 Files,Different Ways to Say Thank You.pdf,document,94799,1p3MOgmlDouFhJCR2N6mhUdO15_piDn_k,application/pdf,2,downloaded,2025-11-09T05:10:46.204131,
586,/Mosad Management/Fundraising /Thank You Package - 8 Files,Sample Follow Up Plan.docx,document,15304,1l5R0qqqKYQi1QC6AbM74y2fRiNh0UyjO,application/vnd.openxmlformats-officedocument.wordprocessingml.document,2,downloaded,2025-11-09T05:10:46.840524,
587,/Mosad Management/Fundraising /Thank You Package - 8 Files,Before and After.pdf,document,379038,1A1qxlrC8fFkBU_suBQpGJL0XMAPEd0k8,application/pdf,2,downloaded,2025-11-09T05:10:48.463024,
588,/Mosad Management/Fundraising /Thank You Package - 8 Files,Thank you #2.docx,document,11162,14xNBYr6MTp3RUjUeFz0ILmaIdDrz0Nsw,application/vnd.openxmlformats-officedocument.wordprocessingml.document,2,downloaded,2025-11-09T05:10:49.187333,
589,/Mosad Management/Fundraising /Thank You Package - 8 Files,Thank you #1.docx,document,11600,1evpmAK_zUGlbdVVbflxJn-Hi77J7vwuu,application/vnd.openxmlformats-officedocument.wordprocessingml.document,2,downloaded,2025-11-09T05:10:49.799392,
590,/Mosad Management/Fundraising /Thank You Package - 8 Files,Thank You Letter Checklist.pdf,document,77904,1IMREYyjAdSBA7PIaZhwVf3ndXSVVd0ve,application/pdf,2,downloaded,2025-11-09T05:10:50.515395,
591,/Mosad Management/Fundraising /Thank You Package - 8 Files,Rebbe.pdf,document,1688798,1Oys3twTaQjnkhjtnFpHLhS5Vnq5s5Pj2,application/pdf,2,downloaded,2025-11-09T05:10:52.271451,
592,/Mosad Management/Fundraising /Planned Giving,Sample Bequests for Chabad of Tustin.docx,document,15092,1qIAkwJXdFaDhYGngdUYYP2315Txy8yIJ,application/vnd.openxmlformats-officedocument.wordprocessingml.document,2,downloaded,2025-11-09T05:10:53.105664,
593,/Mosad Management/Fundraising /Planned Giving,Planned Giving Resource Guide.docx,document,14644,1lROXrxzOolf2V9VcW_ext8BVKYCHDQYk,application/vnd.openxmlformats-officedocument.wordprocessingml.document,2,downloaded,2025-11-09T05:10:53.778839,
594,/Mosad Management/Fundraising /Planned Giving,Introduction letter for wills.docx,document,12845,1uVe0dXAMio5elzfMiMsHeOL0qRkxx_5C,application/vnd.openxmlformats-officedocument.wordprocessingml.document,2,downloaded,2025-11-09T05:10:54.540933,
595,/Mosad Management/Fundraising /Planned Giving,Follow up Letter.docx,document,14440,14SgKtDdaRsEnb_Nocv1aj5-lF9sj1Ujb,application/vnd.openxmlformats-officedocument.wordprocessingml.document,2,downloaded,2025-11-09T05:10:55.165961,
596,/Mosad Management/Fundraising /Planned Giving,Endowment Opportunities for Chabad Institutions.docx,document,15241,1eD_fsfVhoM1V42-sBS9G0qNG4DjOq1aK,application/vnd.openxmlformats-officedocument.wordprocessingml.document,2,downloaded,2025-11-09T05:10:56.345442,
597,/Mosad Management/Fundraising /Planned Giving,Leave_a_Jewish_Legacy_Handbook_2011.pdf,document,1511741,18JrNUHCcCMo1cjqCxGrgQBZhArmrNdcW,application/pdf,2,downloaded,2025-11-09T05:10:57.832750,
598,/Mosad Management/Fundraising /Planned Giving,Planned Giving Marketing Plan.docx,document,10739,1QzwImEadDzEQYpalzInlwLC9bw98Kdxw,application/vnd.openxmlformats-officedocument.wordprocessingml.document,2,downloaded,2025-11-09T05:10:58.765752,
599,/Mosad Management/Fundraising /Planned Giving,Planned Giving Manual and Action Plan (2).docx,document,26855,1gxN7kG1mNWBU7pWOsSn7oAbJRoMUgkIA,application/vnd.openxmlformats-officedocument.wordprocessingml.document,2,downloaded,2025-11-09T05:10:59.809988,
600,/Mosad Management/Fundraising /Planned Giving,Planned Giving Glossary of Terms.docx,document,18159,1KSpA0iz1BZBCklwEyKHdaNCXViswodLk,application/vnd.openxmlformats-officedocument.wordprocessingml.document,2,downloaded,2025-11-09T05:11:00.523986,
601,/Mosad Management/Fundraising /Planned Giving,The othe 95% A Closer Look at Planned Giving.pdf,document,352899,12tBjca3BmzzxmPXJor5jdUDP9HbENRpw,application/pdf,2,downloaded,2025-11-09T05:11:01.283479,
602,/Mosad Management/Fundraising ,Fundraising coachs,google_doc,1024,1-BqW9gx5LUD3e9nV9xeLhXiVsOAZjvV3-rRswiNAWOY,application/vnd.google-apps.document,2,downloaded,2025-11-09T05:11:02.170043,
603,/Mosad Management/Fundraising ,Thank you Standard (May 2022).dotx,other,367356,1VrKjZWGIcHJroip_vWJv5EIf5f_hUJBp,application/vnd.openxmlformats-officedocument.wordprocessingml.template,2,downloaded,2025-11-09T05:11:02.984169,
604,/Mosad Management/Fundraising ,thank you letter post pesach pre shvous,google_doc,1024,1_TbGz13WE70XgCVpw0RVsR74T_DPqQC0AjBtGHsOuEA,application/vnd.google-apps.document,2,downloaded,2025-11-09T05:11:03.587014,
605,/Mosad Management/Fundraising /Calendar,Calendar services ,google_doc,2322,1-59UWS_hkpEDYXgVy2ieSx2_lHzBZir9YtBMF8fj3j4,application/vnd.google-apps.document,2,downloaded,2025-11-09T05:11:04.301297,
606,/Mosad Management/Fundraising /Calendar,Email for ad,google_doc,1024,1WPFnwPf9yQXKbgJCtrHLUNMqNgGKK5EbvYSXnjKwY0k,application/vnd.google-apps.document,2,downloaded,2025-11-09T05:11:05.052682,
607,/Mosad Management/Fundraising ,Fundraising Booklet.pub,other,19137024,1hF2AKzYbISv9BzcOf-NoOsezc7oSvD7v,application/vnd.ms-publisher,2,downloaded,2025-11-09T05:11:09.563390,
608,/Mosad Management,Printing Services,google_doc,2753,1pmCT3DYHMeYcKtJW09-H05M2VFnADXtGvK8mZeUP3qo,application/vnd.google-apps.document,2,downloaded,2025-11-09T05:11:10.371129,
609,/Mosad Management,Virtual Assistant Job Description.docx,document,17696,1s9xqy3--WfXdbEWRZsRcGAKFG05gWS9a,application/vnd.openxmlformats-officedocument.wordprocessingml.document,2,downloaded,2025-11-09T05:11:11.839682,
610,/Mosad Management/Advertising,Facebook,google_doc,2615,1-JRJMFA9u2PEZwAP8Bp0XxnufQmI_j5fqOoB3n8OHKY,application/vnd.google-apps.document,2,downloaded,2025-11-09T05:11:12.469681,
611,/Mosad Management/Advertising,Nextdoor,google_doc,1024,10Q4PfSpBToZfDVhr-bAC8Dal71UWm8GMo88Xx7tPSVI,application/vnd.google-apps.document,2,downloaded,2025-11-09T05:11:13.083714,
612,/Mosad Management/Advertising,tips for advertising,google_doc,1024,1L09kgKog9LWcrLt7xbSu_CgTYIzYbqitMeYleVvXCYU,application/vnd.google-apps.document,2,downloaded,2025-11-09T05:11:13.705986,
613,/Mosad Management/Advertising,Email Marketing,google_doc,1024,1JGgVgJYYfGFIkDeuSEO42lZ3TpgBMmaMfX32Y6MC7xo,application/vnd.google-apps.document,2,downloaded,2025-11-09T05:11:14.415898,
614,/Mosad Management/Advertising/Newspapers ,Newspapers,google_doc,1024,13FpJm6FwickXxHmurUwjAeW-JnB_ZRbQ9RNp23btuLI,application/vnd.google-apps.document,2,downloaded,2025-11-09T05:11:15.061613,
615,/Mosad Management/Advertising,Copy of Social Media Tips for Chanukah,google_doc,3227,1dNa4brMTMa6EkYeDSmowF_lH5LAg2Z6EZa9y0G_GlRY,application/vnd.google-apps.document,2,downloaded,2025-11-09T05:11:15.711319,
616,/Mosad Management/Financial/Accounting,Accounting/Bookkeeping,google_doc,2264,1VZ7qTA2wxc951wm9zsByLPmfa0Wnnh2rbDkvBlhrzP8,application/vnd.google-apps.document,2,downloaded,2025-11-09T05:11:16.452043,
617,/Mosad Management/Financial,CC Processing,google_doc,3356,1Ho52H_8xghiZZlPBGxCtPIbqM3YTBldknH1LZtBKnRs,application/vnd.google-apps.document,2,downloaded,2025-11-09T05:11:17.597903,
618,/Mosad Management/Financial,Payroll Processing ,google_doc,28760,1CjTAOpvjOdmPsOmemWBeM6yFj8Kz85O42So1Bx3XBjY,application/vnd.google-apps.document,2,downloaded,2025-11-09T05:11:18.313482,
619,/Mosad Management/Financial/Taxes,Exxon Exemption Cetificate.doc,document,31744,1MQ-r9OKL5oqNoATCXDknZdLMl04miSsr,application/msword,2,downloaded,2025-11-09T05:11:18.848480,
620,/Mosad Management/Financial/Taxes/Non-Profit,Tax Guide for Churches and Religious Orgs.pdf,document,5402514,17nZ5WNjMZYLllQUOPsGgUYPXhChRCVC1,application/pdf,2,downloaded,2025-11-09T05:11:21.288530,
621,/Mosad Management/Financial/Taxes/Non-Profit,Chabad Webinar Series - Nonprofit Incorporation.pdf,document,285445,1eOd0kHQ7YlJf4gD7fVBhZCdefSSwuYVi,application/pdf,2,downloaded,2025-11-09T05:11:22.322610,
622,/Mosad Management/Financial/Taxes,NY DMV Tax Exempt Law.pdf,document,92079,1HILzmG7RJZsIzMleDCqaHPtYvecwyJwl,application/pdf,2,downloaded,2025-11-09T05:11:23.339483,
623,/Mosad Management/Financial/Mortgage,Mortgages,google_doc,2120,11iR_O8rfd_1AaTnX-9zjRc0boHW97g0Rv8iM088E9Lw,application/vnd.google-apps.document,2,downloaded,2025-11-09T05:11:24.478965,
624,/Mosad Management/Financial/Mortgage,Forewarned is Forearmed (mortgages).pdf,document,169273,1bjgre9KgjGtC-ZyRDPXz_XT8JShvRLri,application/pdf,2,downloaded,2025-11-09T05:11:25.139971,
625,/Mosad Management/Financial/Mortgage,The Mortgage Mailbag.pdf,document,78553,16rMSCBpWu7EOIBWvIXZHWBW4RHqDHVtC,application/pdf,2,downloaded,2025-11-09T05:11:25.903323,
626,/Mosad Management/Financial/Mortgage,Your Home Your Mortgage And Who Can Help You Get It.pdf,document,600079,12COAOiaBE0zLjJhYlqpv12qdL1I9kMpG,application/pdf,2,downloaded,2025-11-09T05:11:26.684730,
627,/Mosad Management/Financial,Taxes,google_doc,1024,1B2tBTcHfgQl39vhoeyN8ppvKbptkmUJL4pu9yoQ7CX8,application/vnd.google-apps.document,2,downloaded,2025-11-09T05:11:27.632891,
628,/Mosad Management/Financial,Video Library Quickbooks,google_doc,1024,1TKTXsuSJ42AoHJm5Mqm_AtoRRj0PqFOhoc2hMds7u14,application/vnd.google-apps.document,2,downloaded,2025-11-09T05:11:28.307961,
629,/Mosad Management/Financial/Insurance,Event Liability Insurance,google_doc,1024,1fUhbSf2WJXPWlZBCNstfK06ofLw2EFV9luOxpf9ju44,application/vnd.google-apps.document,2,downloaded,2025-11-09T05:11:28.995841,
630,/Mosad Management/Financial/Insurance,Rebbe view on Life Insurance?,google_doc,5075,17IZ9pY7y1LGD0RRAEsJG_ts5gGfsTs3GXRuguYQXKWU,application/vnd.google-apps.document,2,downloaded,2025-11-09T05:11:29.793280,
631,/Mosad Management/Financial/Insurance,Car insurance,google_doc,1024,1JSlXmEasPKMcPHltmlMbxXkmhw7p5bsrnBhkEL3Up9w,application/vnd.google-apps.document,2,downloaded,2025-11-09T05:11:30.811803,
632,/Mosad Management/Financial/Insurance,What You Need to Know About Insurance.pdf,document,131549,1R6QwkX5Yp4Smsktczfe-ELsvu4a86Xwd,application/pdf,2,downloaded,2025-11-09T05:11:32.182419,
633,/Mosad Management/Financial/Insurance,Life Insurance,google_doc,2075,1bKXV5Vn7DS3h_tO-a_jeWm17-Gz1mDpOnxYET8mNuaU,application/vnd.google-apps.document,2,downloaded,2025-11-09T05:11:32.878626,
634,/Mosad Management/Shul,Shul/ chabad house,other,0,1DwJ_3f9SK5kaGMCsesMiEbTttr-g1BVQ,application/vnd.google-apps.shortcut,2,download_failed,2025-11-09T05:11:33.083361,Download failed
635,/,How Can I Grab Your Attention,google_doc,2621,1-Uiy5_K5rxWIa_L9Nk6YGiAGBR4Tif_ln0OJGaykr_U,application/vnd.google-apps.document,2,downloaded,2025-11-09T05:11:33.832449,
636,/Around the year/Yom Kippur/Video Library,"Y""K Video Library",google_doc,1024,12zoICHIy1aXB7mDiQoPvTA_CkEuOcbshZqQ24BE-n7k,application/vnd.google-apps.document,2,downloaded,2025-11-09T05:11:34.477890,
637,/Around the year/Yom Kippur,Untitled document,google_doc,1024,1snbquo8DZEyv2EuS688ivFoGntR6jtxK-n6E2fVsWnw,application/vnd.google-apps.document,2,downloaded,2025-11-09T05:11:35.130142,
638,/Around the year/Yom Kippur/Sermons/Classes,Shluchim talk. Yom Kippur,google_doc,5479,1NEpi_2JNE4iE4X0UAk5cOhStyyTqDCvX8-oZL_ay-b4,application/vnd.google-apps.document,2,downloaded,2025-11-09T05:11:36.045811,
639,/Around the year/Yom Kippur/Sermons/Classes/Full Sermons,High Holiday 5771 stories for SHluchim #1.docx.doc,document,38400,19ONMhROGuB4Jl3ss6gMD45jxKK6hH-0I,application/msword,2,downloaded,2025-11-09T05:11:36.589929,
640,/Around the year/Yom Kippur/Sermons/Classes/Full Sermons,Reflections Love.pdf,document,301994,1N68CSNVx0rY0LDX_lBfTr_VCF2-cU18d,application/pdf,2,downloaded,2025-11-09T05:11:37.481930,
641,/Around the year/Yom Kippur/Sermons/Classes/Full Sermons,The Secret of Effective Prayer - 1610.docx,document,27353,1CW1dVB2BaEFK9ioQ44pfjjjoH0J90qkN,application/vnd.openxmlformats-officedocument.wordprocessingml.document,2,downloaded,2025-11-09T05:11:38.205064,
642,/Around the year/Yom Kippur/Sermons/Classes/Full Sermons,ASSORTED YOM KIPPUR VERTLACH - 2405.docx,document,12707,1GndnWSy5OIvLI_Axdy325Btb3Sy0kcaQ,application/vnd.openxmlformats-officedocument.wordprocessingml.document,2,downloaded,2025-11-09T05:11:38.937547,
643,/Around the year/Yom Kippur/Sermons/Classes/Full Sermons,Light Humorous KN Sermon Using Marriage Metaphor - 1817.doc,document,37376,1m4vJtbmkNU5K2wWBzX3Utr-ODZvb36VY,application/msword,2,downloaded,2025-11-09T05:11:40.319045,
644,/Around the year/Yom Kippur/Sermons/Classes/Full Sermons,Once a Year Jew.docx,document,10648,1HMRCtRsNd5_as_imDvwg55OxBtoOeek1,application/vnd.openxmlformats-officedocument.wordprocessingml.document,2,downloaded,2025-11-09T05:11:41.063119,
645,/Around the year/Yom Kippur/Sermons/Classes/Full Sermons,5775 Kol Nidrei Special Needs.docx,document,21303,1wT1EP9rGakFL4cVBcKltf-y-tfSaotW4,application/vnd.openxmlformats-officedocument.wordprocessingml.document,2,downloaded,2025-11-09T05:11:41.876193,
646,/Around the year/Yom Kippur/Sermons/Classes/Full Sermons,"5776 YK Kol Nidrei Take the Leap, Embrace Change.docx",document,29425,1My7GCkbzb7Y9ihsTroEo4zacwTsjGHpP,application/vnd.openxmlformats-officedocument.wordprocessingml.document,2,downloaded,2025-11-09T05:11:42.656316,
647,/Around the year/Yom Kippur/Sermons/Classes/Full Sermons,How important are the sermons,google_doc,5569,1PdzEnYldSZG1qDQuaGLvhtn8JjahTPlAkNFg4mxyn8U,application/vnd.google-apps.document,2,downloaded,2025-11-09T05:11:43.305394,
648,/Around the year/Yom Kippur/Sermons/Classes/Full Sermons,5777 Yizkor Is G-d At The Game.docx,document,20248,1idLf71t_4jNIFYtTJi7MRDE-GVMaMBFi,application/vnd.openxmlformats-officedocument.wordprocessingml.document,2,downloaded,2025-11-09T05:11:44.459892,
649,/Around the year/Yom Kippur/Sermons/Classes/Full Sermons,WHAT'S THE BIG DEAL ABOUT YIZKOR.docx,document,14816,1w5NP-_GZXi26-IGJ3Q5D2lH9WT_n8MM0,application/vnd.openxmlformats-officedocument.wordprocessingml.document,2,downloaded,2025-11-09T05:11:45.034705,
650,/Around the year/Yom Kippur/Sermons/Classes/Full Sermons,Night No one is watching.docx,document,18118,1h_T5bYqS2nitI_r8hjbwBdm2ARhe2VXz,application/vnd.openxmlformats-officedocument.wordprocessingml.document,2,downloaded,2025-11-09T05:11:45.598110,
651,/Around the year/Yom Kippur/Sermons/Classes/Full Sermons,4. Yizkor 5779 -A Sinless Yom Kippur.pdf,document,343492,1aA0dh-tzamrjJQ9ZK9PNDDkpJZyV2yJw,application/pdf,2,downloaded,2025-11-09T05:11:46.334257,
652,/Around the year/Yom Kippur/Sermons/Classes/Full Sermons,5778 Yizkor You Are Better Than That.docx,document,18752,1UnWAtF2PcFX3--K0-tfyXnW1KF7uJQyp,application/vnd.openxmlformats-officedocument.wordprocessingml.document,2,downloaded,2025-11-09T05:11:46.916543,
653,/Around the year/Yom Kippur/Sermons/Classes/Full Sermons,5779 Kol Nidrei Five Lessons.docx,document,24899,1T8R1Qyoz9RZK3jXQuGnJPKcp63IeQbNG,application/vnd.openxmlformats-officedocument.wordprocessingml.document,2,downloaded,2025-11-09T05:11:47.804816,
654,/Around the year/Yom Kippur/Sermons/Classes/Full Sermons,THE LOVE OF OPPOSITE ATTRACTION.docx,document,382874,1XXisNg-eKYs-eTGzPZKbFFCl1OM8PSLp,application/vnd.openxmlformats-officedocument.wordprocessingml.document,2,downloaded,2025-11-09T05:11:48.588934,
655,/Around the year/Yom Kippur/Sermons/Classes/Full Sermons,5. Neilah 5780.docx,document,98793,1xXJPIgqFOWQZV0zA_uzYi6JrvUSa-YFa,application/vnd.openxmlformats-officedocument.wordprocessingml.document,2,downloaded,2025-11-09T05:11:49.641601,
656,/Around the year/Yom Kippur/Sermons/Classes/Full Sermons,for sermons.docx,document,22948,1EbZ-uSyA9SVbASTL5Rcdt7K-1AzZKRkF,application/vnd.openxmlformats-officedocument.wordprocessingml.document,2,downloaded,2025-11-09T05:11:50.274608,
657,/Around the year/Yom Kippur/Sermons/Classes/Full Sermons,4. Yizkor 5780.docx,document,185488,1oXW0WV5l8AWbNvFbqWdO8KMj_NG2ngoN,application/vnd.openxmlformats-officedocument.wordprocessingml.document,2,downloaded,2025-11-09T05:11:50.883230,
658,/Around the year/Yom Kippur/Sermons/Classes/Full Sermons,5780 Yom Kippur Yizkor See No Evil.docx,document,21456,1DJ1r26tZS9uxfTeFczPHggcQfb0wbK_W,application/vnd.openxmlformats-officedocument.wordprocessingml.document,2,downloaded,2025-11-09T05:11:51.686721,
659,/Around the year/Yom Kippur/Sermons/Classes/Full Sermons,5780 Yom Kippur Kol Nidrei Essence to Essence.docx,document,17476,1_PK2bH8MP5YJojg3GNRhDrexX_iJNcB8,application/vnd.openxmlformats-officedocument.wordprocessingml.document,2,downloaded,2025-11-09T05:11:52.352712,
660,/Around the year/Yom Kippur/Sermons/Classes/Full Sermons,5775 YK Yizkor Success Is A Choice.docx,document,22103,1rabjTois9YphJSeyykeM0Rf0SD8oltc_,application/vnd.openxmlformats-officedocument.wordprocessingml.document,2,downloaded,2025-11-09T05:11:53.121588,
661,/Around the year/Yom Kippur/Sermons/Classes/Short Ideas ,YKServicesAndTalkingPoints5772.pdf,document,928617,1egQ1GWgSd85fyUUbxNtz8aloxlu82sTb,application/pdf,2,downloaded,2025-11-09T05:11:54.065447,
662,/Around the year/Yom Kippur/Sermons/Classes/Short Ideas ,10 Amazing facts about Davening.doc,document,37888,1tbxmC_pFTCl06U9q9Qyyeazolg119Zvw,application/msword,2,downloaded,2025-11-09T05:11:54.678516,
663,/Around the year/Yom Kippur/Sermons/Classes/Short Ideas ,13 AMAZING THOUGHTS  on DAVENING YOMIM NORAIM.doc,document,50688,1NqyJ6PMq0tAeulcIlPY2Mcx76d_NBncp,application/msword,2,downloaded,2025-11-09T05:11:55.301657,
664,/Around the year/Yom Kippur/Sermons/Classes/Short Ideas ,Copy of 13 AMAZING THOUGHTS  on DAVENING YOMIM NORAIM.doc,document,50688,1yjDVkcoSHo5hvSmpl1a-ZGEUWoDxEwoB,application/msword,2,downloaded,2025-11-09T05:11:55.925320,
665,/Around the year/Yom Kippur/Sermons/Classes/Short Ideas ,thoughts and vertlach for RH and YK davening from TH siddur.docx,document,22492,1AAo_hoQ9Ic8-q6IdwgFzr6Mbo8opU5GW,application/vnd.openxmlformats-officedocument.wordprocessingml.document,2,downloaded,2025-11-09T05:11:56.740174,
666,/Around the year/Yom Kippur/Sermons/Classes/Short Ideas ,Jokes,google_doc,4907,1Kea5CWDiUj5aTmj3xCHcUcQfufts03BOkBSL2X6wMkM,application/vnd.google-apps.document,2,downloaded,2025-11-09T05:11:57.503173,
667,/Around the year/Yom Kippur/Sermons/Classes/Short Ideas ,Yom Kippur Parables.docx,document,33095,1i6EM7EYnsWvJFn-gZraCfRO_azKzIhD1,application/vnd.openxmlformats-officedocument.wordprocessingml.document,2,downloaded,2025-11-09T05:11:58.079490,
668,/Around the year/Yom Kippur/Sermons/Classes/Classes,Copy of Yk Basic Class- Teshuva,google_doc,8770,1cbpEquXFf5Od8NGPnVaGy0oo7Ru6X3CR5kpj_yOKWUk,application/vnd.google-apps.document,2,downloaded,2025-11-09T05:11:59.017771,
669,/Around the year/Yom Kippur/Sermons/Classes/Classes,class 2b.docx,document,152964,1KIUbfAtmT5f25IY0TfOiRVYQNM74FS82,application/vnd.openxmlformats-officedocument.wordprocessingml.document,2,downloaded,2025-11-09T05:12:00.430156,
670,/Around the year/Yom Kippur/Other,Prayer & letter for USA from Friediker Rebbe - 18167.pdf,document,224102,1zUH8LdHerYQZ5FxCfIhJVpyTRse3xYiV,application/pdf,2,downloaded,2025-11-09T05:12:01.138730,
671,/Around the year/Yom Kippur/Other,Seudah Hafsekes Menus.docx,document,11602,1Qr2qShj1uzvsd9OZBicAaR2gr1TMuDoy,application/vnd.openxmlformats-officedocument.wordprocessingml.document,2,downloaded,2025-11-09T05:12:01.690386,
672,/Around the year/Yom Kippur/Other,Copy of Candle Lighting Brachos YK Regular.pdf,document,178605,12kOrcVrKnqxHHi96mHiLPhQL3uW5U0Q2,application/pdf,2,downloaded,2025-11-09T05:12:02.575236,
673,/Around the year/Yom Kippur/Other,Copy of blessing candles.docx,document,36291,1X6ZbIqQV9r5TlUS3waSU2r_bMAjaQcD7,application/vnd.openxmlformats-officedocument.wordprocessingml.document,2,downloaded,2025-11-09T05:12:03.749153,
674,/Around the year/Yom Kippur,Unlocking Yom Kippur Edited.docx,document,23889,1To3XTwd7dH2NLnt-CbwOt8GLxGC_V63c,application/vnd.openxmlformats-officedocument.wordprocessingml.document,2,downloaded,2025-11-09T05:12:04.387384,
675,/Around the year/Yom Kippur/Kaporos,Chickens vs. Money,google_doc,1024,1t7oQ5Gky4IduvZd5BAcBLy2rolAPOMFgUfvc7wo3L_g,application/vnd.google-apps.document,2,downloaded,2025-11-09T05:12:05.111366,
676,/Around the year/Yom Kippur/Kaporos,Kaparot Revisited.pdf,document,317453,1qAPzmcqL-xJUQ_uoDttjF12yZz5nIEL8,application/pdf,2,downloaded,2025-11-09T05:12:06.128888,
677,/Around the year/Yom Kippur/Kaporos,order form.doc,document,398336,13q-9MH-5AG-n81DBvb67PNL95Dm91xWX,application/msword,2,downloaded,2025-11-09T05:12:06.832999,
678,/Around the year/Yom Kippur,8.5x14_TriFold - Inside.ai,other,4675401,1iE1Kq3iV5BlGmFqWV9DGn7a627VuKnTv,application/postscript,2,downloaded,2025-11-09T05:12:10.144161,
679,/Around the year/Yom Kippur,Tishrei 5772.pub,other,653312,1LIeQZ73R_8JO-pUCsaTG2cIXWaADbvkl,application/vnd.ms-publisher,2,downloaded,2025-11-09T05:12:10.830162,
680,/Around the year/Yom Kippur/Letters/Emails,Email for HH - 304.docx,document,10796,1RV3oJ3KNWS7DXZmWcII0zhjBtaE8ko5h,application/vnd.openxmlformats-officedocument.wordprocessingml.document,2,downloaded,2025-11-09T05:12:11.406966,
681,/Around the year/Yom Kippur/Letters/Emails,Tishrei Thank You Letter for Donors - 1136.docx,document,10633,14Q66VkxlJVAa3F_sQAkDDhlCZ-DCoM6h,application/vnd.openxmlformats-officedocument.wordprocessingml.document,2,downloaded,2025-11-09T05:12:11.853743,
682,/Around the year/Yom Kippur/Letters/Emails,Letter To Non-Members - 1817.docx,document,12026,1fj-Bxvl07c1wlhndsd-pqO2krUW1K6o3,application/vnd.openxmlformats-officedocument.wordprocessingml.document,2,downloaded,2025-11-09T05:12:12.550893,
683,/Around the year/Yom Kippur/Letters/Emails,Letter to Members Describing Benefits - 1817.docx,document,15348,1cma4wB4hkA2KxMcx2cyzPxT8OrVQhaok,application/vnd.openxmlformats-officedocument.wordprocessingml.document,2,downloaded,2025-11-09T05:12:13.221283,
684,/Around the year/Yom Kippur/Letters/Emails,Letter to go with Free HH Tickets - 1202.docx,document,11329,1GVLBfH2E4tM5hGWspKG-rAhW4XBTZZcr,application/vnd.openxmlformats-officedocument.wordprocessingml.document,2,downloaded,2025-11-09T05:12:13.872208,
685,/Around the year/Yom Kippur/Letters/Emails,Yizkor Letter 5771 - 2539.doc,document,55296,1LgWV7rT_At8Eu2mT4WMXddcsBcdlcjRP,application/msword,2,downloaded,2025-11-09T05:12:14.461871,
686,/Around the year/Yom Kippur/Letters/Emails,Letter Invitation to Chabad- High Holidays - Partner.docx,document,32234,1_bhNoeYxbX8o_C3ktVpY8AdpJwiZRu22,application/vnd.openxmlformats-officedocument.wordprocessingml.document,2,downloaded,2025-11-09T05:12:15.028499,
687,/Around the year/Yom Kippur/Letters/Emails,Text for Pre-Yom Kippur Email - 261.docx,document,13469,1BCBs3LFVsF7H56nZfjzh9KwIiT-eKFoM,application/vnd.openxmlformats-officedocument.wordprocessingml.document,2,downloaded,2025-11-09T05:12:15.795989,
688,/Around the year/Yom Kippur/Letters/Emails,High Holiday IPO - Pre-Tishrei Fundrasing Letter With Dedication Opportunities - 538.docx,document,16771,1cIb0gBxs_utfQuoeHK7dJmF0NFw7Bl8o,application/vnd.openxmlformats-officedocument.wordprocessingml.document,2,downloaded,2025-11-09T05:12:16.431638,
689,/Around the year/Yom Kippur/Letters/Emails,Yom Kippur With The Rebbe - 1506.docx,document,25191,10ajRa5IOpXiAFTNwJIo7ODm9pJ_Ia9d1,application/vnd.openxmlformats-officedocument.wordprocessingml.document,2,downloaded,2025-11-09T05:12:17.133045,
690,/Around the year/Yom Kippur/Letters/Emails,Message to JHV.docx,document,17168,1xh1c8wR391fNRjIC96wh44DVjgrIAJAZ,application/vnd.openxmlformats-officedocument.wordprocessingml.document,2,downloaded,2025-11-09T05:12:18.316877,
691,/Around the year/Yom Kippur/Letters/Emails,Calendar High Holiday Message - 18856.docx,document,12717,1Aeep185JpcFVIMFVy9epZSRtJNNuxRwY,application/vnd.openxmlformats-officedocument.wordprocessingml.document,2,downloaded,2025-11-09T05:12:18.862430,
692,/Around the year/Yom Kippur,points & tips.docx,document,248387,1EcKTQKdAehMGlb0AV8tyMrP_im86Sk3I,application/vnd.openxmlformats-officedocument.wordprocessingml.document,2,downloaded,2025-11-09T05:12:19.629632,
693,/Around the year/Yom Kippur/Halacha,Yom Kippur Halachic Digest 5774 - 2483 .pdf,document,456422,15D9DQ2eeyowQj5-fGmRilsaOY5ll4yeS,application/pdf,2,downloaded,2025-11-09T05:12:20.464098,
694,"/Around the year/Yom Kippur/Y""K Pledges/Donation Pledge",Planned Giving Talking Points for Yom Kippur.docx,document,18282,1QQXQ_N69KNj7v8dUWM4vRhviO_7rIWrX,application/vnd.openxmlformats-officedocument.wordprocessingml.document,2,downloaded,2025-11-09T05:12:21.121095,
695,"/Around the year/Yom Kippur/Y""K Pledges/Donation Pledge",Planned Giving High Holidays Poster 18x24.pub,other,392704,1Tbix0UtasRSB6tMmS9Zfu-S4D7eLJYFY,application/vnd.ms-publisher,2,downloaded,2025-11-09T05:12:21.983507,
696,"/Around the year/Yom Kippur/Y""K Pledges/Donation Pledge",Leave a Legacy Card insert.pub,other,254976,1vZGex2mzly8zP0fK6I8mT8K-9CiART_B,application/vnd.ms-publisher,2,downloaded,2025-11-09T05:12:23.080737,
697,"/Around the year/Yom Kippur/Y""K Pledges/Donation Pledge",Yom Kippur Pledge Cards 2014.pub,other,139776,18Kflw3uhcVUzDm-bgY-EktvE-NukqFVp,application/vnd.ms-publisher,2,downloaded,2025-11-09T05:12:23.765723,
698,"/Around the year/Yom Kippur/Y""K Pledges/Mitzvah Appeal/Pledge",Yom Kippur Mitzvah Appeal 5773.pub,other,181248,1TyQrDR9_ezNCfCkdlxFdnoL4L7FVtMK-,application/vnd.ms-publisher,2,downloaded,2025-11-09T05:12:24.546939,
699,"/Around the year/Yom Kippur/Y""K Pledges/Mitzvah Appeal/Pledge",Yom Kippur Mitzvah Appeal 5774.pub,other,197120,1RsarRNyK16cB1F5HGQiynu-blwfTs1-2,application/vnd.ms-publisher,2,downloaded,2025-11-09T05:12:25.614497,
700,"/Around the year/Yom Kippur/Y""K Pledges/Mitzvah Appeal/Pledge/Give 30 Campaign",give30a.pdf,document,12130885,1gA5ynhda_2DCW8EjcEjDP_uBKpXsMbxi,application/pdf,2,downloaded,2025-11-09T05:12:30.060077,
701,"/Around the year/Yom Kippur/Y""K Pledges/Mitzvah Appeal/Pledge/Give 30 Campaign",Give 30 YK Campaign,google_doc,1608,14ToO8twSt94w-zJ5utKXt8aV1daPf0Ix9HYZe63qbI0,application/vnd.google-apps.document,2,downloaded,2025-11-09T05:12:30.769096,
702,/Around the year/Yom Kippur/Services,Insights on the Yom Kippur Tefilos,google_doc,1024,1nHWkix0eg8BdIRHz19M1Y0lcqL99N6ed8Flbd5-_1KY,application/vnd.google-apps.document,2,downloaded,2025-11-09T05:12:31.462097,
703,/Around the year/Yom Kippur/Services/Service Companions/Tefilos (specific) Guide,Copy of YK Neilah Guide.doc,document,34816,1qFTdjIRX1UTDH0YOlGE4GgHAxIaBcmjk,application/msword,2,downloaded,2025-11-09T05:12:32.251638,
704,/Around the year/Yom Kippur/Services/Service Companions/Tefilos (specific) Guide,Copy of YK Shacharis Guide.doc,document,36352,14d5oEsx7Z8mqSsxvNQbOomMwT9M9fKhU,application/msword,2,downloaded,2025-11-09T05:12:32.821874,
705,/Around the year/Yom Kippur/Services/Service Companions/Tefilos (specific) Guide,Copy of YK Musaf Guide.doc,document,62464,12nwCGYvnGSxkAzWx2ZPpfHqu3EJaP08O,application/msword,2,downloaded,2025-11-09T05:12:33.460814,
706,/Around the year/Yom Kippur/Services/Service Companions/Tefilos (specific) Guide,Copy of YK Maariv Guide.doc,document,47616,1MaN47xb1YpQ0bm5SzGiW_SyJQ1s8VFvb,application/msword,2,downloaded,2025-11-09T05:12:34.343500,
707,/Around the year/Yom Kippur/Services/Service Companions,Yom Kippur Reader 5770.pub,other,1193984,17m8YBIm_qmYjNBupU-XNHOOBq5-CXAgR,application/vnd.ms-publisher,2,downloaded,2025-11-09T05:12:35.286596,
708,/Around the year/Yom Kippur/Services/Service Companions,Yom Kippur Reader 5770.pdf,document,827884,1N8X4poAaGBPXUAG3hP_KjEKdh-mF7l-o,application/pdf,2,downloaded,2025-11-09T05:12:36.397712,
709,/Around the year/Yom Kippur/Services/Service Companions,HH Guide - Low Res for Web - FINAL.pdf,document,1276150,1cbSiDakQWlM94ARPX-ODPZ3rSGtJJQXo,application/pdf,2,downloaded,2025-11-09T05:12:37.727905,
710,/Around the year/Yom Kippur/Services/Service Companions/Tefilos Guide,YK Neilah Guide.doc,document,34816,10hv2VCFToD5KWtlYnAL8VWosaMBNOYVV,application/msword,2,downloaded,2025-11-09T05:12:38.200660,
711,/Around the year/Yom Kippur/Services/Service Companions/Tefilos Guide,YK Musaf Guide.doc,document,62464,1u1SzqR_AlhE-qWLr1Nu8MbXU_tE3V0Fn,application/msword,2,downloaded,2025-11-09T05:12:38.755405,
712,/Around the year/Yom Kippur/Services/Service Companions/Tefilos Guide,YK Shacharis Guide.doc,document,36352,1IiZieKrwRkFNVe1LPeXJtNT4ZLw_QbVP,application/msword,2,downloaded,2025-11-09T05:12:39.636044,
713,/Around the year/Yom Kippur/Services/Service Companions/Tefilos Guide,YK Maariv Guide.doc,document,47616,1c1fyYddtfMuCQyzH_cyZSbzAKnAnNxiV,application/msword,2,downloaded,2025-11-09T05:12:40.443891,
714,/Around the year/Yom Kippur/Services/Service Companions,5771 - HH Service Guide - YK ALL-1 (1).pdf,document,413414,1w0MDl6YtpFupyQQuTkMw3S9YwsaAgND_,application/pdf,2,downloaded,2025-11-09T05:12:41.802081,
715,/Around the year/Yom Kippur/Services/Service Companions,YK Guide generic (1).pdf,document,19508959,1jX0RoC7-CBQVYccb_2Mn5tm5ynwYr432,application/pdf,2,downloaded,2025-11-09T05:12:50.316301,
716,/Around the year/Yom Kippur/Services/Service Companions,Bucks_YomKip_Handout (1).pdf,document,1277710,1NoU02Fk2O1VfGEutpYyPIeuHj9cY7lnQ,application/pdf,2,downloaded,2025-11-09T05:12:51.409850,
717,/Around the year/Yom Kippur/Services/Service Companions,YK Guide generic.pdf,document,19508959,1OAETwj5fzDAH55qJ34dO6tx1zB-bY32a,application/pdf,2,downloaded,2025-11-09T05:12:58.347757,
718,/Around the year/Yom Kippur/Services/Service Companions/Letters to the Next Generation,Letters-to-the-Next-Generation-2-Reflections-on-Jewish-Life.pdf,document,385333,1mEFGfZGZQPa-5mW7K1mp8txB42qRSJv3,application/pdf,2,downloaded,2025-11-09T05:12:59.169216,
719,/Around the year/Yom Kippur/Services/Service Companions/Letters to the Next Generation,Letters-to-the-Next-Generation-Reflections-for-Yom-Kippur1.pdf,document,548190,1ZCh25ywrpPQN6V4gi_NvfH3s8qz4Uu_l,application/pdf,2,downloaded,2025-11-09T05:13:00.153946,
720,/Around the year/Yom Kippur/Services/Service Companions/Letters to the Next Generation,Overview,google_doc,1024,1L-0mu5zLC2593Ls8JnNoIS2FwJd2518uk3npi_RYBy8,application/vnd.google-apps.document,2,downloaded,2025-11-09T05:13:00.956947,
721,/Around the year/Yom Kippur/Services/Service Companions,YomKippur4DummiesHand-Out.docx,document,21351,1CU2BCcCM0D9TMOfzFfZrPlGytXOdQnZP,application/vnd.openxmlformats-officedocument.wordprocessingml.document,2,downloaded,2025-11-09T05:13:01.566950,
722,/Around the year/Yom Kippur/Services/Service Companions,YomKippur4DummiesGuide.docx,document,32569,1ES9polsvQ7D5NM0IwKhceXRiGqEwx-4L,application/vnd.openxmlformats-officedocument.wordprocessingml.document,2,downloaded,2025-11-09T05:13:02.805297,
723,/Around the year/Yom Kippur/Services/Service Companions,Guide,google_doc,1114,1FmUKwZcZMEjiqo9t_E-wwuVwpukQOepsTkBJJxPY3ww,application/vnd.google-apps.document,2,downloaded,2025-11-09T05:13:03.634294,
724,/Around the year/Yom Kippur/Services/Service Companions,YK Inspirations & Meditations Service Guide 5778 with transliterated pg numbers 1.doc,document,813056,1M7Ml5tW37ryIRDjTod9YigHWL6rDK6C-,application/msword,2,downloaded,2025-11-09T05:13:04.416451,
725,/Around the year/Yom Kippur/Services/Service Companions,YK Inspirations & Meditations Service Guide with transliterated page numbers added.pdf,document,1113295,1On-qIJnG7ac6Pq5M6WTGp-KRmmaWsEdZ,application/pdf,2,downloaded,2025-11-09T05:13:05.603063,
726,/Around the year/Yom Kippur/Services/Service Companions,5771 - HH Service Guide - YK ALL-1.pdf,document,413414,1aQPCqUYRdICMhoIWTHm9QnaSffQG170s,application/pdf,2,downloaded,2025-11-09T05:13:06.367950,
727,/Around the year/Yom Kippur/Services,machzor YK.pdf,document,12122421,1F12Y9lWuVK3LJcNtW-bS8fCy0D3p3g56,application/pdf,2,downloaded,2025-11-09T05:13:10.429853,
728,/Around the year/Yom Kippur/Services/Reservation Forms,HH reservation form - 18247.doc,document,39936,10ABzAH5FT3TCM8WuFX9RI3Lfy7EHqHsh,application/msword,2,downloaded,2025-11-09T05:13:11.435851,
729,/Around the year/Yom Kippur/Services/Reservation Forms,ABC.xls,spreadsheet,24064,1S5v9ZmZScqLBJYgZ9zPjPyOV7PiDCRjB,application/vnd.ms-excel,2,downloaded,2025-11-09T05:13:11.923875,
730,/Around the year/Yom Kippur/Services,YK Page Numbers.docx,document,51396,1LfmMB8uUJks7j1ZOjYNIeonEGWBnpPDs,application/vnd.openxmlformats-officedocument.wordprocessingml.document,2,downloaded,2025-11-09T05:13:13.208740,
731,/Around the year/Yom Kippur/Services/Avodah,THE+YOM+KIPPUR+AVODAH+5774.docx,document,57188,1CndZiPZ6IHc73KWg4Smfwr5PSmmVlqBg,application/vnd.openxmlformats-officedocument.wordprocessingml.document,2,downloaded,2025-11-09T05:13:14.180273,
732,/Around the year/Yom Kippur/Services/Avodah,THE YOM KIPPUR AVODAH 5774.pdf,document,302232,15DJ_SJgHsmR_TkWeC307-LBCz30N-nhs,application/pdf,2,downloaded,2025-11-09T05:13:15.304516,
733,/Around the year/Yom Kippur/Services/Kibudim/Aliyos,Opening the ark.docx,document,59837,13V9lJZqskE0Jsn2PBxCUTVW6uF_LPGOe,application/vnd.openxmlformats-officedocument.wordprocessingml.document,2,downloaded,2025-11-09T05:13:15.920305,
734,/Around the year/Yom Kippur/Services/Kibudim/Aliyos,hh_honors_card.pub,other,703488,1qfeVnnFRz7bs0R_oDr2K8BdVsR1bu1Id,application/vnd.ms-publisher,2,downloaded,2025-11-09T05:13:16.657491,
735,/Around the year/Yom Kippur/Services/Kibudim/Aliyos,Aliya card Yom Kippur.pub,other,332288,1Unpo-BVqGNjyVGRQpQ8a9OpIZcYVWySm,application/vnd.ms-publisher,2,downloaded,2025-11-09T05:13:17.362078,
736,/Around the year/Yom Kippur/Services/Kibudim/Aliyos,Aliyot Cards.pdf,document,336245,1OFfqUHvDOkKN5qULRwbkO_lkZKC9xCpg,application/pdf,2,downloaded,2025-11-09T05:13:18.184263,
737,/Around the year/Yom Kippur/Services/Kibudim/Aliyos,Yom Kippur Kibbudim and Description - 261.docx,document,24830,1aKUOTyx5zdi0nGsrJyApZZGtQXgxyguF,application/vnd.openxmlformats-officedocument.wordprocessingml.document,2,downloaded,2025-11-09T05:13:18.937945,
738,/Around the year/Yom Kippur/Services/Chazanus,יום הכיפורים מוסף.doc,document,27136,11ETSvQTPMAgP86ygQOwyAZk5cFv2Jr57,application/msword,2,downloaded,2025-11-09T05:13:19.573286,
739,/Around the year/Yom Kippur/Services/Chazanus,יום הכיפורים שחרית.doc,document,32768,1duw5V9dUevyzx0M3rtKEk7Nmoq2axjrn,application/msword,2,downloaded,2025-11-09T05:13:20.634487,
740,/Around the year/Yom Kippur/Services/Chazanus,יום הכיפורים מעריב.doc,document,28160,1iL7Txh0f0lXXocEhagKkqpl9IPuZRSVF,application/msword,2,downloaded,2025-11-09T05:13:21.467846,
741,/Around the year/Yom Kippur/Services,Adon Haselichot.pdf,document,66543,1dBFog-bEU48FYPp0fmP_e3LlxOsE2I6f,application/pdf,2,downloaded,2025-11-09T05:13:22.429095,
742,/Around the year/Yom Kippur/Services,Bookmark.zip,other,60069823,1fFVxsE-6xNDZ8e8aygsB-KO5ryvw3XeP,application/x-zip-compressed,2,downloaded,2025-11-09T05:13:33.416166,
743,/Around the year/Yom Kippur/Services,Birkchas Kohanim (1).pdf,document,526673,1dzYUzQ8Z4uyZU3lzERuYmw1q85NmZDZP,application/pdf,2,downloaded,2025-11-09T05:13:34.308475,
744,/Around the year/Yom Kippur/Services,Birkchas Kohanim.pdf,document,526673,16bUnQ539PKmcYJWy-X8lCIhDoeUY3ETu,application/pdf,2,downloaded,2025-11-09T05:13:35.115029,
745,/Around the year/Yom Kippur/Services/Kol Nidrei,Kol Nidrei Appeals Cards.zip,other,923843,1cD41V4CKh9435buED29UuO38oPBGYD7d,application/x-zip-compressed,2,downloaded,2025-11-09T05:13:36.022028,
746,/Around the year/Yom Kippur/Services/Kol Nidrei,Kol Nidrei.pub,other,129024,1tPY5gUn3A8ViUq-HwXlO6bL97oiCNAGV,application/vnd.ms-publisher,2,downloaded,2025-11-09T05:13:36.721421,
747,/Around the year/Yom Kippur/Services/Yizkor,Yizkor 5771Final.pub,other,37693952,1hLmwVXekYlQy9asvHFe6xEschMLJTVF2,application/vnd.ms-publisher,2,downloaded,2025-11-09T05:13:42.365013,
748,/Around the year/Yom Kippur/Services/Yizkor,yizkor.pdf,document,647636,19Wj7EbPF7pvwh9iR8X2VAOl_OPOmzhTq,application/pdf,2,downloaded,2025-11-09T05:13:43.185257,
749,/Around the year/Yom Kippur/Services/Yizkor,Yizkor Booklet.pub,other,948736,1NFI_9W028-oNddKZ59WXmmDxhqUXze07,application/vnd.ms-publisher,2,downloaded,2025-11-09T05:13:44.175256,
750,/Around the year/Yom Kippur/Services/Yizkor,Yizkor Idea,google_doc,1216,1IHb8pAKKTA_fSW8Z7CXU_Q529AcpX9X1LFotCplYqxQ,application/vnd.google-apps.document,2,downloaded,2025-11-09T05:13:44.953761,
751,/Around the year/Yom Kippur/Childrens Programs,Preschool shul Yom Kippur Schedule 2010 2.doc,document,35840,1v_Komfl3WNhHCmm6wfdhDrkyJougNhrx,application/msword,2,downloaded,2025-11-09T05:13:45.854779,
752,/Around the year/Yom Kippur/Childrens Programs,Potomac YK Curriculum.zip,other,11552931,1ZKT-mhpg6nDHyk-GMVmnlXf7dgY7JGbJ,application/x-zip-compressed,2,downloaded,2025-11-09T05:13:49.124725,
753,/Around the year/Yom Kippur/Childrens Programs,Copy of יום כיפור בוקר תוכנית לילדים.docx,document,14525,1lcWorIkPcdNqRlwN2TxKt5JpBDSsjUvm,application/vnd.openxmlformats-officedocument.wordprocessingml.document,2,downloaded,2025-11-09T05:13:49.868963,
754,/Around the year/Yom Kippur/Childrens Programs,Copy of נעילה.docx,document,12350,1IRagAVs0JCIoryXqEikb5j5Havc7MbsK,application/vnd.openxmlformats-officedocument.wordprocessingml.document,2,downloaded,2025-11-09T05:13:51.127962,
755,/Around the year/Yom Kippur/Childrens Programs,Copy of כל נדרי תוכנית לילדים.docx,document,13143,1s7N3RoesLrhkhFOON-WAIvB46mGfh10c,application/vnd.openxmlformats-officedocument.wordprocessingml.document,2,downloaded,2025-11-09T05:13:51.753099,
756,/Around the year/Yom Kippur/Childrens Programs,Copy of YomKippurGames.pdf,document,554331,1UwXmglV0RvoAWMbCbFvs18JhmqZb-sLI,application/pdf,2,downloaded,2025-11-09T05:13:53.064857,
757,/Around the year/Yom Kippur/Childrens Programs,Copy of Yom Kippur Program.docx,other,0,1D7elNCCxIwdX_X5pRgjfnVhgNIxB-NeE,application/vnd.google-apps.shortcut,2,download_failed,2025-11-09T05:13:53.275785,Download failed
758,/Around the year/Yom Kippur/Childrens Programs,Copy of Yom_Kippur_Kids_Schedule_3_groups_2010.doc,document,61952,1LVWujdMliv-2gwR66vs5rEE3c5T8LK-Y,application/msword,2,downloaded,2025-11-09T05:13:54.058307,
759,/Around the year/Yom Kippur/Childrens Programs,Copy of yomkipporkidsprogram 2017.docx,document,17975,17qmSeMDY9WO9Y4Ehww2Azw_sZ6Ggu5Xh,application/vnd.openxmlformats-officedocument.wordprocessingml.document,2,downloaded,2025-11-09T05:13:55.170920,
760,/Around the year/Yom Kippur/Childrens Programs,Copy of Yom Kippur program group #3.doc,document,28160,1cNVHyl7aMZGNhX1li5ZpqQVHM3m_4Uhg,application/msword,2,downloaded,2025-11-09T05:13:55.944207,
761,/Around the year/Yom Kippur/Childrens Programs,Copy of Yom Kippur program group #1.docx,document,11804,1OwBsWRHOQtItvcp-JqfUYnLdLU8xjO-e,application/vnd.openxmlformats-officedocument.wordprocessingml.document,2,downloaded,2025-11-09T05:13:56.926118,
762,/Around the year/Yom Kippur/Childrens Programs,Copy of Yom_Kippur_millionaire.doc,document,36352,1Wsm64boxbzGJRjxgXoa-FIQAdDULzhEc,application/msword,2,downloaded,2025-11-09T05:13:57.683118,
763,/Around the year/Yom Kippur/Childrens Programs,Copy of Yom Kippur program group #2.docx,document,12023,1QWTk7qVMYmbTFUbttQSlqj8tXD4ymS2w,application/vnd.openxmlformats-officedocument.wordprocessingml.document,2,downloaded,2025-11-09T05:13:59.517324,
764,/Around the year/Yom Kippur/Childrens Programs,Copy of Yom Kippur Kids Schedule.doc,document,66048,1WtVY3qamD7tiwmKU1zlD6OyemcWFp-nw,application/msword,2,downloaded,2025-11-09T05:14:00.266722,
765,/Around the year/Yom Kippur/Childrens Programs,Copy of Yom Kippur Kids Schedule 3 Groups 2009.doc,document,62464,18DN-CAWw2vBHvel2jvAGOAKC04_CUIUK,application/msword,2,downloaded,2025-11-09T05:14:01.196379,
766,/Around the year/Yom Kippur/Childrens Programs,Copy of YOM KIPPUR KIDS PROGRAM.docx,document,18734,140JALBZM_UQeMg2IBW6BNrHTuZ5lclNL,application/vnd.openxmlformats-officedocument.wordprocessingml.document,2,downloaded,2025-11-09T05:14:02.621784,
767,/Around the year/Yom Kippur/Childrens Programs,Copy of Yom Kippur Day kids program ages 4-7.doc,document,37376,1N8f0j2bs-bdRrGnSM2HyA9y6618g-VJt,application/msword,2,downloaded,2025-11-09T05:14:03.647393,
768,/Around the year/Yom Kippur/Childrens Programs,Copy of Yom Kippur Children 2017.docx,document,2111052,1TQ9culrqv6KsMfuIHJzamdOcM4ZPDRHW,application/vnd.openxmlformats-officedocument.wordprocessingml.document,2,downloaded,2025-11-09T05:14:05.119675,
769,/Around the year/Yom Kippur/Childrens Programs,Copy of Yom Kippur BabbleOn.pdf,document,12499231,1GDFjKIDfQT8yp4GAAfYix9Liv_4NAV-D,application/pdf,2,downloaded,2025-11-09T05:14:09.765542,
770,/Around the year/Yom Kippur/Childrens Programs,Copy of YK night schedule.docx,document,15707,1MAl90Hs99zp4cOywJe-dvwSgNOQsAI2v,application/vnd.openxmlformats-officedocument.wordprocessingml.document,2,downloaded,2025-11-09T05:14:10.755555,
771,/Around the year/Yom Kippur/Childrens Programs,Copy of YK Malarky.pdf,document,394182,1ksWtrsdpsXVs3-0xi84A-R0r7Kf3jEB_,application/pdf,2,downloaded,2025-11-09T05:14:13.733977,
772,/Around the year/Yom Kippur/Childrens Programs,Copy of yk left right story.doc,document,26112,1upX5q-wius_aJBHEQeMCnVQD30z1iXJA,application/msword,2,downloaded,2025-11-09T05:14:14.309088,
773,/Around the year/Yom Kippur/Childrens Programs,Copy of YK Kids Schedule 5767.doc,document,43520,1WqXeENIt20fEVD50H8WYZTcpbAbSjP5u,application/msword,2,downloaded,2025-11-09T05:14:15.315412,
774,/Around the year/Yom Kippur/Childrens Programs,Copy of YK Kids Program Schedule 2 Groups.docx,document,75150,1bqdOBtwoJ4EJk3DnBQnuXmNBwlgwHxpQ,application/vnd.openxmlformats-officedocument.wordprocessingml.document,2,downloaded,2025-11-09T05:14:16.208877,
775,/Around the year/Yom Kippur/Childrens Programs,Copy of yk kids program - songs.xlsx,spreadsheet,16179,1LLmL7JHyqxg8CDJJo0jw4b1RvitahJNR,application/vnd.openxmlformats-officedocument.spreadsheetml.sheet,2,downloaded,2025-11-09T05:14:17.531973,
776,/Around the year/Yom Kippur/Childrens Programs,Copy of YK children service 5771!!.doc,document,47616,1oqe-jLIDDR4PgZVV8cbo7SYEkACZFiDL,application/msword,2,downloaded,2025-11-09T05:14:18.673979,
777,/Around the year/Yom Kippur/Childrens Programs,Copy of Seat to Seat Game YK.docx,document,49926,138kFKK6YkWt5ygnocIvXMouzLInwtmUJ,application/vnd.openxmlformats-officedocument.wordprocessingml.document,2,downloaded,2025-11-09T05:14:19.323928,
778,/Around the year/Yom Kippur/Childrens Programs,Copy of Jewpardy Yom Kippur Inserts.pdf,document,3580554,1Ag_63QECzBGCKYXd5JhryyktMamW-rkm,application/pdf,2,downloaded,2025-11-09T05:14:35.073143,
779,/Around the year/Yom Kippur/Childrens Programs,Copy of FIX IT OR FORGIVE IT.doc,document,47616,1UqvgIty44k_VI8XktdeOI2Ajqw4kCSp5,application/msword,2,downloaded,2025-11-09T05:14:35.917284,
780,/Around the year/Yom Kippur/Childrens Programs,Copy of CQM Yom Kippur Kids Program Schedule.doc,document,35328,1c1JmckN3EzdXI-vMg4OE_H-SykKQu72N,application/msword,2,downloaded,2025-11-09T05:14:36.483649,
781,/Around the year/Yom Kippur/Childrens Programs,Copy of all games yk.docx,document,16646,1yi9vhdhPD0h8K0NARUVA8asi_G8GWxP7,application/vnd.openxmlformats-officedocument.wordprocessingml.document,2,downloaded,2025-11-09T05:14:37.207394,
782,/Around the year/Yom Kippur/Childrens Programs,Yom Kippur: My Destiny is in My Hands,google_doc,7317,1uoEA4CxjUWEP8gkTT26YNxr4NZ40Tuoldo0ugGZPCkk,application/vnd.google-apps.document,2,downloaded,2025-11-09T05:14:38.016414,
783,/Around the year/Yom Kippur/Childrens Programs,Yom Kippur Childrens Program.doc,document,33280,1BLNxaKr9l-aF_vg_EzaY7oxC_KigIijB,application/msword,2,downloaded,2025-11-09T05:14:38.918929,
784,/Around the year/Yom Kippur/Childrens Programs,Copy of Yom Kippur Millionaire.doc,document,39424,1L3jLUU9KIBNKy--ojfvFTPR8zPlZU4KH,application/msword,2,downloaded,2025-11-09T05:14:39.607489,
785,/Around the year/Sukkos/Video Library,Sukkos Video Library,google_doc,2452,1KxiAZnKaJaPp_4RtDMKtREWd84YuspCF54KBxBYsJIc,application/vnd.google-apps.document,2,downloaded,2025-11-09T05:14:40.391252,
786,/Around the year/Sukkos,Sukkot Cover.pub,other,203776,1doWQmFlD7ijaU_ITAaL2uu3BIDM6tKbv,application/vnd.ms-publisher,2,downloaded,2025-11-09T05:14:40.959264,
787,/Around the year/Sukkos/Classes and Speeches,Copy of High_Holiday_Cool_Facts_2 (1).pdf,document,276252,19VdpVk3bwKvDgzsbUi9u2XCmhz_fFbRW,application/pdf,2,downloaded,2025-11-09T05:14:41.690700,
788,/Around the year/Sukkos/Classes and Speeches,Copy of Sukkot Questions.docx,document,16770,1uO_EmTEGCYDBwTxS0gmbtWysWfBabYps,application/vnd.openxmlformats-officedocument.wordprocessingml.document,2,downloaded,2025-11-09T05:14:43.103183,
789,/Around the year/Sukkos/Classes and Speeches,Untitled document,google_doc,3218,1gJrtMEC_BkxNTYwBBG_uJ9XaIvjeVjMrtJTBbBhsd2o,application/vnd.google-apps.document,2,downloaded,2025-11-09T05:14:44.007938,
790,/Around the year/Sukkos/Classes and Speeches,Sukkot Dvar Torah Ideas,google_doc,4558,1JPDpw2WaLdyfaT7O-CYNlKu9PX19DOUd03lv7hqQjd0,application/vnd.google-apps.document,2,downloaded,2025-11-09T05:14:44.796123,
791,/Around the year/Sukkos/Classes and Speeches,Yossi Lew - Sukkos Sermon - BUNDLES OF BRANCHES,document,14266,1nKWyJo-KZU4DYnnS8pPwen6Y91CdXzG7,application/vnd.openxmlformats-officedocument.wordprocessingml.document,2,downloaded,2025-11-09T05:14:45.768122,
792,/Around the year/Sukkos/Classes and Speeches,Hebrew School Sukkos.zip,other,19592976,1ThK85ttHnQpcU-0ah_glqekJeetS4QLh,application/x-zip-compressed,2,downloaded,2025-11-09T05:14:51.269011,
793,/Around the year/Sukkos/Classes and Speeches,3 Mini Droshas for Sukkos.docx,document,17528,1rbGddL9vZjitQKvSR_JvFPBEDUxXTWKt,application/vnd.openxmlformats-officedocument.wordprocessingml.document,2,downloaded,2025-11-09T05:14:51.866354,
794,/Around the year/Sukkos/Classes and Speeches,Sukkos Sermon.docx,document,18107,1IelyLaal-tq21u7b9TwRGjM2y_9J88HL,application/vnd.openxmlformats-officedocument.wordprocessingml.document,2,downloaded,2025-11-09T05:14:52.815679,
795,/Around the year/Sukkos/Classes and Speeches,Sukkos Sermon - Rejoicing Undercover,document,15051,1rvf1dAyWFMtAoG5tm1-woyM5P6BThheK,application/vnd.openxmlformats-officedocument.wordprocessingml.document,2,downloaded,2025-11-09T05:14:53.418042,
796,/Around the year/Sukkos/Classes and Speeches,Sukkos class,google_doc,5384,1WNSMzW4rNhxhG1Zlv0tU-RZz1S1sjB28BraFOK_xvas,application/vnd.google-apps.document,2,downloaded,2025-11-09T05:14:54.069075,
797,/Around the year/Sukkos/Halachos,Sukkah event starting before Sukkos. when to make a Bracha?,google_doc,2608,1T_o2dYSQp9DuIRwy8XZPewqEn-xqqSzAJ7YBn_2vk8M,application/vnd.google-apps.document,2,downloaded,2025-11-09T05:14:54.887016,
798,/Around the year/Sukkos/Halachos,Halachos regarding Bamboo mats,google_doc,2649,1wrSD8xz-kMoy1OZWu75xUej_EIqRYZ6VKCsyWlsBatE,application/vnd.google-apps.document,2,downloaded,2025-11-09T05:14:55.681797,
799,/Around the year/Sukkos/Halachos,Halacha-sukkos for email.pdf,document,22219991,1bPHCqhQoLCmLF6JJLYdC05Xfdg1Kb1xW,application/pdf,2,downloaded,2025-11-09T05:15:03.025604,
800,/Around the year/Sukkos/Sukka,Bucks_Sukkot_Handout (2).pdf,document,1087355,1jexIXFQ3UURBE3OPrVV_XpdtzwBDwB72,application/pdf,2,downloaded,2025-11-09T05:15:04.211190,
801,/Around the year/Sukkos/Sukka/Posters,Sukka Explanation.doc,document,40960,1TUrgMeAf64ndZSCK4E0wBbeZn0RoYAiR,application/msword,2,downloaded,2025-11-09T05:15:05.480631,
802,/Around the year/Sukkos/Sukka/Posters,Sukkah Poster.pdf,document,304718,1NzmltwQGVVD2NWoGItldeTMkGmXjEths,application/pdf,2,downloaded,2025-11-09T05:15:06.551333,
803,/Around the year/Sukkos/Sukka/Posters,Sukkah disclaimer.docx,document,12693,1ML3GZDePho2yVEqaC8hWsR95hKvosf9N,application/vnd.openxmlformats-officedocument.wordprocessingml.document,2,downloaded,2025-11-09T05:15:07.219527,
804,/Around the year/Sukkos/Sukka,Copy of Kosher Sukkah Checklist,google_doc,12702,1tJdtUUhTC-l541zY0-JcBQNnICQZ1DNLiKpbITmtJXc,application/vnd.google-apps.document,2,downloaded,2025-11-09T05:15:08.039425,
805,/Around the year/Sukkos/Sukkos Mivtzoyim,I did the lulav shake STICKERS.pdf,document,87432,1j_F8CSSon6gMa3eIAFRzJif8jyxv7TxY,application/pdf,2,downloaded,2025-11-09T05:15:09.105328,
806,/Around the year/Sukkos/Sukkos Mivtzoyim,Kosher Sukkah Checklist,google_doc,12700,16UDmIl0F8X5uouwzBD-8RZh4_lHKkAXHSvUs1Ec7FUc,application/vnd.google-apps.document,2,downloaded,2025-11-09T05:15:10.067280,
807,/Around the year/Sukkos/Sukkos Mivtzoyim,Guide sheet with Lulav order.docx,document,54081,1f8jG9ARZ7jHoZnD86rDwgV0HAKbi4e0B,application/vnd.openxmlformats-officedocument.wordprocessingml.document,2,downloaded,2025-11-09T05:15:10.751531,
808,/Around the year/Sukkos/Sukkos Mivtzoyim,Blessings in the Sukkah.pdf,document,173228,1i4gF4ekKeI62Gbo_XguTYBeMeoQSBGk5,application/pdf,2,downloaded,2025-11-09T05:15:11.694532,
809,/Around the year/Sukkos/Sukkos Mivtzoyim,Bucks_Sukkot_Handout (2).pdf,document,1087355,1xj3ObjeVn7dGWkVv_y8HIgQGotrBfN35,application/pdf,2,downloaded,2025-11-09T05:15:12.878532,
810,/Around the year/Sukkos/Sukkos Mivtzoyim,Lulav shaking Guide.pdf,document,892445,1HyqrPaIxZINJmj-tUpRWCOFRn8z6u8dO,application/pdf,2,downloaded,2025-11-09T05:15:13.739784,
811,/Around the year/Sukkos,Video Shlichus Tips for Sukkos,google_doc,1024,1N2GnH8LeO_d0_Px0hBXZAKqP6XbLMq58Ed46-Ua6KVs,application/vnd.google-apps.document,2,downloaded,2025-11-09T05:15:14.425785,
812,/Around the year/Sukkos/Sukkos Event,Sukkos Events,google_doc,2106,1LhwObZzIqIqWFDV4TUQevAfU7rxJkcj2xWdeGJsQ2MU,application/vnd.google-apps.document,2,downloaded,2025-11-09T05:15:15.503450,
813,/Around the year/Sukkos/Sukkos Event/Games,sukkot_game1.pdf,document,53089,1tgrmXXQXLLvNVV7vsv8MPp3oI1DHpmDG,application/pdf,2,downloaded,2025-11-09T05:15:16.336736,
814,/Around the year/Sukkos/Sukkos Event/Games,Sukkot+Minyanaire.ppt,other,420352,1GIesXW0im_G12LGfk_H1hhO6D3weGGHo,application/vnd.ms-powerpoint,2,downloaded,2025-11-09T05:15:17.260708,
815,/Around the year/Sukkos/Sukkos Event/Games,Sukkos game 68 a.pub,other,146432,1bu3FNjBlXKSFOpCLZIe6kU2njNYsRYma,application/vnd.ms-publisher,2,downloaded,2025-11-09T05:15:17.968677,
816,/Around the year/Sukkos/Sukkos Event/Flyers,Copy of SUKKOT DINNER.pdf,document,275507,1C6FDoio6TQsDxvEtySaqj3mM9PydwpDe,application/pdf,2,downloaded,2025-11-09T05:15:19.059082,
817,/Around the year/Sukkos/Sukkos Event/Flyers,Hookah in the Sukkah (Levenberg Umass).pdf,document,1633023,1fNoiuK5zYXQj4-pLdvRYVPGfLGc1yGvh,application/pdf,2,downloaded,2025-11-09T05:15:20.203737,
818,/Around the year/Sukkos/Sukkos Event,Copy of Purim Song.pdf,document,153335,1HRLKS0PHfnaM5xRxnPAbUGrmE4OFSyBf,application/pdf,2,downloaded,2025-11-09T05:15:21.188734,
819,/Around the year/Sukkos/Sukkos Event/Press Release,Press Release for Sukkah Event,google_doc,2311,1Ket-RKmoyL1RgdJ0SwmLhRah4U07VjriEj83DrLRGLk,application/vnd.google-apps.document,2,downloaded,2025-11-09T05:15:21.914736,
820,/Around the year/Sukkos/Sukkah Mobile,Sukkah Mobile ,google_doc,2344,1YIf5F-ZXCfiha1nqAasz7wbIQ6nsPJH4m7u3zheBIvM,application/vnd.google-apps.document,2,downloaded,2025-11-09T05:15:22.659193,
821,/Around the year/Sukkos/Sukkah Mobile/Sukka Mobile Banners,Happy Sukkos Sign - 16837.pdf,document,4568137,1i_0uDImzX4pguxk8-JUIdcKQhG9VOH5E,application/pdf,2,downloaded,2025-11-09T05:15:25.082581,
822,/Around the year/Sukkos/Sukkah Mobile/Sukka Mobile Banners,Sukkah Mobile Banners,google_doc,1024,1yL40rAQOPJG_f3cFnpdBwTYejlC6eC5XMR8P927h7k4,application/vnd.google-apps.document,2,downloaded,2025-11-09T05:15:26.000504,
823,/Around the year/Sukkos/Sukkah Mobile/Sukka Mobile Building Instructions,Pickup truck Sukkah instructions,google_doc,1024,1vP7Phvo9t5__RmT4aB7z2Q_Song8CKMTULrqV0oA8Rw,application/vnd.google-apps.document,2,downloaded,2025-11-09T05:15:26.672458,
824,/Around the year/Sukkos/Sukkah Mobile/Sukka Mobile Building Instructions,DIY-Sukkah-Mobile-Guide.pdf,document,1568286,15KG20-tA0Qp7wZwHg4x4lyGnM4MM0GLI,application/pdf,2,downloaded,2025-11-09T05:15:28.149884,
825,/Around the year/Simchas Torah,High Holidays,google_doc,3221,1pDRQA_Esbo14R80gz4VKBHmqHKbB63ZzINB6FTarC9I,application/vnd.google-apps.document,2,downloaded,2025-11-09T05:15:28.843403,
826,/Around the year/Simchas Torah/Video Library,"S""T Video Library",google_doc,1024,1i4Z4gmYzm8JHW2RP5qrZ6BQOTdZvA8-19NX4rED67pc,application/vnd.google-apps.document,2,downloaded,2025-11-09T05:15:29.511186,
827,/Around the year/Simchas Torah,gift box for K-1 booklet.pub,other,104960,1A5ZWP0MFmOnEpfO1Oxf-q9AbyYiJQVxv,application/vnd.ms-publisher,2,downloaded,2025-11-09T05:15:30.176678,
828,/Around the year/Simchas Torah,CHS of Potomac Simchat Torah Curriculum.doc,document,18952,1l8xi7mJZReECpOZOrBn5ROMYOVS09Bg0,application/msword,2,downloaded,2025-11-09T05:15:31.243690,
829,/Around the year/Simchas Torah/Shul/Services,simchas torah day honors,google_doc,2140,1qZEnC92t7XgJrrS2FVeIBHiqdSdaUqx5xpouYTOhkV0,application/vnd.google-apps.document,2,downloaded,2025-11-09T05:15:31.943173,
830,/Around the year/Simchas Torah/Shul/Services,siddur maariv for simchas torah express.pdf,document,843662,1ABBwtdgOG7_IJAADEXdBvqzaNyHDKrM2,application/pdf,2,downloaded,2025-11-09T05:15:32.783635,
831,/Around the year/Simchas Torah/Shul/Services,ChasantorahEnglish.docx,document,6231,1484yG46SSL5vzUkQ26yHSfh9ZuBfOw6z,application/vnd.openxmlformats-officedocument.wordprocessingml.document,2,downloaded,2025-11-09T05:15:33.310411,
832,/Around the year/Simchas Torah/Schedules and Lists,Copy of Simchat Torah Schedule for Bentleigh Chabad copy.docx,document,494475,1a6mwK27q0rIHlqDk5OgAfyklAXssu7Bs,application/vnd.openxmlformats-officedocument.wordprocessingml.document,2,downloaded,2025-11-09T05:15:33.922577,
833,/Around the year/Simchas Torah/Schedules and Lists,Copy of To buy for simchat torah.docx,document,66939,10T-mMcnf58ObtDo-44V1LVPl65ONTzDK,application/vnd.openxmlformats-officedocument.wordprocessingml.document,2,downloaded,2025-11-09T05:15:34.825265,
834,/Around the year/Simchas Torah/Kids Programs,SImchas Torah game ideas.docx,document,11402,1bAk4jUO4zC0UdnW3ygH1nvZQVOdk3apa,application/vnd.openxmlformats-officedocument.wordprocessingml.document,2,downloaded,2025-11-09T05:15:35.706174,
835,/Around the year/Simchas Torah/Kids Programs,List of Parshios in English.doc,document,30208,1_tO-RxRDmZz587p4ZjDbV6EUT00FxQOl,application/msword,2,downloaded,2025-11-09T05:15:36.310630,
836,/Around the year/Simchas Torah/Kids Programs,Copy of Simchat Torah 2013-5774 kids program,other,0,1lqODGMKHaoPASLY1ocuekAkwSGa3rkRw,application/vnd.google-apps.shortcut,2,download_failed,2025-11-09T05:15:36.516655,Download failed
837,/Around the year/Simchas Torah/Kids Programs,Copy of Simchat Torah Carnival System 2 (1).docx,document,497078,1BIDnKIz0MyysuxO94slq4pl6lcD0UgGj,application/vnd.openxmlformats-officedocument.wordprocessingml.document,2,downloaded,2025-11-09T05:15:37.128725,
838,/Around the year/Simchas Torah/Kids Programs,Copy of Simchas Torah ideas,google_doc,2692,1WkxgcaIXbZ5RepTsUTJvvrMx0_AJxU16-lTtA_XqTVs,application/vnd.google-apps.document,2,downloaded,2025-11-09T05:15:38.060056,
839,/Around the year/Simchas Torah/Kids Programs,Copy of SIMCHAS TORAH FLAG w missions.pub,other,1811968,1IOWajAbyjA5UspH10HnYsqY7lm8WfN_a,application/vnd.ms-publisher,2,downloaded,2025-11-09T05:15:39.506710,
840,/Around the year/Simchas Torah/Classes/Speeches,Copy of The Feet of the Torah.docx,document,36939,1J1Pwsmep7a6f75T6w3oBjori3GKFu_2q,application/vnd.openxmlformats-officedocument.wordprocessingml.document,2,downloaded,2025-11-09T05:15:40.159079,
841,/Around the year/Simchas Torah/Classes/Speeches,Simchas Torah Talking points,google_doc,1752,1wnghZsfcdtZhtQSgEEMhcetwjz8nP1sW_fLMUcG-v-E,application/vnd.google-apps.document,2,downloaded,2025-11-09T05:15:40.767021,
842,/Around the year/Simchas Torah/Classes/Speeches,Shmini Atzeres-Simchas Torah.pdf,document,52563,10ExqfrbUF26HcCHszt1qPQvAK8rFZkaY,application/pdf,2,downloaded,2025-11-09T05:15:41.552023,
843,/Around the year/Simchas Torah/Classes/Speeches,Leil SMCHT Mem Zayin.pdf,document,1745117,1z9oWZhP3GpuXf2V1jAKV0FBiMQMBGtBY,application/pdf,2,downloaded,2025-11-09T05:15:43.330614,
844,/Around the year/Simchas Torah/Classes/Speeches,Simchas Torah Tisamach - 1506.docx,document,24720,14IWrgvNx4faNIWAf5DZEkY695esenZbj,application/vnd.openxmlformats-officedocument.wordprocessingml.document,2,downloaded,2025-11-09T05:15:44.006396,
845,/Around the year/Simchas Torah/Classes/Speeches,RaichikStory[1].doc,document,1402880,1emWI3BPy14m-aDl4uo7yKbYG2r9qDuMX,application/msword,2,downloaded,2025-11-09T05:15:45.513445,
846,/Around the year/Simchas Torah/Classes/Speeches,HISOIRERUS FOR SIMCHAS TORAH.docx,document,42706,1HLdcvoaweZDwkS8K8vtoxP5SGiiJAniG,application/vnd.openxmlformats-officedocument.wordprocessingml.document,2,downloaded,2025-11-09T05:15:46.174758,
847,"/Around the year/Simchas Torah/Classes/Speeches/Copy of Shmini Atzeret ,Simchat Torah Dvar Torah- Dancing in the Rain","Copy of Shmini Atzeret ,Simchat Torah Dvar Torah- Dancing in the Rain/ Tribal dance",google_doc,2986,1HAfqkkqjKQ1sQyaRxXLb4qvKu5t63t4T8uesz5R53M4,application/vnd.google-apps.document,2,downloaded,2025-11-09T05:15:46.745627,
848,/Around the year/Simchas Torah/Classes/Speeches,Copy of Adult Interactive Learning.docx,document,18237,1VH2yY5oX1nn_mv7KTwVcqWNiAjxciEWN,application/vnd.openxmlformats-officedocument.wordprocessingml.document,2,downloaded,2025-11-09T05:15:47.840396,
849,/Around the year/Simchas Torah/Classes/Speeches,Copy of Adult Learning.docx,document,184053,1RblIfnfnDDyeZi_456jUyQV4DSheoVPU,application/vnd.openxmlformats-officedocument.wordprocessingml.document,2,downloaded,2025-11-09T05:15:48.713400,
850,/Around the year/Simchas Torah/Classes/Speeches,Copy of Adult learning FINAL.pdf,document,419209,1q6bZlSnU9IdEMctnL_6JvhO2yuffyt2d,application/pdf,2,downloaded,2025-11-09T05:15:50.467616,
851,/Around the year/Simchas Torah/Hakafos,Simchas Torah Roundup,google_doc,1629,1cFBfeEaJUfDHOFFAQFAP3vYuRN7_jABgT3DHBzl7f2A,application/vnd.google-apps.document,2,downloaded,2025-11-09T05:15:51.118719,
852,/Around the year/Simchas Torah/Hakafos,Simchas torah song book.docx,document,44837,1ysudnUA_XX_KDpnakCeLADA8jH6y6Tox,application/vnd.openxmlformats-officedocument.wordprocessingml.document,2,downloaded,2025-11-09T05:15:51.887132,
853,/Around the year/Simchas Torah/Hakafos,The Feet of the Torah.docx,document,36939,1sz-XnLl_28v-9jFnBVnqu_PvGYfVa5r-,application/vnd.openxmlformats-officedocument.wordprocessingml.document,2,downloaded,2025-11-09T05:15:52.540822,
854,/Around the year/Simchas Torah/Hakafos,Simchat Torah KIDS song sheet.pdf,document,19576,1yJt2fzyXYBWTmI10H4-7Mqbn0S5sNSP1,application/pdf,2,downloaded,2025-11-09T05:15:53.496097,
855,/Around the year/Simchas Torah/Hakafos,simchas torah Songbook.doc,document,897024,1hvkE7hHHGgEUOiJqzkycn3uiTWjszyGo,application/msword,2,downloaded,2025-11-09T05:15:54.371811,
856,/Around the year/Simchas Torah/Hakafos,Simchas Torah Hakafah prize tickets.pub,other,980480,1AjiRsFBN1aJjx2Ar_nBLTrl4Qdi4Xe-N,application/vnd.ms-publisher,2,downloaded,2025-11-09T05:15:55.211052,
857,/Around the year/Simchas Torah/Hakafos,Simchas Torah Missions.pub,other,217088,1PTPAVSrs5zOyiEfqp3bhK032MWPVbzql,application/vnd.ms-publisher,2,downloaded,2025-11-09T05:15:55.841620,
858,/Around the year/Simchas Torah/Hakafos,"S""T Ideas",google_doc,2725,1fbDcbmLla_8Lde9tPVa7emk78mt-OZmoMLYnVWLPVQE,application/vnd.google-apps.document,2,downloaded,2025-11-09T05:15:56.591620,
859,/Around the year/Simchas Torah/Hakafos,Copy of Simchas Torah booklet 5776.doc,document,126976,1eCSTas6SRCR0JjiD-yvZqkF3oc70d0I0,application/msword,2,downloaded,2025-11-09T05:15:57.349572,
860,/Around the year/Simchas Torah/Hakafos,Copy of Hakafor Guide.pdf,document,527782,1Di5UornRyH91pzgwo5G12Fi8KQFvdx2h,application/pdf,2,downloaded,2025-11-09T05:15:58.367369,
861,/Around the year/Simchas Torah/Hakafos,Copy of Hakafot book 5769.pub,other,236032,1OJHDhGK_5QTCMMZR5IqLweBiKjTYUGVQ,application/octet-stream,2,downloaded,2025-11-09T05:15:58.964367,
862,/Around the year/Simchas Torah/Hakafos,Copy of Hakafot book 5778.pub,other,2090496,1nhV2JYi8Vk6u8d40TFHCIgx847qXLGZi,application/octet-stream,2,downloaded,2025-11-09T05:16:00.635506,
863,/Around the year/Simchas Torah/Hakafos,Copy of Hakafos Sheet.pdf,document,8990862,1feNtnL42FsLazz2NiHG_56P8pIXHsMQo,application/pdf,2,downloaded,2025-11-09T05:16:07.290056,
864,/Around the year/Simchas Torah/Hakafos,Copy of Simchat Torah in the Park Guide.docx,document,22173,1xM9s6_ktJ2vT50VAe4kQDkvDg_7NvfgC,application/vnd.openxmlformats-officedocument.wordprocessingml.document,2,downloaded,2025-11-09T05:16:08.435742,
865,/Around the year/Simchas Torah/Hakafos,Gifts to Give away to kids on ST,google_doc,3745,1t-UFtsxDGKEYi2tTlLfmgTlACNApyAmRdNEAP55u8x0,application/vnd.google-apps.document,2,downloaded,2025-11-09T05:16:09.116342,
866,/Around the year/Simchas Torah/Simchas Torah With the Rebbe,SIMCHAS TORAH TISMACH.docx,document,37525,1E1bnlFi2RYgqHtDNCFEfAiAPtEpaUe39,application/vnd.openxmlformats-officedocument.wordprocessingml.document,2,downloaded,2025-11-09T05:16:09.817402,
867,/Around the year/Simchas Torah/Simchas Torah With the Rebbe,Simchas Torah by the Rebbe,google_doc,1456,1mKqPQ4VB8H3-40iGn7k8KJnQD-zwJeMdFXkgCwwDuUI,application/vnd.google-apps.document,2,downloaded,2025-11-09T05:16:10.537400,
868,/Around the year/Chanukah,Chanukah Canva Links,google_doc,1024,1XSfevX_7gmGA16_VDXRXW-hGpfGRfbmB0-bIuuSJA38,application/vnd.google-apps.document,2,downloaded,2025-11-09T05:16:11.103399,
869,/Around the year/Chanukah/General,Chanukah Tips and Tricks,google_doc,3184,1LQMFUjK8ee8yEahq5FVhgYnIVQBN-wnhzGoHiUaG5tg,application/vnd.google-apps.document,2,downloaded,2025-11-09T05:16:11.781563,
870,/Around the year/Chanukah/General,Chanukah To do List.docx,document,43189,1YlEIsp62w1wfeG9hsetkMGEwp0dCht95,application/vnd.openxmlformats-officedocument.wordprocessingml.document,2,downloaded,2025-11-09T05:16:12.848911,
871,/Around the year/Chanukah/General,Menorah Letters From the Rebbe,google_doc,1024,1kW9mwmXGgd9kbkn7iSMy0M3fU9p4vQcg6RZrAWTRrfc,application/vnd.google-apps.document,2,downloaded,2025-11-09T05:16:13.561145,
872,/Around the year/Chanukah/General,Chanukah Facebook Contest,google_doc,1408,1i4Agoygwj0MY1XFhFhoRlmbv42hpsQ3FEhHcwpcuPgQ,application/vnd.google-apps.document,2,downloaded,2025-11-09T05:16:14.218466,
873,/Around the year/Chanukah/Classes,"Copy of 121521502__Class on Chanukah -8 candles, 8 lessons.docx",document,20072,1pbBQer4kgxb1EYucQDZe2w-lPN8DOfsb,application/vnd.openxmlformats-officedocument.wordprocessingml.document,2,downloaded,2025-11-09T05:16:14.811427,
874,/Around the year/Chanukah/Classes,Copy of Dvar Torah.docx,document,19124,1XeqrAkvlogwDAq-kM7j4S5gwXeaRx8ZA,application/vnd.openxmlformats-officedocument.wordprocessingml.document,2,downloaded,2025-11-09T05:16:15.410484,
875,/Around the year/Chanukah/Classes,Copy of 121620302__WWR Chanukah 2011.doc,document,57344,1R1bdGnfpyxuymPo3-fPZik5xf1pjSRCa,application/msword,2,downloaded,2025-11-09T05:16:16.123036,
876,/Around the year/Chanukah/Classes,Copy of womens event chanuka speech.docx,document,17516,12u8sLDvUz1aQKg-ZB1Pk1YWSylFq2BcB,application/vnd.openxmlformats-officedocument.wordprocessingml.document,2,downloaded,2025-11-09T05:16:16.935266,
877,/Around the year/Chanukah/Classes,Copy of chanukah 5779 my notes.docx,document,19380,1YTolL0ryu1nIVyOMgq7hkKTDI8tDPO49,application/vnd.openxmlformats-officedocument.wordprocessingml.document,2,downloaded,2025-11-09T05:16:18.180151,
878,/Around the year/Chanukah/Classes,Copy of 121414201__Chanukah Heroines.docx,document,43529,1eHMV5uaWLFmWZGXdTWeto2yQso3uUmyF,application/vnd.openxmlformats-officedocument.wordprocessingml.document,2,downloaded,2025-11-09T05:16:18.987811,
879,/Around the year/Chanukah/Classes,Copy of DD6_A_DEEPER_MEANING_INTO_CHANUKAH.docx,document,16355,1EpH5ngQVenqbo2fxFoGxxKVaKZ6dJ_Ju,application/vnd.openxmlformats-officedocument.wordprocessingml.document,2,downloaded,2025-11-09T05:16:19.818941,
880,/Around the year/Chanukah/Classes,Copy of Women of the Chanukah story.docx,document,27986,1-KACAHw6Q8oTsRMREG-LieTktRcj3o02,application/vnd.openxmlformats-officedocument.wordprocessingml.document,2,downloaded,2025-11-09T05:16:20.500086,
881,/Around the year/Chanukah/Classes,Copy of ChanukahLightUpYourWorld--TeacherGuide.pdf,document,247503,1bO-n_b9hQYocRfLoGsTDkjR0cu2YizRu,application/pdf,2,downloaded,2025-11-09T05:16:21.723085,
882,/Around the year/Chanukah/Classes,Copy of 121414201__Feminine Side of Chanuka Dvar Torah.docx,document,15336,1XsaG70T3ZRQc0-7DRRMRDrOpdD9Yaux5,application/vnd.openxmlformats-officedocument.wordprocessingml.document,2,downloaded,2025-11-09T05:16:22.555809,
883,/Around the year/Chanukah/Halacha,Hilchos Chanukah,google_doc,1024,1XbYjql3zdTYpy_Li6TYOFfzZHgptMQVb71PR_362HWw,application/vnd.google-apps.document,2,downloaded,2025-11-09T05:16:23.264809,
884,/Around the year/Chanukah,Social Media Tips for Chanukah,google_doc,3228,10H_QPQasVo1LQZOpORF8j-SeloA_pIKspXtadmDXBD8,application/vnd.google-apps.document,2,downloaded,2025-11-09T05:16:24.156559,
885,/Around the year/Chanukah/Old/Chanukah Menorahs-/Car Menorahs-/Parade-,Police Escort,google_doc,1024,1vMUFzTkjRYsQPnsbio8Y04bwwF8xZ2h7tJbz5KUugAM,application/vnd.google-apps.document,2,downloaded,2025-11-09T05:16:24.774078,
886,/Around the year/Chanukah/Old/Chanukah Menorahs-/Car Menorahs-/Parade-/Connecting music,Connecting Music for Parade,google_doc,2528,1w2zyBxnb4CqsR8RvitIVJitaSuxumZx2YJ-iqVxb5nU,application/vnd.google-apps.document,2,downloaded,2025-11-09T05:16:25.507188,
887,/Around the year/Chanukah/Old/Chanukah Menorahs-/Car Menorahs-/Parade-/Connecting music,Radio Connection,google_doc,1241,10ZU-ZuoRQhzqwmTRnogbPxASnclD6WvgKa2XzL4UNiI,application/vnd.google-apps.document,2,downloaded,2025-11-09T05:16:26.209472,
888,/Around the year/Chanukah/Old/Chanukah Menorahs-/Car Menorahs-/Parade-/Parade Press Release,Parade Press 1,google_doc,2739,1ENosyXP4BDuau9BHE7zLUHxJuFAqOgn4pJcca4kWMmQ,application/vnd.google-apps.document,2,downloaded,2025-11-09T05:16:27.018445,
889,/Around the year/Chanukah/Old/Chanukah Menorahs-/Car Menorahs-/Parade-/Parade Press Release,Chanukah Car Parade Press Release,google_doc,1024,1kZB8r40fZF9U89wlBy1BBP54NRimvgppSgrWiiUknDA,application/vnd.google-apps.document,2,downloaded,2025-11-09T05:16:28.015336,
890,/Around the year/Chanukah/Old/Chanukah Menorahs-/Car Menorahs-/Parade-,License for Parade?,google_doc,1573,1y8GYvADGk8Qlw67NdA5Jrjb4msR2P_OMdcoGV7IKizw,application/vnd.google-apps.document,2,downloaded,2025-11-09T05:16:28.631879,
891,/Around the year/Chanukah/Old/Chanukah Menorahs-/Car Menorahs-,Purchase Car Menorah,google_doc,4249,1JJaSJ0e2WkANYfzcWirYe5XpmceqD_xO3N_pTpgz0n4,application/vnd.google-apps.document,2,downloaded,2025-11-09T05:16:29.372475,
892,/Around the year/Chanukah/Old/Chanukah Menorahs-/Car Menorahs-,Drawing for Menorah 3,google_doc,1024,1FuhGsQ_dn18PT2gA7C60qSnoZjP_jgdY6S04HeoWZCI,application/vnd.google-apps.document,2,downloaded,2025-11-09T05:16:30.009259,
893,/Around the year/Chanukah/Old/Chanukah Menorahs-/Car Menorahs-,Build a wood car Menorah,google_doc,1024,1tmrtOzdgUo9o4HpMIsDu08WR83Qj0mRhFC1PvKefoJ8,application/vnd.google-apps.document,2,downloaded,2025-11-09T05:16:30.665255,
894,/Around the year/Chanukah/Old/Chanukah Menorahs-/Public Menorah-,Permission Request From City,google_doc,2787,1nRNjvuiU9ueN7mdO8Trq3hhyErK34UDb2z9Nat4QijQ,application/vnd.google-apps.document,2,downloaded,2025-11-09T05:16:31.368254,
895,/Around the year/Chanukah/Old/Chanukah Menorahs-/Public Menorah-,Giant Menorah,google_doc,13966,1UBM0Lal2PXvTbhpdkpNq4IHgiasL3RUGfBKeK3UeKGQ,application/vnd.google-apps.document,2,downloaded,2025-11-09T05:16:32.162058,
896,/Around the year/Chanukah/Old/Chanukah Menorahs-/Public Menorah-,Letters from the Rebbe on Public Lighting,google_doc,3150,1FjLF95PINtDNCnoHFAy1qWyth_I0Ybn7oDdZHM7GebA,application/vnd.google-apps.document,2,downloaded,2025-11-09T05:16:33.006809,
897,/Around the year/Chanukah/Old/Chanukah Menorahs-/Public Menorah-,Fire Truck giving gelt,google_doc,2144,1JoaqDSG6H3QNNpdmnSZI0D20zi3Stz75eVnuuKo-Ayg,application/vnd.google-apps.document,2,downloaded,2025-11-09T05:16:33.703113,
898,/Around the year/Chanukah/Old/Chanukah Menorahs-/Public Menorah-,What to use to light a public menorah,google_doc,2613,1nohKbMNpSudrhOqxQfgZNad41tPUcaeYaSOgR3zBm9Q,application/vnd.google-apps.document,2,downloaded,2025-11-09T05:16:34.413263,
899,/Around the year/Chanukah/Old/Chanukah Menorahs-/Public Menorah-,Ideas on how to light public Menorah no fire,google_doc,7683,1HgvmudxMyGx_9yH5z-DSVw7L02IypZchBa0SAqA2F0E,application/vnd.google-apps.document,2,downloaded,2025-11-09T05:16:35.138331,
900,/Around the year/Chanukah/Old/Chanukah Menorahs-/Public Menorah-,Menorah on city ground,google_doc,1768,1wp8QIEWe8635YHKtaYuOcL7t5qL2ZHRp9JNa6WAD8AU,application/vnd.google-apps.document,2,downloaded,2025-11-09T05:16:35.754324,
901,/Around the year/Chanukah/Old/Chanukah Menorahs-/Public Menorah-, Proposal for Menorah public ,google_doc,2801,1fdeoaM0zPK8QormamFdzdXKvQrFYSQs51tH2Bl4f1R8,application/vnd.google-apps.document,2,downloaded,2025-11-09T05:16:36.434326,
902,/Around the year/Chanukah/Old/Chanukah Menorahs-/Public Menorah-,Invitation for BB,google_doc,1529,1P92tEIsca54GEo3jhr8A0u02dwJITiu3gW4q9xQW0pI,application/vnd.google-apps.document,2,downloaded,2025-11-09T05:16:37.302340,
903,/Around the year/Chanukah/Old/Chanukah Menorahs-/Public Menorah-,Reform want to join Event,google_doc,2418,1OqzWAr_B5NeMJcY9AoyfCgAqxUajRL08XvFNJEKI-FI,application/vnd.google-apps.document,2,downloaded,2025-11-09T05:16:38.197341,
904,/Around the year/Chanukah/Old/Chanukah Menorahs-/Public Menorah-,City Wants to Copy Public Lighting Event,google_doc,2597,1_p2-UyDxfsJiux7ZFCArb5O4TSWiwW5kvKhEYlzVhfY,application/vnd.google-apps.document,2,downloaded,2025-11-09T05:16:38.905000,
905,/Around the year/Chanukah/Old/Chanukah Menorahs-/Public Menorah-,Reform opposition,google_doc,6730,10N-0yBMlKpWX5Lm0QcfmEPunOiem6qIDBLmL-KenKek,application/vnd.google-apps.document,2,downloaded,2025-11-09T05:16:39.790408,
906,/Around the year/Chanukah/Old/Chanukah Menorahs-/Public Menorah-,Public Menorah Power Source Ideas,google_doc,8907,1_MjNUFyQ1Hzfxb06gtYd8dYj3fzP_v60QsdOXZAbbxg,application/vnd.google-apps.document,2,downloaded,2025-11-09T05:16:40.563557,
907,/Around the year/Chanukah/Old/Chanukah Menorahs-/Public Menorah-,Spotlight on your Menorah,google_doc,2738,1HBNaZ3S53i3DpIkx2Cc05c9gJBugvMXDokNNMTtGolE,application/vnd.google-apps.document,2,downloaded,2025-11-09T05:16:41.251614,
908,/Around the year/Chanukah/Old/Chanukah Menorahs-/Public Menorah-,Ideas to jazz up small town menorah lighting,google_doc,3963,118nIcsSZfbEkaph2B9GX9C9-dnAu-nJClMaFOQga0Qo,application/vnd.google-apps.document,2,downloaded,2025-11-09T05:16:42.101556,
909,/Around the year/Chanukah/Public Menorah,Public Menorah,google_doc,3813,10vrIkNLlUu7dsCU5oPxUwLKEit0lQSg17cseAPk2TBo,application/vnd.google-apps.document,2,downloaded,2025-11-09T05:16:42.827809,
910,/Around the year/Chanukah/Public Menorah/Copy of Public Menorah Guidelines,Copy of Public Menorah Guidelines/Halacha,google_doc,7037,1PCDbSzdeDMJoAS_A-B5loaTbmArPgCRiSRHC35EX04I,application/vnd.google-apps.document,2,downloaded,2025-11-09T05:16:43.639812,
911,/Around the year/Chanukah/Public Menorah,Drawings for building 6ft menorah from wood,google_doc,1024,1B_Wagf7YqKBML9xbZKzYYRb1bfYqcA-chDXPjvtxDDY,application/vnd.google-apps.document,2,downloaded,2025-11-09T05:16:44.242251,
912,/Around the year/Chanukah/Public Menorah,Legal Points,google_doc,1024,1XL3-wBwBj3mg3AKgZrQsoR67h4SlURa2uIgYxe_E1gA,application/vnd.google-apps.document,2,downloaded,2025-11-09T05:16:44.873382,
913,/Around the year/Chanukah/Car Menorah/Parade,Press Release  Car Parade,google_doc,2703,1Fd27MPDvmYsyM9El4sBfhpyPldtfove1B6cS-t0MNng,application/vnd.google-apps.document,2,downloaded,2025-11-09T05:16:45.533397,
914,/Around the year/Chanukah/Car Menorah/Parade,car Menorah Parade,google_doc,11633,166OJDY-Gdzcb9PPjirWVSVetGvB6RYEyiWbH9ylSBxI,application/vnd.google-apps.document,2,downloaded,2025-11-09T05:16:46.366596,
915,/Around the year/Chanukah/Public Menorah Lighting,Public Lighting tips and more,google_doc,6897,1EIV08e_zfu3tg8UL-maWE2vIqUly_jc1KrCRIsl8HtI,application/vnd.google-apps.document,2,downloaded,2025-11-09T05:16:47.229869,
916,/Around the year/Chanukah/Public Menorah Lighting/Speech for lighting,Speech 1.docx,document,10344,1pOnCtj6Sl7araymt6oV4SEGOBdh71EOW,application/vnd.openxmlformats-officedocument.wordprocessingml.document,2,downloaded,2025-11-09T05:16:48.114487,
917,/Around the year/Chanukah/Public Menorah Lighting/Speech for lighting,Generic Brief Chanukah Messages,google_doc,2750,1TFPwDyYgNPspcSjSEF-agf89K7HPshMXaRW9RfDnljU,application/vnd.google-apps.document,2,downloaded,2025-11-09T05:16:48.755253,
918,/Around the year/Chanukah/Public Menorah Lighting/Speech for lighting,My Chanukah or Yours.docx,document,8972,1k9Hn9CHu4yPBfQaZKkTsyWIq9Lr15Z0E,application/vnd.openxmlformats-officedocument.wordprocessingml.document,2,downloaded,2025-11-09T05:16:49.324770,
919,/Around the year/Chanukah/Public Menorah Lighting/Speech for lighting,Speech 2.docx,document,7649,1CsxtQlYsAAwK7OB0_d4gUI97BiJoWqgl,application/vnd.openxmlformats-officedocument.wordprocessingml.document,2,downloaded,2025-11-09T05:16:50.216241,
920,/Around the year/Chanukah/Public Menorah Lighting/Speech for lighting,Message from the Rabbi.docx,document,7395,1Ud6qabTB55fPvrR-erYVc26FWOmKZYzN,application/vnd.openxmlformats-officedocument.wordprocessingml.document,2,downloaded,2025-11-09T05:16:50.840239,
921,/Around the year/Chanukah/Public Menorah Lighting/Speech for lighting,Two short-hand sermons for Mikaitz_Chanukah.docx,document,10532,1vLzYhrPj6RzPtKMrdmdKfQgOWrkld8HS,application/vnd.openxmlformats-officedocument.wordprocessingml.document,2,downloaded,2025-11-09T05:16:51.508241,
922,/Around the year/Chanukah/Public Menorah Lighting/Speech for lighting,Chanukah Lighting Thoughts.docx,document,13080,1N2f3dAMrnAinTR8vEREbTkwlaOGPACuV,application/vnd.openxmlformats-officedocument.wordprocessingml.document,2,downloaded,2025-11-09T05:16:52.415514,
923,/Around the year/Chanukah/Public Menorah Lighting/Speech for lighting,Thank you for Speaker.docx,document,7336,1At95uIp1kIeXVGAEcd_5pZmyPEI-RYK0,application/vnd.openxmlformats-officedocument.wordprocessingml.document,2,downloaded,2025-11-09T05:16:53.054123,
924,/Around the year/Chanukah/Public Menorah Lighting/Speech for lighting,Copy of Chanukah Speech Ideas.docx,document,15151,1QzwdcWzy-q44BIRSVUNvexDSHWCltbQx,application/vnd.openxmlformats-officedocument.wordprocessingml.document,2,downloaded,2025-11-09T05:16:53.706483,
925,/Around the year/Chanukah/Public Menorah Lighting/Speech for lighting,Vayeshev_ Dare to Dream.docx,document,10893,1ht11Fwl0sk1tssLTKMB8fMTza-gIIjPM,application/vnd.openxmlformats-officedocument.wordprocessingml.document,2,downloaded,2025-11-09T05:16:54.360646,
926,/Around the year/Chanukah/Public Menorah Lighting/Speech for lighting,George Washington.docx,document,9188,1CrAZMMgrugQbIL-M1XGAlflGO4Q66g7I,application/vnd.openxmlformats-officedocument.wordprocessingml.document,2,downloaded,2025-11-09T05:16:55.240187,
927,/Around the year/Chanukah/Public Menorah Lighting/Speech for lighting,Speech for menorah lighting.docx,document,8417,1yjvXWsm7y_C6b7CpAq-QeRQaSnTQYJrh,application/vnd.openxmlformats-officedocument.wordprocessingml.document,2,downloaded,2025-11-09T05:16:55.938254,
928,/Around the year/Chanukah/Public Menorah Lighting,Copy of Menorah Lighting- TO DO LIST,google_doc,3326,1lhk9F7l_M3o5saOP6Um1CHOcE1JQyVus_UgbhS_Kub0,application/vnd.google-apps.document,2,downloaded,2025-11-09T05:16:56.582258,
929,/Around the year/Chanukah/Public Menorah Lighting/Press Release,Press Release Multiple,google_doc,5017,1oqPlEjpuCe59xUsAfF-BK7f8LdyhHXwR3v7zRc76OAo,application/vnd.google-apps.document,2,downloaded,2025-11-09T05:16:57.496531,
930,/Around the year/Chanukah/Public Menorah Lighting/Press Release,Press 5.docx,document,7845,1wiXDc5TxATj7pgbB0jpDg9VmjcmcNfiK,application/vnd.openxmlformats-officedocument.wordprocessingml.document,2,downloaded,2025-11-09T05:16:58.242530,
931,/Around the year/Chanukah/Public Menorah Lighting/Religious Symbol Legal, Denied permission for menorah,google_doc,6472,1f3pBvtOqnRpnqnS2RSTpHPgi7LcDMNLZKRlfTdApLzU,application/vnd.google-apps.document,2,downloaded,2025-11-09T05:16:59.174667,
932,/Around the year/Chanukah/Public Menorah Lighting/Religious Symbol Legal,Legal Points For Menorah,google_doc,4302,1L1AWGha2C6yR6-2v0H3ghUM8i7vRa7Mb6aa6MdfFUsM,application/vnd.google-apps.document,2,downloaded,2025-11-09T05:17:00.216102,
933,/Around the year/Chanukah/Public Menorah Lighting/Religious Symbol Legal,Menorah_religious symbol_dignitaries.docx,document,6813,1HZ87OPlxPv4xpqdJhqVQvuom0FfoYZze,application/vnd.openxmlformats-officedocument.wordprocessingml.document,2,downloaded,2025-11-09T05:17:01.032618,
934,/Around the year/Chanukah/Public Menorah Lighting/Religious Symbol Legal,Public Menorah - legal.docx,document,6284,19PKNzGm6s_AjO1mLODr-vJhIqXKci81Q,application/vnd.openxmlformats-officedocument.wordprocessingml.document,2,downloaded,2025-11-09T05:17:01.507534,
935,/Around the year/Chanukah/Public Menorah Lighting/Religious Symbol Legal,Menorah - display of freedom,google_doc,2979,1yCp-KHnVMTpmmTjMUtXMprSAukYBbPsQVnZbMLXc3wI,application/vnd.google-apps.document,2,downloaded,2025-11-09T05:17:02.376570,
936,/Around the year/Chanukah/Public Menorah Lighting/Religious Symbol Legal,"Public Menorah, church & state?!",google_doc,3212,1VtgBDGenphuyIjeeFude28d-UxmPlU2-KfDsG9TqYoc,application/vnd.google-apps.document,2,downloaded,2025-11-09T05:17:03.216308,
937,/Around the year/Chanukah/Public Menorah Lighting/Religious Symbol Legal,info on Legal rights,google_doc,1024,17F3Km6qtpKyFdNmsLTzYDWqpBAULHiirpwIhEMd_a3o,application/vnd.google-apps.document,2,downloaded,2025-11-09T05:17:03.951048,
938,/Around the year/Chanukah/Public Menorah Lighting/Religious Symbol Legal,Complete supreme court ruling,google_doc,97030,1VLNQDwE-IXByVjdgOpKR9OUZwGlLrzEwwdCpadNhD6o,application/vnd.google-apps.document,2,downloaded,2025-11-09T05:17:05.752989,
939,/Around the year/Chanukah/Public Menorah Lighting/Religious Symbol Legal,EXCERPTS FROM THE U.S. SUPREME COURT RULING,google_doc,2621,1D_M6tfboeYzUOrTvWhJG1OWcLRvxTFdDYO2j7DpzQHU,application/vnd.google-apps.document,2,downloaded,2025-11-09T05:17:06.366256,
940,/Around the year/Chanukah/Public Menorah Lighting/Public Lighting Halachos,questions Chanukah,google_doc,3345,1M9bNOHbICA4SJpGaE6rCI-KGbqSMbebHKq05hpAwAZ8,application/vnd.google-apps.document,2,downloaded,2025-11-09T05:17:07.152879,
941,/Around the year/Chanukah/Public Menorah Lighting/Public Lighting Halachos/Public Menorah Guidelines,Public Menorah Guidelines/Halacha,google_doc,6215,1R-EzGG2289JCT_By45UUBuaXAA4-P3BSdvEL_q0kDf0,application/vnd.google-apps.document,2,downloaded,2025-11-09T05:17:07.762604,
942,/Around the year/Chanukah/Public Menorah Lighting/Dignitaries/Invitation,Dignitary Invitation #1-2,google_doc,1219,1Gvx1eIlPtVjNs5w624bqlWDdaV93CYCjvS0UXpHeYDU,application/vnd.google-apps.document,2,downloaded,2025-11-09T05:17:08.363500,
943,/Around the year/Chanukah/Public Menorah Lighting/Dignitaries/Invitation,Dignitary Invitation #3,google_doc,1024,16mbW8olszk3meoVBaoUvM7tlb4aI-4C3F7DGS03WTCA,application/vnd.google-apps.document,2,downloaded,2025-11-09T05:17:09.018297,
944,/Around the year/Chanukah/Public Menorah Lighting/Dignitaries/Invitation,Dignitary Invitation #2,google_doc,2394,1J4_3RJ5mJXtvM9J9UGWPyPFO09I3BqncnXUc_lEPa2A,application/vnd.google-apps.document,2,downloaded,2025-11-09T05:17:09.764698,
945,/Around the year/Chanukah/Public Menorah Lighting/Dignitaries/Proclamation/Speech,Dignitary Proclamation Speech,google_doc,1024,1RWPgXE0bIHK4jFntINwwswQtpA5yoLaOfbfxD8NkmrE,application/vnd.google-apps.document,2,downloaded,2025-11-09T05:17:10.397698,
946,/Around the year/Chanukah/Public Menorah Lighting/Dignitaries/Proclamation/Speech,Dignitary Proclamation,google_doc,3127,1OU8M-z4f293AxOtdKu8YRuCy9AL6LuMRoYdpc1fsWDE,application/vnd.google-apps.document,2,downloaded,2025-11-09T05:17:11.286697,
947,/Around the year/Chanukah/Public Menorah Lighting/Dignitaries/Thank You Letter,Thank you letter for Dignitary,google_doc,1024,122pNhBYB0ZzrcX9rpseqHhuG8Xgq6kGPwzySGmIQSAk,application/vnd.google-apps.document,2,downloaded,2025-11-09T05:17:11.884365,
948,/Around the year/Chanukah/mivtzoim,Menorah Lighting Instruction for BB,google_doc,1875,1XWf4aCX-syvOBzBA6AZz3HKGHyJAA6XoyKRSC_LhsEQ,application/vnd.google-apps.document,2,downloaded,2025-11-09T05:17:12.526610,
949,/Around the year/Chanukah/Chanukah writer,Draft: License for Parade,google_doc,1141,1k_iyzqP17k5kX2_ehjwvUZUNPjdXIVBNijSVqOUvyJI,application/vnd.google-apps.document,2,downloaded,2025-11-09T05:17:13.063534,
950,/Around the year/Chanukah/Chanukah writer,Draft: Ideas for Menorah Parade,google_doc,3646,1ExR-LUYF1HKRN3wcn8wTCBPWLx_eUBakfUvpABDC0gw,application/vnd.google-apps.document,2,downloaded,2025-11-09T05:17:13.710475,
951,/Around the year/Chanukah/Chanukah writer,Draft: Purchase Car Menorah,google_doc,5083,12qPlhmbrfVCCH0g9h2DZsUCB0T8yGXzIl7eHbnQ7q6U,application/vnd.google-apps.document,2,downloaded,2025-11-09T05:17:14.546963,
952,/Around the year/Chanukah/Chanukah writer,Draft: Police Escort,google_doc,1478,1H4aYO9vEuQ6oVXtM0UJtMPNgYYIGrCLt9dMLlWVR_ns,application/vnd.google-apps.document,2,downloaded,2025-11-09T05:17:14.998817,
953,/Around the year/Chanukah,Menorah by a Wedding,google_doc,3872,1gp_u51DVHcS1DhPky6Eig15BV1-ypMfTUJj4MIp6A2A,application/vnd.google-apps.document,2,downloaded,2025-11-09T05:17:15.796681,
954,/Around the year/Chanukah/Press Release,Press 4,google_doc,3232,1BZlNXhRRi3VccW-gZW3_o0hfxB2vailx5e1wCZygMwk,application/vnd.google-apps.document,2,downloaded,2025-11-09T05:17:16.573419,
955,/Around the year/Chanukah/Press Release,Chanukah Newspaper Article,google_doc,2691,1FGJheIDHUc6Qc4kbuwSdrIrD2YaGSQynNlOH4r6Ve7Q,application/vnd.google-apps.document,2,downloaded,2025-11-09T05:17:17.296493,
956,/Around the year/Chanukah/Speech for lighting,Speech 1,google_doc,3396,1TGczFrZ07ktF69pD8dsam7tgOtz0FLvOqfs2KTT0j9k,application/vnd.google-apps.document,2,downloaded,2025-11-09T05:17:17.928581,
957,/Around the year/Chanukah/Speech for lighting,Copy of Chanukah Speech Ideas.docx,document,15151,1t2-ulfh9CnXwVJLbzkEo-RonuU2muUme,application/vnd.openxmlformats-officedocument.wordprocessingml.document,2,downloaded,2025-11-09T05:17:18.631822,
958,/Around the year/Chanukah/Speech for lighting,Speech 2,google_doc,2138,1yFzyq9nY0uf6WeF5yF_7nf_kq1_l5wh1JAjojR3KFK4,application/vnd.google-apps.document,2,downloaded,2025-11-09T05:17:19.434847,
959,/Around the year/Chanukah/Speech for lighting,Message from the Rabbi,google_doc,2131,11LsoMenJeuvpysm0SfnDkfF4fS0bmacQ2hUiCnqfvuE,application/vnd.google-apps.document,2,downloaded,2025-11-09T05:17:20.077873,
960,/Around the year/Chanukah/Speech for lighting,Chanukah Timeline,google_doc,1024,1GifnnU9gSgvCDgVFrbjMFV3yx2wLvipRvPxZBANDHno,application/vnd.google-apps.document,2,downloaded,2025-11-09T05:17:20.661772,
961,/Around the year/Chanukah/Speech for lighting,Generic Brief Chanukah Messages,google_doc,1024,1j39F4aWXyxmNZC9XlpgY8f47edum2NHjm0buSJBYIPY,application/vnd.google-apps.document,2,downloaded,2025-11-09T05:17:21.324772,
962,/Around the year/Chanukah/Speech for lighting/Two short-hand sermons for Mikaitz,Two short-hand sermons for Mikaitz/Chanukah,google_doc,5534,175wc5sRBz9VpAeE2Z9k5wLZcEzyExHDh_URyYJ5rqWM,application/vnd.google-apps.document,2,downloaded,2025-11-09T05:17:22.172087,
963,/Around the year/Chanukah/Speech for lighting,Speech for menorah lighting,google_doc,3364,1DlyhbVOoQb2fXbNOksA5oZI2fmzyTI3QQ0FSrUai-eI,application/vnd.google-apps.document,2,downloaded,2025-11-09T05:17:22.791478,
964,/Around the year/Chanukah/Speech for lighting,George Washington,google_doc,4013,1W0X6sZp21QyZ2ZItprPEyoyZ2rQUs5wQCdfPSAfE2to,application/vnd.google-apps.document,2,downloaded,2025-11-09T05:17:23.512480,
965,/Around the year/Chanukah/Speech for lighting,Chanukah Lighting Thoughts,google_doc,7879,11cfDDY1-MDxKuFsHk73acLjNAHXTr3jhUnIbXxe4G1M,application/vnd.google-apps.document,2,downloaded,2025-11-09T05:17:24.204651,
966,/Around the year/Chanukah/Speech for lighting,My Chanukah or Yours,google_doc,3459,1a_GW21m9AANc15H-YB7hZURn-HjNIHQjUlw42FpBSWM,application/vnd.google-apps.document,2,downloaded,2025-11-09T05:17:24.953519,
967,/Around the year/Chanukah/Speech for lighting,Vayeshev: Dare to Dream,google_doc,5558,1lQnsfKAkMAGh5vNp1p2zaTlcidxOQgl82AMzH5T6XBo,application/vnd.google-apps.document,2,downloaded,2025-11-09T05:17:25.724574,
968,/Around the year/Chanukah/sponsorship,corporate sponshorship email,google_doc,7749,1CtOn_4BmnnUNz1r0r0GElewv02ZH4rA6UsvQX8hr3NM,application/vnd.google-apps.document,2,downloaded,2025-11-09T05:17:26.484292,
969,/Around the year/Chanukah/sponsorship,Walmart Foundation,google_doc,2438,1b5F9q_yQXsFmFe58JNhVsFc1CKyDl_F9rW_cCOIGjqc,application/vnd.google-apps.document,2,downloaded,2025-11-09T05:17:27.171468,
970,/Around the year/Chanukah/Chanukah Events/Recipes,Trader Joes Latkes,google_doc,1390,1s2Z16QoLurKdaHpM9-UWdi65J9-xU7n9h2MOX69O7uE,application/vnd.google-apps.document,2,downloaded,2025-11-09T05:17:27.787005,
971,/Around the year/Chanukah/Chanukah Events/Recipes,Chanukah Recipes,google_doc,2166,1yl8i2-HJQcAG2HoJdCHnrNpawvmEsZLW8BjIdJBXPSQ,application/vnd.google-apps.document,2,downloaded,2025-11-09T05:17:28.632409,
972,/Around the year/Chanukah/Chanukah Events/Music/Play list ,Play list / Music for event,google_doc,2252,1aQjnu47WKHINqxVA-V67Yb8CLzA5FNMxrxAaxRJalNQ,application/vnd.google-apps.document,2,downloaded,2025-11-09T05:17:29.448581,
973,/Around the year/Chanukah/Chanukah Events/Event Ideas,Chanukah Wonderland.docx,document,227876,1To5sYPXzN9N9VEXveU9qPH_iRpWKU59f,application/vnd.openxmlformats-officedocument.wordprocessingml.document,2,downloaded,2025-11-09T05:17:30.263346,
974,/Around the year/Chanukah/Chanukah Events/Event Ideas,Menorah Ideas for Events,google_doc,2387,1j_2ZZHxPCH-ZpCSJO6S9j2TkAYJ8z8mGT2OVZyVgjaA,application/vnd.google-apps.document,2,downloaded,2025-11-09T05:17:30.915348,
975,/Around the year/Chanukah/Chanukah Events/Event Ideas,events ideas ,google_doc,3724,11_dy-r7aDSI6SlDJ4Me8Tb_p8LRmkqopVHXCv9JHSAE,application/vnd.google-apps.document,2,downloaded,2025-11-09T05:17:31.638427,
976,/Around the year/Chanukah/Chanukah Events/Event Ideas,Latke Tasting,google_doc,2534,1JDybRzFz8S4azrAUKkPIjSS4PGJROeFLq5kbXBGICs4,application/vnd.google-apps.document,2,downloaded,2025-11-09T05:17:32.343548,
977,/Around the year/Chanukah/Chanukah Events/Event Ideas,Home Depot,google_doc,3197,195UtKQTajNkjrg_YWUCQO6ZFKDiK4cHkgoNzWhmIBxQ,application/vnd.google-apps.document,2,downloaded,2025-11-09T05:17:33.038188,
978,/Around the year/Chanukah/Chanukah Events/Event Ideas,Chanukah in the Mall,google_doc,1024,178NfVHDj0XD19dRMmrAnCLMvACpj557Luhly3z5R33I,application/vnd.google-apps.document,2,downloaded,2025-11-09T05:17:33.685114,
979,/Around the year/Chanukah/Chanukah Events/Event Ideas,Chanukah Wonderland ,google_doc,2299,1k6jn-h4fq-paVrDMUmBDfYnGU8Wnos0_icINAi7Yry4,application/vnd.google-apps.document,2,downloaded,2025-11-09T05:17:34.490813,
980,/Around the year/Chanukah/Chanukah Events/Event Ideas,Games and Crafts,google_doc,1024,113036lgKANiZm5-WkqqbUfFQ8LC50AqE0cWN2JZVYfI,application/vnd.google-apps.document,2,downloaded,2025-11-09T05:17:35.173173,
981,/Around the year/Chanukah/Chanukah Events/Event Ideas,Jewish Heritage Night,google_doc,5207,19Jhk9bDuMiOgWiJerdZsUTuBBFKiF55CXP-jOlb-MOU,application/vnd.google-apps.document,2,downloaded,2025-11-09T05:17:35.794101,
982,/Around the year/Chanukah/Chanukah Events/Event Ideas,"Ladies Pre Chanukah Evening: Wine, Cheese ",google_doc,1653,1Wa-Wcezs8c38PpRFmnHE3hEPpFqCaeAXCCkF2CfkxSg,application/vnd.google-apps.document,2,downloaded,2025-11-09T05:17:36.571623,
983,/Around the year/Chanukah/Chanukah Events/Event Ideas,Chanukah Bus Delivers Joy to Senior Citizens,google_doc,2436,1qoOUi5fqliUN5bQuinFM0pje34tartB9OYVNpJIgYdw,application/vnd.google-apps.document,2,downloaded,2025-11-09T05:17:37.220060,
984,/Around the year/Chanukah/Chanukah Events/Event Ideas,Virtual Reality,google_doc,2195,1p3VLLPHyN1ZFXPtHb7XHjwk0uEfwsx0liyETuXS036o,application/vnd.google-apps.document,2,downloaded,2025-11-09T05:17:37.812480,
985,/Around the year/Chanukah/Chanukah Events/Event Advertising/Marketing,Flyers ,google_doc,1024,1SbI5Kb-YkSmrjzBHrrRIU27FSoRJFsCuKJlkWNW-vPc,application/vnd.google-apps.document,2,downloaded,2025-11-09T05:17:39.066031,
986,/Around the year/Chanukah/Chanukah Events/Event Advertising/Marketing,Newspaper Article,google_doc,6254,16kABVayVRDYT6SedPfg61Rl-bHHs8tH2F65rPHxWy2k,application/vnd.google-apps.document,2,downloaded,2025-11-09T05:17:39.878679,
987,/Around the year/15 Shevat,tubshvatcarnival.pdf,document,387297,1wpMSYK-NB4iGyK0AYjvxsQie0nZctkRW,application/pdf,2,downloaded,2025-11-09T05:17:40.779036,
988,/Around the year/15 Shevat/Seder,Tu B'shvat Seder Guide (Mrs. Shoshana Hoexter),document,215162,1Ar955H9JTWHJUENSnElA7t6BhFQp5grk,application/pdf,2,downloaded,2025-11-09T05:17:42.290714,
989,/Around the year/15 Shevat/Seder,Tu b'shvat Powerpoint (Mrs. Chaya Mushka Yaras),other,3474897,1qrB7UjPS_vXgBN_c-hgYXqtUSfh8ZfM9,application/vnd.openxmlformats-officedocument.presentationml.presentation,2,downloaded,2025-11-09T05:17:44.597754,
990,/Around the year/15 Shevat/JWC Edible Arrangements,JWC Edible Arrangements updated.docx,document,16570,1wAU3-CYkyf238WfmfpcfqmlsCOoMPAyW,application/vnd.openxmlformats-officedocument.wordprocessingml.document,2,downloaded,2025-11-09T05:17:45.216578,
991,/Around the year/15 Shevat/JWC Edible Arrangements,JWC Edible Arrangements AFTER THE PROGRAM UPDATED WITH NOTES AND AMOUNTS.docx,document,20381,1G2K1FEx3VSBEHhVpucouHtmR6iTZxtmV,application/vnd.openxmlformats-officedocument.wordprocessingml.document,2,downloaded,2025-11-09T05:17:45.780857,
992,/Around the year/15 Shevat/Classes,Tu Bshvat - Sara Bluming.docx,document,100550,1LsdkKdFX4XzR_6Gr69JjpW8uh7ZPdDX0,application/vnd.openxmlformats-officedocument.wordprocessingml.document,2,downloaded,2025-11-09T05:17:46.600765,
993,/Around the year/15 Shevat/Classes,Eight Ways to Be Like a Tree.docx,document,45915,1igw4RpXTHr_cNIbFMqOcBKST_DRKvkcB,application/vnd.openxmlformats-officedocument.wordprocessingml.document,2,downloaded,2025-11-09T05:17:47.338425,
994,/Around the year/15 Shevat/Classes,13022203__Tu BShvat 2014.pdf,document,696550,1Z71n6dtylyw67884eOC7IRFXnyeyXN5m,application/pdf,2,downloaded,2025-11-09T05:17:50.309275,
995,/Around the year/15 Shevat/Classes,13022203__Tu B_Shvat_Parenting.pdf,document,587772,1iC4XXEyt8Fi8deEz4AZFaniI8b80EWx_,application/pdf,2,downloaded,2025-11-09T05:17:51.618273,
996,/Around the year/15 Shevat/Classes,13022203__Tu BShvat 2014.doc,document,70656,1N77HqmkAEj9jOIJFs8odjxo0t4P_0lhf,application/msword,2,downloaded,2025-11-09T05:17:52.403730,
997,/Around the year/15 Shevat/Classes,13022203__Tu BShvat 2018.doc,document,59392,15RRFWBFudcufvbWA2GcKNb8p54BxVfYI,application/msword,2,downloaded,2025-11-09T05:17:53.137724,
998,/Around the year/15 Shevat/Classes,13022203__Tu B_Shvat 2012 (1).doc,document,101376,1KCevNUcvgsRY6jmczeDeWjI71xMFIp9m,application/msword,2,downloaded,2025-11-09T05:17:53.780971,
999,/Around the year/15 Shevat/Classes,tu bishvat class (Rabbi Laufer),document,24764,1F01HDjqHCpH0llIPBaw9NFdZRMUX74FV,application/msword,2,downloaded,2025-11-09T05:17:54.327505,
1000,/Around the year/15 Shevat/Classes,tu bishvat article (Rabbi Laizer Gurkow),document,7576,1zAAPlzvYzMwVKhoAXpzclJ6V7DNUbM0E,application/msword,2,downloaded,2025-11-09T05:17:55.034366,
1001,/Around the year/15 Shevat/Classes,Tu b'Shvat Shiur (Rabbi Avremi Kievman),document,62976,1KeZSv1OhWzKTsd7WJV-l7UozcoKgSSYe,application/msword,2,downloaded,2025-11-09T05:17:55.625552,
1002,/Around the year/15 Shevat/Classes,15 Shvat in the Light of Chassidus,document,45653,1nUcpqayAtLxupTEPpkpvsrXEPfohkPjx,application/pdf,2,downloaded,2025-11-09T05:17:56.309981,
1003,/Around the year/15 Shevat/Classes,Women's Weekly Roundtable Tu B'Shvat (Mrs. Sarale Bluming0,document,41472,1L8dqbWsXyxR7yQ4WR9yn4rhzzox-8WIH,application/msword,2,downloaded,2025-11-09T05:17:57.114557,
1004,/Around the year/15 Shevat/Classes,Dvar Torah-The fruits in me & you (Mrs. Sarale Bluming ),document,26112,1bmavbhq7BpY5K_8CDkNdtYYyihHRJ5IC,application/msword,2,downloaded,2025-11-09T05:17:57.627554,
1005,/Around the year/15 Shevat/Classes,Tu B'Shvat Class (Mrs. Sarale Bluming),document,97280,1Ip2UP5P0smDe1Ru4PT4aXvIxHmHu-XtO,application/msword,2,downloaded,2025-11-09T05:17:58.683047,
1006,/Around the year/15 Shevat/Classes,Tu B'shvat Class (Mrs. Chani Silverman),document,18131,1NDBeu1sdAmJfBfDDTT8UlYSYOGDQZQnT,application/vnd.openxmlformats-officedocument.wordprocessingml.document,2,downloaded,2025-11-09T05:17:59.403341,
1007,/Around the year/15 Shevat/Classes,Tu B'shvat Menu Ideas (Chabad On Campus Archives),document,12143,19kNjp7-iMBBiWN3KzU3EJ8iPqkKCYJ76,application/vnd.openxmlformats-officedocument.wordprocessingml.document,2,downloaded,2025-11-09T05:18:00.443529,
1008,/Around the year/15 Shevat/Classes,HISOIRERUS FOR CHAMISHA OSOR BISHVAT (Rabbi Yossi Lew).docx,document,37148,1eUm-BWaF2mxwQtutCQsiTqYtOSKIk50Q,application/vnd.openxmlformats-officedocument.wordprocessingml.document,2,downloaded,2025-11-09T05:18:01.224650,
1009,/Around the year/15 Shevat,Tu B'shvat or Chamisha Asar B'Shvat,google_doc,2594,1Ybi6AHFF_K1MvUKvYAbtEsxt8x5Noe1xb_vvxlNnWEo,application/vnd.google-apps.document,2,downloaded,2025-11-09T05:18:01.905516,
1010,/Around the year/15 Shevat,Tu Bishvat Senate Prayer (Rabbi Yossi Serebryanski),document,23552,1d7HKPqEVAJIf8SZgyGNG9MNyMNYziOad,application/msword,2,downloaded,2025-11-09T05:18:02.537584,
1011,/Around the year/Purim,Purim Thems ,google_doc,26602,1X3FbdvnqCcaYS6yZUf6GJQzC1tQHfCGfqbxXjH5uNqo,application/vnd.google-apps.document,2,downloaded,2025-11-09T05:18:03.833414,
1012,/Around the year/Purim,Purim Project,google_doc,3365,1TXQxP5VxQ7hV5dSyihh_kPkLEqABvWPitMQxZKhPhyQ,application/vnd.google-apps.document,2,downloaded,2025-11-09T05:18:04.830887,
1013,/Around the year/Purim/Thank You,Thank You Letters,google_doc,3839,17Ql4UlNLtP3K5bBKJ8OtPQhsnWtNaCpzRMiGKb9IouU,application/vnd.google-apps.document,2,downloaded,2025-11-09T05:18:06.126158,
1014,/Around the year/Purim,Canva Links,google_doc,1024,1-T-wqCaZOHW0dG67rsMQpvzigGLiXlSq75QJcPNgW6w,application/vnd.google-apps.document,2,downloaded,2025-11-09T05:18:06.953799,
1015,/Around the year/Purim,To Think About,google_doc,1024,15zFtRbQKFkgp9KkB3da80mO9C-Ymgzhmhte5Esmswog,application/vnd.google-apps.document,2,downloaded,2025-11-09T05:18:07.594122,
1016,/Around the year/Purim,Purim Cover.pub,other,97792,1sGQkv4k_ZUk_ZpLtiLHUfEFJ6uAJQgaQ,application/vnd.ms-publisher,2,downloaded,2025-11-09T05:18:08.100837,
1017,/Around the year/Purim,Purim Schedule - Thursday.doc,document,380928,1-imqAnqC7RqWTkd9BSNWNupmiOoqQeee,application/msword,2,downloaded,2025-11-09T05:18:08.811154,
1018,/Around the year/Purim/Purim Parties,Kids activities,google_doc,1024,1FnGHhs7RtYy-3RNEexyvjphcPRCUVpNB5ohCxxqu8dY,application/vnd.google-apps.document,2,downloaded,2025-11-09T05:18:09.627599,
1019,/Around the year/Purim/Purim Parties/Music,Purim Music,google_doc,1024,1wwZl7xpgjwYU7CB8ll4tpGV-JVIBEAGk68NaJMkhwHs,application/vnd.google-apps.document,2,downloaded,2025-11-09T05:18:10.366592,
1020,/Around the year/Purim/Purim Parties/Purim Play,Purim Lyrics for Waltzing Matilda,google_doc,1024,1_jV7CdkqpErY-kxJrnqK_Z2F5z-gwKZLPpfGlpqDpSY,application/vnd.google-apps.document,2,downloaded,2025-11-09T05:18:11.054506,
1021,/Around the year/Purim/Purim Parties/Purim Play,Copy of purim narration in rhyme.pdf,document,50613,1JcgcBddsJNFhuwsB9e_h1oya6zB3OZud,application/pdf,2,downloaded,2025-11-09T05:18:13.483009,
1022,/Around the year/Purim/Purim Parties/Purim Play,Copy of purim play.pdf,document,179923,1asPxPpnuckkvuYnDlyuoetElq58wGvAn,application/pdf,2,downloaded,2025-11-09T05:18:14.051797,
1023,/Around the year/Purim/Purim Parties/Purim Play,Copy of Purim Musical Play.pdf,document,170590,18SkUekn3vmSiGfMCgBKR9d5_E2uqdSd9,application/pdf,2,downloaded,2025-11-09T05:18:14.627860,
1024,/Around the year/Purim/Purim Parties/Purim Play,Copy of purim play (1).docx,document,22164,1ktBGdNr-RqXrL-IDFADr0FIX6P4FG4vl,application/vnd.openxmlformats-officedocument.wordprocessingml.document,2,downloaded,2025-11-09T05:18:15.424474,
1025,/Around the year/Purim/Purim Parties,Copy of purim drinmk menu.pdf,document,121541,1gmsNhqSrDxQJvbOcMfj1w-BnugLUQpN_,application/pdf,2,downloaded,2025-11-09T05:18:16.041626,
1026,/Around the year/Purim/Purim Parties/Games and Crafts,Drive,google_doc,1024,187Dz3QlsQbWxLuE49bu6px1oR9HigXZES4zUoQRjWLY,application/vnd.google-apps.document,2,downloaded,2025-11-09T05:18:16.659146,
1027,/Around the year/Purim/Purim Parties/Games and Crafts,right left game,google_doc,2089,1XLQy1yrJCKiBLASL8DIaD89i0RxxbW8i90ML0YQPzm0,application/vnd.google-apps.document,2,downloaded,2025-11-09T05:18:17.417676,
1028,/Around the year/Purim/Purim Parties/Games and Crafts,Seudah Game,google_doc,2108,1VSu12F3_PoQTEs9venXzL1wq568qTp6VCEkNE7MQsDo,application/vnd.google-apps.document,2,downloaded,2025-11-09T05:18:18.156112,
1029,/Around the year/Purim/Purim Parties/Games and Crafts,Purim Jewpardy,google_doc,1024,1axHqtCzpMuaSs8P-WIMFVX8JgsKFZ1PjOkCK4CkeofU,application/vnd.google-apps.document,2,downloaded,2025-11-09T05:18:18.815571,
1030,/Around the year/Purim/Purim Parties/Games and Crafts,Purim Games and Crafts:,google_doc,11838,1-smNdqQMf_RFGaPGPP3GdNd_JiLa1KsHBvsctYfh3b8,application/vnd.google-apps.document,2,downloaded,2025-11-09T05:18:19.734771,
1031,/Around the year/Purim/Purim Parties/themes ,Purim in Israel,google_doc,2294,17FRSp9kPbznOEuXR82R_tHYF-gnUR-z54gy5Ofkx2Mk,application/vnd.google-apps.document,2,downloaded,2025-11-09T05:18:20.667140,
1032,/Around the year/Purim/Purim Parties/themes ,Morrocon Purim,google_doc,2110,1DWVVLprsnx4axzUB98VGOAO4d3ylwCJ7Pz8D0-a6wss,application/vnd.google-apps.document,2,downloaded,2025-11-09T05:18:21.365147,
1033,/Around the year/Purim/Purim Parties/themes ,glow in the dark,google_doc,1065,1LNUHGO76IC-sOCgJgyjtVqAER6orhbGlm2_WB_8kNrM,application/vnd.google-apps.document,2,downloaded,2025-11-09T05:18:21.946002,
1034,/Around the year/Purim/Purim Parties/themes ,Purim in Italy,google_doc,1671,1Kntg2ku1Vmr9blKU7v2MadEAa1HomJTfCYlaQ_iV_iI,application/vnd.google-apps.document,2,downloaded,2025-11-09T05:18:22.621164,
1035,/Around the year/Purim/Purim Parties/themes ,Purim Themes Drives,google_doc,1024,1NvII4DB6c6LlQnyoh-fS7d-gHOOYmsw-63nVVGTfBus,application/vnd.google-apps.document,2,downloaded,2025-11-09T05:18:23.238169,
1036,/Around the year/Purim/Purim Parties/themes ,Purim in South America,google_doc,1040,1o8bMgi_yI4GDroUil0PTLbcmXWSi-wQ6ULyLGtsT2VI,application/vnd.google-apps.document,2,downloaded,2025-11-09T05:18:23.804159,
1037,/Around the year/Purim/Purim Parties/themes ,Purim in Japan,google_doc,1024,1ba_ArSpWYqAXN9d8xc6aa3mtOkE9YVzuvo4liePktPw,application/vnd.google-apps.document,2,downloaded,2025-11-09T05:18:24.394572,
1038,/Around the year/Purim/Purim Parties/themes ,Purim in Africa,google_doc,1024,1AC0Of-M3swXd751YOMkEQbSoTv8p_Was3wjPFstd3tw,application/vnd.google-apps.document,2,downloaded,2025-11-09T05:18:25.244065,
1039,/Around the year/Purim/Purim Parties/themes ,Purim in the Stadium,google_doc,1024,1XGAdMtkfBMQVhK6SK-UkFdMEiLbVCNBgi19p9uDIN-Y,application/vnd.google-apps.document,2,downloaded,2025-11-09T05:18:25.926055,
1040,/Around the year/Purim/Purim Parties/themes ,Purim in Outer Space,google_doc,1170,185wtED7khEfAzdg_5mTetDWJeWtAzHreT0SubljQS8s,application/vnd.google-apps.document,2,downloaded,2025-11-09T05:18:26.626462,
1041,/Around the year/Purim/Purim Parties/themes ,Purim in the Wild West,google_doc,1035,1fFVrHK4qeb98iqPEboy_D6oIrYh3oO3D2W3bhFEvWMw,application/vnd.google-apps.document,2,downloaded,2025-11-09T05:18:27.271880,
1042,/Around the year/Purim/Purim Parties/themes ,Purim in the Shtetl,google_doc,1163,1gN0U6AvUEXSDTogUbmVKN5sGMhC24la_K_8JKQo-0RE,application/vnd.google-apps.document,2,downloaded,2025-11-09T05:18:27.974792,
1043,/Around the year/Purim/Mitzvos,shalach manos ideas,google_doc,18590,1koXh70IlMEaiOhO1nxFFt6WkQdfEIC32UysS5aeDX18,application/vnd.google-apps.document,2,downloaded,2025-11-09T05:18:29.275546,
1044,/Around the year/Purim/Mitzvos,how to how to implement Purim Mitzvahs,google_doc,2001,1Nas3m9YKao3P5HgYpZ8H2eBSHoGOZVvRjV1KJDUum0Q,application/vnd.google-apps.document,2,downloaded,2025-11-09T05:18:29.898941,
1045,/Around the year/Purim/Mitzvos,Copy of mm letter 2 per pg 2015.pdf,document,1749785,1W6gdUY0v8erIewHbVL0_OkUFH6q0S3Ig,application/pdf,2,downloaded,2025-11-09T05:18:31.646106,
1046,/Around the year/Purim/Mitzvos,Copy of mitzvos of purim.pdf,document,10178986,1GRbO8zDyfpBco8l89gb5gfFkeERNAN_f,application/pdf,2,downloaded,2025-11-09T05:18:42.533511,
1047,/Around the year/Purim/Mitzvos,Copy of Kirkland_Mitzvot Card.pdf,document,270141,15i52o9NuCXaAwwgtB1BdN9zvZ_XxRFhK,application/pdf,2,downloaded,2025-11-09T05:18:43.541514,
1048,/Around the year/Purim/Mitzvos,Copy of Mitzvos of purim-l'chaim.pdf,document,391754,1FNOdD4kKWyljF4SE_LXVZsKt3pENc1EV,application/pdf,2,downloaded,2025-11-09T05:18:46.035014,
1049,/Around the year/Purim/Purim Poems,Poem Cards Drive,google_doc,1024,1np0xvszs_ZJRy-lIkS3x71GBXIZ2P_Om2BN6AQwBNzE,application/vnd.google-apps.document,2,downloaded,2025-11-09T05:18:46.713755,
1050,/Around the year/Purim/Purim Poems,Copy of Purim Havdalah Poem.docx,document,63967,1rSBEkXBXvr9Anr110GHQkVB9hE6oOz2U,application/vnd.openxmlformats-officedocument.wordprocessingml.document,2,downloaded,2025-11-09T05:18:47.668428,
1051,/Around the year/Purim/Hamentash Bake,Hamentash Bake Files,google_doc,1024,1VfwCxmGwIz332Aa3MGnnW4WP1Q_nYSoGfP5ppvGvocM,application/vnd.google-apps.document,2,downloaded,2025-11-09T05:18:48.305404,
1052,/Around the year/Purim/Hamentash Bake,Copy of Steps how to make hamentashen.pdf,document,2343265,1ZnOikgFFQ9n71mFE3G5YrGlvqs-HFqsJ,application/pdf,2,downloaded,2025-11-09T05:18:49.975553,
1053,/Around the year/Purim/Megillah/Purim,Purim/Megillah Videos,google_doc,1024,1IegCrxp0JSWHLdBLSrpw2G5KiTL8gPNpBBe6N7yEcSw,application/vnd.google-apps.document,2,downloaded,2025-11-09T05:18:50.732690,
1054,/Around the year/Purim/Megillah,Copy of megillah slide show.pptx,other,36816219,1FNg-oPFUO1LPPYf-2DScixxELnp_Yopd,application/vnd.openxmlformats-officedocument.presentationml.presentation,2,downloaded,2025-11-09T05:18:57.386719,
1055,/Around the year/Purim/Megillah,Copy of Printable Megilla.pdf,document,262696,1Rqpsgiza9dc2-azdCAIEoF5gau-dSzJc,application/pdf,2,downloaded,2025-11-09T05:18:58.200498,
1056,/Around the year/Purim/Megillah,Megillah,google_doc,1024,1Lz40AO09B1T8n9yekL-CcNrugaEH0jH9C_YY4jdLXcQ,application/vnd.google-apps.document,2,downloaded,2025-11-09T05:18:58.903500,
1057,/Around the year/Purim/Classes,Classes,google_doc,7706,165ehrFAXesIBZ8kIqbcEV3EexGUeYDJ9_5WlJg2UACU,application/vnd.google-apps.document,2,downloaded,2025-11-09T05:19:01.151638,
1058,/Around the year/Purim,Copy of purim_flyer_-_canva_links.pdf,document,514299,1uITJrNQ8vTpJC9ihdDOKVpVq2v1jqAnS,application/pdf,2,downloaded,2025-11-09T05:19:02.470285,
1059,/Around the year/Purim/halacha,Copy Purim Halachos draft,google_doc,15913,1tsdS2fB8kJK0NMSw5jE8G58FThdAYNsCdcQw3nAVqWU,application/vnd.google-apps.document,2,downloaded,2025-11-09T05:19:03.368809,
1060,/Around the year/Purim/halacha,original Translated copy of halachos draft,google_doc,43741,1qqHHMUwdCwYD2WdR8mpAz1Dm8jROdghiUrkRGnYiJrk,application/vnd.google-apps.document,2,downloaded,2025-11-09T05:19:04.295810,
1061,/Around the year/Purim/halacha,Original halachos draft,google_doc,6986,1plMyOE0gIEVfp_vRmCMrgof3Nf0u_phg1MCICpynZr4,application/vnd.google-apps.document,2,downloaded,2025-11-09T05:19:05.357423,
1062,/Around the year/Purim/halacha,Copy Translated Copy of Purim Halachos draft,google_doc,10425,16bm98hGCmi_pRdzeLFeIuSNcjm29TOOgs8GQg_s3q_I,application/vnd.google-apps.document,2,downloaded,2025-11-09T05:19:06.340760,
1063,/Around the year/Purim/halacha,halochos purim,google_doc,2319,1uw0ZRfbkC3r0GRSXUnsLQ-uFrNPYv8kfIohOH1juoVQ,application/vnd.google-apps.document,2,downloaded,2025-11-09T05:19:06.893758,
1064,/Around the year/Purim/halacha,Copy of Kitzur Hilchos Megilah.pdf.pdf,document,70161,1pXSeFGg8a0MtNQ4CRXgjzV14NStoMg7e,application/pdf,2,downloaded,2025-11-09T05:19:07.565277,
1065,/Around the year/Purim/Speeches,Speech 6,google_doc,5385,1KLwgJEaOO27AgXFg3pJiOTN3FWm0KHklr1EsttUcPL4,application/vnd.google-apps.document,2,downloaded,2025-11-09T05:19:08.312010,
1066,/Around the year/Purim/Speeches,Speech 5,google_doc,5399,1MCE_YTon4XNhL2kie0lF3vSnvPnOFWbEVlVus4j8xHI,application/vnd.google-apps.document,2,downloaded,2025-11-09T05:19:09.054011,
1067,/Around the year/Purim/Speeches,Speech 4,google_doc,5076,1rvNRdp_bMM2c84zvA91LpqDXJ_NXFD0XeAeZ66AwvuE,application/vnd.google-apps.document,2,downloaded,2025-11-09T05:19:09.984012,
1068,/Around the year/Purim/Speeches,Speech 3,google_doc,3271,1M5q_rkpi_4X7IOUCzqZVSmkA9Hyv7fYawQMGe70r_LE,application/vnd.google-apps.document,2,downloaded,2025-11-09T05:19:11.002012,
1069,/Around the year/Purim/Speeches,Speech 2,google_doc,3270,1RRvFpJKJYHIB-X44qTXCtpeKt2uNWuvfng4BNuBSmmE,application/vnd.google-apps.document,2,downloaded,2025-11-09T05:19:11.833086,
1070,/Around the year/Purim/Speeches,Speech 1,google_doc,5502,1OW2TVC1--3xDKxS7A39Alb1RcXWJbLmp3X_b3-vE5uI,application/vnd.google-apps.document,2,downloaded,2025-11-09T05:19:12.548074,
1071,/Around the year/Pesach/Halacha,14_Compass_ pesach halacha.pdf,document,3650335,1Iod4xuiKijN9p_gPWdmDRdtgBFZgnIiX,application/pdf,2,downloaded,2025-11-09T05:19:14.846741,
1072,/Around the year/Pesach/Halacha,Halacha Pesach,google_doc,1024,1NW4pSV01IU9RZV3Qra8kmEfw2dEEykxZpRQK9e8zEig,application/vnd.google-apps.document,2,downloaded,2025-11-09T05:19:15.552789,
1073,/Around the year/Pesach,Halacha Articles ,google_doc,2133,1SSb_Uc76JZih3N3PpHNGN_Z6VSJsFoxbyxkcb9nCGS0,application/vnd.google-apps.document,2,downloaded,2025-11-09T05:19:16.358972,
1074,/Around the year/Pesach/Escape Room Seder & Mock seder,Escape Room Seder Game.xlsx,spreadsheet,11564,1w7KMV-C_muAT6uqGYQ8ZDc5uf6SGZHtl,application/vnd.openxmlformats-officedocument.spreadsheetml.sheet,2,downloaded,2025-11-09T05:19:17.036638,
1075,/Around the year/Pesach/Escape Room Seder & Mock seder,exodus map.pdf,document,302457,1tWOrtbb0UFM29DN44-TEVDgjXnBnh3vp,application/pdf,2,downloaded,2025-11-09T05:19:17.930117,
1076,/Around the year/Pesach/Escape Room Seder & Mock seder,6perpage.pdf,document,1041950,1M2IAH-UWTf_7dAC8xMMGKt0a_NiJVceV,application/pdf,2,downloaded,2025-11-09T05:19:19.002581,
1077,/Around the year/Pesach/Escape Room Seder & Mock seder,escape room dvar torah.pdf,document,24180,16r1wpB0v5xSVNPQS6TVobpHu5zbI4IJI,application/pdf,2,downloaded,2025-11-09T05:19:19.747641,
1078,/Around the year/Pesach/Escape Room Seder & Mock seder,Escape Room Seder Game.pdf,document,5541593,1-XIppWhBEb-DlHlosTrwdx3GLkdR6G54,application/pdf,2,downloaded,2025-11-09T05:19:24.505405,
1079,/Around the year/Pesach/Escape Room Seder & Mock seder,iphone 10plauges.pdf,document,163951,1bu2OXkShCbOVzppb4JB_ATB3pQpx7HPK,application/pdf,2,downloaded,2025-11-09T05:19:25.259491,
1080,/Around the year/Pesach/Escape Room Seder & Mock seder,sederplate.pdf,document,599218,1xNeeOx4_Ux_-yy94FAU_WMBOkLBXU8Tn,application/pdf,2,downloaded,2025-11-09T05:19:26.337464,
1081,/Around the year/Pesach/Escape Room Seder & Mock seder,updated timeline photos.pdf,document,781632,1zivrvIgHpubhm3HDRzxqpRQ6RHIWeCJA,application/pdf,2,downloaded,2025-11-09T05:19:27.286431,
1082,/Around the year/Pesach/Escape Room Seder & Mock seder,wine label.pdf,document,24626,1aWlmblYqw3iS-JJesrxk5WpOVBp9onTO,application/pdf,2,downloaded,2025-11-09T05:19:28.037475,
1083,/Around the year/Pesach/Escape Room Seder & Mock seder,foil label.pdf,document,65351,1Sd2Vzs31Zp2v-0iSjZiU34rqFWT_D_zh,application/pdf,2,downloaded,2025-11-09T05:19:28.786476,
1084,/Around the year/Pesach/General Lists,Copy of general supplies list,spreadsheet,32452,1j8w1CPsOT1OP44h3LLAaZKkIGd7TPIfz,application/vnd.openxmlformats-officedocument.spreadsheetml.sheet,2,downloaded,2025-11-09T05:19:29.670671,
1085,/Around the year/Pesach/General Lists,Pesach Cleaning Checklist,document,36864,1dOVM6SRLC-_T8bJsGf1uO6pTFjkmzGS1,application/msword,2,downloaded,2025-11-09T05:19:30.284753,
1086,/Around the year/Pesach/General Lists,Copy of Pesach Lists.pdf,document,44233,1XErOAc453qS-wf5SF2gzsY7qlN1k5PEL,application/pdf,2,downloaded,2025-11-09T05:19:31.565486,
1087,/Around the year/Pesach,Pesach Questions,google_doc,1024,1sS8l5EBzuYcJMTUw5_4vWftnPRxirCPiuYrREgbV-Tg,application/vnd.google-apps.document,2,downloaded,2025-11-09T05:19:32.257965,
1088,/Around the year/Pesach/Chametz,Chametz Sale Email,google_doc,1024,1mOfBx4kFnPDIgL3klTi_JfiuyKRINnC8R2Bbpkh-uoY,application/vnd.google-apps.document,2,downloaded,2025-11-09T05:19:32.935200,
1089,/Around the year/Pesach/Chametz,Chametz Sale PRESS RELEASE.doc,document,28160,1WPBEAwN_273Xewolp9hHPoWmcKOOnrLS,application/msword,2,downloaded,2025-11-09T05:19:33.657511,
1090,/Around the year/Pesach/Chametz,chametz forms small.doc,document,43520,12-ZhEVP851KxN1OPk1B57bG-M1VbaWx3,application/msword,2,downloaded,2025-11-09T05:19:34.301878,
1091,/Around the year/Pesach,Pre-Pesach Email,google_doc,2985,1ECu7SKdRfxaEK4Dbq2Czo903OwNOLoSS3Ikwal-b6Wo,application/vnd.google-apps.document,2,downloaded,2025-11-09T05:19:35.041495,
1092,/Around the year/Pesach/Classes/Speeches/Jokes,Unfold A Meaningful Seder - Print,other,0,1VESGTRUAeeD924HGcyHj9uEDYL_--wA0,application/vnd.google-apps.shortcut,2,download_failed,2025-11-09T05:19:35.258798,Download failed
1093,/Around the year/Pesach/Classes/Speeches/Jokes/Chametz Class/Chametz class 2,Sale of chametz genuine_ teachers notes.docx,document,31871,1b0kMC95fToHbBUW2kzLdvH9GNGC1dcX3,application/vnd.openxmlformats-officedocument.wordprocessingml.document,2,downloaded,2025-11-09T05:19:36.297843,
1094,/Around the year/Pesach/Classes/Speeches/Jokes/Chametz Class/Chametz class 2,Sale of chametz genuine.docx,document,74241,1bAfjmm8spo7YIf_CuHgttwBGgrAGkFXb,application/vnd.openxmlformats-officedocument.wordprocessingml.document,2,downloaded,2025-11-09T05:19:36.955114,
1095,/Around the year/Pesach/Classes/Speeches/Jokes/Chametz Class/Chametz Class 1,"Pesach Class, Chametz, April 2, ,2019 Rabbi Sholom Raichik??.docx",document,22722,1CPkwGG31KH8y0ntfdKyLmrK1UYs6YJa7,application/vnd.openxmlformats-officedocument.wordprocessingml.document,2,downloaded,2025-11-09T05:19:37.492110,
1096,/Around the year/Pesach/Classes/Speeches/Jokes/Chametz Class/Chametz Class 1,"Pesach Crash Course #1 April 2, 2019.pptx",other,79244,17bYU0dUMcHQUfrmKrQ-mkMpwp7hq1c7J,application/vnd.openxmlformats-officedocument.presentationml.presentation,2,downloaded,2025-11-09T05:19:38.748739,
1097,/Around the year/Pesach/Classes/Speeches/Jokes/Coffee and Kaballah,Copy of coffee and kabbalah class 2 pesach.docx,document,56406,1yW7ukSMPJ6PL-GFQBFHXS9gjf0s05CBF,application/vnd.openxmlformats-officedocument.wordprocessingml.document,2,downloaded,2025-11-09T05:19:40.720569,
1098,/Around the year/Pesach/Classes/Speeches/Jokes/Coffee and Kaballah,Copy of coffee and kabbalah class 2 pesach notes.docx,document,20310,1luLYJ1vum7MidMbnA318dYWc0nASrdXs,application/vnd.openxmlformats-officedocument.wordprocessingml.document,2,downloaded,2025-11-09T05:19:41.452573,
1099,/Around the year/Pesach/Classes/Speeches/Jokes/Coffee and Kaballah,Copy of coffee and kabbalah class 2 pesach.docx,document,52538,1E9CccmWh2dJttkNUgKQQXZ4gaSROUG7l,application/vnd.openxmlformats-officedocument.wordprocessingml.document,2,downloaded,2025-11-09T05:19:42.138573,
1100,/Around the year/Pesach/Classes/Speeches/Jokes,Haggadah Class Nissan 6.docx,document,13831,1D1RR-7Fx6GkAEwG-nV1JduljQjVObRsb,application/vnd.openxmlformats-officedocument.wordprocessingml.document,2,downloaded,2025-11-09T05:19:43.046551,
1101,/Around the year/Pesach/Classes/Speeches/Jokes,Copy of JWC Chocolate Seder Speech.pub,other,179200,1WzzBzSRb0vbd1x4Mh6d3H0lj4uL1hCk9,application/vnd.ms-publisher,2,downloaded,2025-11-09T05:19:43.861429,
1102,/Around the year/Pesach/Classes/Speeches/Jokes,Copy of Womens Class Torah & Tea Pesach 3 part series edited.pdf,document,1035041,1cDJ_e0GkcVVXRVQ2m3UbsDtvCd3ol8w0,application/pdf,2,downloaded,2025-11-09T05:19:46.134387,
1103,/Around the year/Pesach/Classes/Speeches/Jokes,Copy of chana burstonPassover Jokes 2017.docx,document,18736,109NKtECjekOs_MHnHJOmKhduxXwJMu2j,application/vnd.openxmlformats-officedocument.wordprocessingml.document,2,downloaded,2025-11-09T05:19:46.913455,
1104,/Around the year/Pesach/Classes/Speeches/Jokes,Copy of Womens Class Torah & Tea Pesach 3 part series edited.pdf,document,1035041,1fEo3ujnVx3MDJZTfKuXtjKOezaSRQGz9,application/pdf,2,downloaded,2025-11-09T05:19:48.765533,
1105,/Around the year/Pesach/Classes/Speeches/Jokes,Copy of Egyptian Sculptures - Pesach 2.pptx,other,3107095,1EwHUKKpf6QGWafzEgZ8qayx0Z5kbVIcf,application/vnd.openxmlformats-officedocument.presentationml.presentation,2,downloaded,2025-11-09T05:19:50.881847,
1106,/Around the year/Pesach/Classes/Speeches/Jokes,Copy of notes for pesach class.docx,document,18237,1vx2VjcOW3hx3mWX8RG55OY8muASUh61N,application/vnd.openxmlformats-officedocument.wordprocessingml.document,2,downloaded,2025-11-09T05:19:51.698846,
1107,/Around the year/Pesach/Classes/Speeches/Jokes,Copy of Miriam.docx,document,16946,1jfrFGvqnHtaXORvv1Luz10GFzSMlsdlH,application/vnd.openxmlformats-officedocument.wordprocessingml.document,2,downloaded,2025-11-09T05:19:52.341770,
1108,/Around the year/Pesach/Classes/Speeches/Jokes,Copy of Miriam.docx,google_doc,4416,1I1TDEFZ2dYqMfXuINTrj65DFSlcnj100D-uM4hiY9IA,application/vnd.google-apps.document,2,downloaded,2025-11-09T05:19:53.114621,
1109,/Around the year/Pesach/Classes/Speeches/Jokes,interesting - Passover traditions from around the world - Handout,document,86342,1yVltViabn0clMt39k6pTz6QrR7WWptok,application/vnd.openxmlformats-officedocument.wordprocessingml.document,2,downloaded,2025-11-09T05:19:54.153082,
1110,/Around the year/Pesach/Classes/Speeches/Jokes,Let My People Know_Handout.docx,document,1412602,1GtipjwYmNsXBiJOmqlaj444zzr8OqcVw,application/vnd.openxmlformats-officedocument.wordprocessingml.document,2,downloaded,2025-11-09T05:19:55.254837,
1111,/Around the year/Pesach/Classes/Speeches/Jokes,Sermon for second days,google_doc,3077,1TyalLIvWhLkkOdVoVm6a4TLVJ83n3hXzpLVvW0_r4SM,application/vnd.google-apps.document,2,downloaded,2025-11-09T05:19:55.979816,
1112,/Around the year/Pesach/Moshiach Seudah,Booklet for Moshiach Seudah,google_doc,1024,1NM2SURIiA-DWZ_JKyVmJSu4dEz1mq3dHa4Bqd66CjT8,application/vnd.google-apps.document,2,downloaded,2025-11-09T05:19:56.656034,
1113,/Around the year/Pesach/Moshiach Seudah,Seder Niggunim for Moshiach Seudah.docx,document,33282,1-F0r9-j202y-qp6MLS71l-HmxhGe4aDO,application/vnd.openxmlformats-officedocument.wordprocessingml.document,2,downloaded,2025-11-09T05:19:57.430772,
1114,/Around the year/Pesach/Moshiach Seudah,article for Moshiach Seudah,google_doc,2903,1wttplo6TiFkQC4tcFWKulWYrR85MqFnerKvXX_8EnEQ,application/vnd.google-apps.document,2,downloaded,2025-11-09T05:19:58.088025,
1115,/Around the year/Pesach/Seder,Unfold A Meaningful Seder - Print,google_doc,61076,1VRQAiBwtLDt2MnKsjMpi1jQtUMk_yaOyLtCEErOB2oE,application/vnd.google-apps.document,2,downloaded,2025-11-09T05:19:59.330072,
1116,/Around the year/Pesach/Seder,Seder Ideas,google_doc,10053,1ylGD6C1xRUgCyi_2pmeqdzgfJq_ds-EL6WifHNezKSQ,application/vnd.google-apps.document,2,downloaded,2025-11-09T05:20:00.042156,
1117,/Around the year/Pesach/Seder,who knows one song.pdf,document,38087,1DcEkJjyA5xbMsFFlYVMy8W0kFhHH_0bd,application/pdf,2,downloaded,2025-11-09T05:20:00.991748,
1118,/Around the year/Pesach/Seder,Schedule for servers 3.docx,document,17423,19Lf9DhyuGlG-SRIhB8iS_f_ZXRHqU1X8,application/vnd.openxmlformats-officedocument.wordprocessingml.document,2,downloaded,2025-11-09T05:20:01.823746,
1119,/Around the year/Pesach/Seder,Schedule for servers 2.docx,document,11052,1sKMQRgOsyj1Ez64wNtot4fmYSMqNJcmn,application/vnd.openxmlformats-officedocument.wordprocessingml.document,2,downloaded,2025-11-09T05:20:02.940894,
1120,/Around the year/Pesach/Seder,Schedule for servers 1.docx,document,11109,1WOuCwrKOFRVOGIoR-wtM0U-84DedBkqC,application/vnd.openxmlformats-officedocument.wordprocessingml.document,2,downloaded,2025-11-09T05:20:03.648038,
1121,/Around the year/Pesach/Seder,Seder in a nutshell 2.pub,other,1191936,1clBfS5g8K9CGk6531v4lpnTz0jJcgEY5,application/vnd.ms-publisher,2,downloaded,2025-11-09T05:20:05.010738,
1122,/Around the year/Pesach/Seder/Menus,Copy of Pesach master Chef Files,google_doc,1587,1PPdNFjuna4w6TUaXq92T0h1qocPw8kJhuc5iAo7sOqM,application/vnd.google-apps.document,2,downloaded,2025-11-09T05:20:05.672812,
1123,/Around the year/Pesach/Seder/Menus,Copy of Pesach Menu.pdf,document,58681,1121moVvo1uIUelidcXqPS-emSUSKkp1M,application/pdf,2,downloaded,2025-11-09T05:20:06.314106,
1124,/Around the year/Pesach/Seder/Menus,Copy of Passover menu amounts for 45 pple.docx,document,12915,1bC8ysJfldzZnNTOt8yDCtv4_aGccUVsb,application/vnd.openxmlformats-officedocument.wordprocessingml.document,2,downloaded,2025-11-09T05:20:07.359021,
1125,/Around the year/Pesach/Seder/Menus,Copy of Passover Menu with Recipes.doc,document,41472,1YoAepq8SjYMyd3llCSR1FI4QpMa2vzHJ,application/msword,2,downloaded,2025-11-09T05:20:08.948025,
1126,/Around the year/Pesach/Seder/Menus,Copy of Seder Menus,google_sheet,1337,1sQyshjAHzQnEYu35zZUeF2gTLiFrqIuJh7H7Xl7mQIE,application/vnd.google-apps.spreadsheet,2,downloaded,2025-11-09T05:20:09.750153,
1127,/Around the year/Pesach/Seder/Menus,Copy of Passover Menu with Recipes.doc,document,41472,10tQyqvLcWc-utqxnCzpS6L6MLfWKZafB,application/msword,2,downloaded,2025-11-09T05:20:10.566777,
1128,/Around the year/Pesach/Seder/Menus,Copy of Pesach Recipes Organized 5777.docx,document,51046,1jGffNicojItzauvOAHhWtKWzh87cSJBx,application/vnd.openxmlformats-officedocument.wordprocessingml.document,2,downloaded,2025-11-09T05:20:11.993155,
1129,/Around the year/Pesach/Seder/Menus,Copy of Recipe Booklets.zip,archive,7231145,1EwYF7gQdEo787EjuoIi3kLqgmmR_U-rz,application/zip,2,downloaded,2025-11-09T05:20:14.849589,
1130,/Around the year/Pesach/Seder/Menus,Copy of Passover Dessert & Demo.doc,document,32768,1Mxqx6r7tuOxm1tBru5mxpIScTChfgi9V,application/msword,2,downloaded,2025-11-09T05:20:15.613548,
1131,/Around the year/Pesach/Seder/Menus,Copy of Pesach Sorbet and 3 ingredient nut cake.docx,document,12031,1C9OIOLsx7pHF87YerFuRMNq47IKkcOOb,application/vnd.openxmlformats-officedocument.wordprocessingml.document,2,downloaded,2025-11-09T05:20:16.395802,
1132,/Around the year/Pesach/Seder/Menus,Copy of Menus & seder 5777.docx,document,22876,1SqCESfVE4q068UQcT5wMtNDAGVOD1BS-,application/vnd.openxmlformats-officedocument.wordprocessingml.document,2,downloaded,2025-11-09T05:20:17.097046,
1133,/Around the year/Pesach/Seder/Menus,Copy of Passover menu amounts for 45 pple.docx,document,12915,1LjKeFklPelugQ_WNd89heCi-HI6wQTNm,application/vnd.openxmlformats-officedocument.wordprocessingml.document,2,downloaded,2025-11-09T05:20:19.076013,
1134,/Around the year/Pesach/Seder/Menus,Copy of Copy of Seder Menus,google_sheet,1340,1g5mkEQUisvsRm1hiW9SX3riyiHwOL85FWhoLpOsKwAY,application/vnd.google-apps.spreadsheet,2,downloaded,2025-11-09T05:20:19.749819,
1135,/Around the year/Pesach/Seder/Menus,Copy of Pesach Recipies,google_doc,2865,1tWIBxowAoYxxMR4e4N9Wz4QHVbjFbNaGw2cpIFncld8,application/vnd.google-apps.document,2,downloaded,2025-11-09T05:20:20.482825,
1136,/Around the year/Pesach/Seder/Menus,Funny Pesach Menu and Playbill.pub,other,97792,1gy1W0ZC1nDX6rkt5KbtqHW8DfrVtZTlK,application/vnd.ms-publisher,2,downloaded,2025-11-09T05:20:20.989820,
1137,/Around the year/Pesach/Seder,Copy of pesach fun facts.pdf,document,481667,14Q8CmlSEIU_2zN7PzRATl3KsjJZsz1V5,application/pdf,2,downloaded,2025-11-09T05:20:21.917279,
1138,/Around the year/Pesach/Seder,Copy of pesach seder schedule.pdf,document,280691,1WyW0eWJDee6Dxux_SpXoU1AOVir9Pgyp,application/pdf,2,downloaded,2025-11-09T05:20:22.700600,
1139,/Around the year/Pesach/Seder,Copy of 15 steps Seder cards.pdf,document,199884,1qTezZ690rKHTLlcWAzqPgfDldhHH5D4x,application/pdf,2,downloaded,2025-11-09T05:20:23.262998,
1140,/Around the year/Pesach/Seder,Copy of Seder Plate Posters - 2016.pdf,document,1800341,105euCKJ4tR0iimEe8yGqsF6TtAvt2eGq,application/pdf,2,downloaded,2025-11-09T05:20:26.322574,
1141,/Around the year/Pesach/Seder,Copy of the seder guide.pdf,document,259838,1hd2HNnhx8aO9mvX2LyM0tfbrTcYpJCkv,application/pdf,2,downloaded,2025-11-09T05:20:27.293876,
1142,/Around the year/Pesach/Seder,Copy of Table Leaders.docx,document,14586,1JjmOdzg2ACWqwZqtIAq6pc9viW813qZt,application/vnd.openxmlformats-officedocument.wordprocessingml.document,2,downloaded,2025-11-09T05:20:28.258461,
1143,/Around the year/Pesach/Seder,Copy of kids led seder script.doc,document,73216,1TxpJwGar6yHdcggQm5QMfSmDFB6LhVvp,application/msword,2,downloaded,2025-11-09T05:20:29.153377,
1144,/Around the year/Pesach/Seder,Copy of HandwashingSigns04.pdf,document,2887884,1p8BzL9xK-5njlDpHd-euw8VQW73Y6VQA,application/pdf,2,downloaded,2025-11-09T05:20:31.600361,
1145,/Around the year/Pesach/Seder,Copy of deeper meaning of haggada. docx,document,38449,1khe1l6KzuwWr2sQl498mGYeYos35BSrr,application/vnd.openxmlformats-officedocument.wordprocessingml.document,2,downloaded,2025-11-09T05:20:32.432039,
1146,/Around the year/Pesach/Seder,Copy of 1 Seder Guide.pub,other,923648,1Ri0Tzu5Wv0u-DAfxS7OJCA1Ks3VZD1er,application/vnd.ms-publisher,2,downloaded,2025-11-09T05:20:33.630038,
1147,/Around the year/Pesach/Seder,Copy of 15 steps.docx,document,15150,1ccXtfZPsyVNPMHG-BRWTY_raTTrPxDZp,application/vnd.openxmlformats-officedocument.wordprocessingml.document,2,downloaded,2025-11-09T05:20:34.619297,
1148,/Around the year/Pesach/Seder,Pesach Song Sheets.doc,document,37888,1nNNvE_H7Kn1KZGJcu5uDzlx71zI3GnEo,application/msword,2,downloaded,2025-11-09T05:20:35.168819,
1149,/Around the year/Pesach/Seder/Haggadah,Haggadas ideas,google_doc,1034,14Cz08goWkigNNdbNyRqnWtyiHb-r1XzJyBl_78GtL2U,application/vnd.google-apps.document,2,downloaded,2025-11-09T05:20:35.785474,
1150,/Around the year/Pesach/Seder/Haggadah,Haggada For Public Seder (Maggid) .pdf,document,661417,1U66NTZZfjuqrf1IMXzz_wyDr0JcOvy7B,application/pdf,2,downloaded,2025-11-09T05:20:36.870379,
1151,/Around the year/Pesach/Seder/Haggadah,Video - Which Hagaddah,google_doc,1024,1PTsdL-sFdmdhiSpYZo6_gcnr8RgTZF-rHXgh31B6N-o,application/vnd.google-apps.document,2,downloaded,2025-11-09T05:20:37.685684,
1152,/Around the year/Pesach/Seder/Haggadah,Hand-outs #1.docx,document,38313,1Du4lxEl74jjC-ROO1utqOJLyYjCJzlLR,application/vnd.openxmlformats-officedocument.wordprocessingml.document,2,downloaded,2025-11-09T05:20:38.302861,
1153,/Around the year/Pesach/Seder/Haggadah,HAGGADAH INSIGHTS STEINZALTZ.docx,document,34431,1p9SINw0_x0MhH6q4L84KMXnPUtstSOrW,application/vnd.openxmlformats-officedocument.wordprocessingml.document,2,downloaded,2025-11-09T05:20:38.935485,
1154,/Around the year/Pesach/Seder/Haggadah,שיעור הגדה.docx,document,817024,1QOOhS2fJetxoV-TeoybaG0km8ypj49lw,application/vnd.openxmlformats-officedocument.wordprocessingml.document,2,downloaded,2025-11-09T05:20:40.342382,
1155,/Around the year/Pesach/Seder/Haggadah,insights into the hagadah 5774 final_2.docx,document,50744,1m-_gD_tKEnbcKQ_3hQasaC8S3f6_TZmG,application/vnd.openxmlformats-officedocument.wordprocessingml.document,2,downloaded,2025-11-09T05:20:41.093381,
1156,/Around the year/Pesach/Seder/Haggadah,Haggaddah.pdf,document,296639,1gIalpeFMZa3Z78Rru7V6uW0JEgR2Laiq,application/pdf,2,downloaded,2025-11-09T05:20:41.700624,
1157,/Around the year/Pesach/Seder/Haggadah,Magid cards.pdf,document,60370,1RT10PNk2W8_3vAGCIjk0Rex3G9_zDYDN,application/pdf,2,downloaded,2025-11-09T05:20:42.605726,
1158,/Around the year/Pesach/Seder,Mah Nishtana - English.docx,document,12774,10BBV9EZr3rGozcNVQ1TeOqoZHVu7fM_9,application/vnd.openxmlformats-officedocument.wordprocessingml.document,2,downloaded,2025-11-09T05:20:43.310810,
1159,/Around the year/Pesach/Seder,Unfold A Meaningful Seder - Print,document,120320,1icvdi9vWAlrzVupLxXhtxWN7XZO9n4fw,application/msword,2,downloaded,2025-11-09T05:20:44.149040,
1160,/Around the year/Pesach/Seder,2 Nights of the Seder and their Unique Journeys.pdf,document,244074,1tXZa28WJOMwlOr4Faj21_7-76r5I1zYt,application/pdf,2,downloaded,2025-11-09T05:20:45.429869,
1161,/Around the year/Pesach/Seder,Ice breaker Seder Questions.pdf,document,868189,1nECohuzd-6opWGcbEsntt8lP-ixkGWQv,application/pdf,2,downloaded,2025-11-09T05:20:46.768273,
1162,/Around the year/Pesach/Seder,Seder Explanations - one liners.doc,document,37376,1bg4mygkyY4dL4E3uYaC80AacY_18bpDn,application/msword,2,downloaded,2025-11-09T05:20:47.499581,
1163,/Around the year/Pesach/Seder,Seder Songs.doc,document,35328,1pMBtZnnKCKQzEHeLBr0OUGZaSKh3uMBK,application/msword,2,downloaded,2025-11-09T05:20:48.312574,
1164,/Around the year/Pesach/Seder,Seder Placemat.pdf,document,3548432,1mgPKDKorkzfHQpPuOf4X1eNauVdbNeBZ,application/pdf,2,downloaded,2025-11-09T05:20:53.606574,
1165,/Around the year/Pesach,Pesach Schedule - Shabbos.docx,document,119018,1_IIf9vbAG46CDt5K5xe7-uCnI6wsF0O1,application/vnd.openxmlformats-officedocument.wordprocessingml.document,2,downloaded,2025-11-09T05:20:54.360047,
1166,/Around the year/Pesach/Matzah,Buying options,google_doc,1909,1Tdd2FWfS_-mRiUtsyL9Kcl-4cXR9G7BjqWj3vM_DMRc,application/vnd.google-apps.document,2,downloaded,2025-11-09T05:20:55.020720,
1167,/Around the year/Pesach/Matzah,idea for Matzah Disribuition,google_doc,1665,18yjrQXMUeqGROhCLl9dZnonj1_hIrU6uR2PHFdfH8A4,application/vnd.google-apps.document,2,downloaded,2025-11-09T05:20:55.562002,
1168,/Around the year/Pesach/Matzah,Machine Matazah,google_doc,7451,1a5zCXgVv19NxALU13PEOA7zh1DLcYN-il_kS8zzpiDM,application/vnd.google-apps.document,2,downloaded,2025-11-09T05:20:56.293916,
1169,/Around the year/Pesach/Matzah,how Many Matzohs did the rebbe say to give out,google_doc,1524,1yoXusE0COxuRVYWjZCunSDh-9RBigzNk-k8YN9LAxr0,application/vnd.google-apps.document,2,downloaded,2025-11-09T05:20:56.833761,
1170,/Around the year/Pesach/Matzah,Best way to ship,google_doc,3557,1ymI-AOplJO6CMBDNGuyn5PPd8AdIYa0SFpgEagRqyXI,application/vnd.google-apps.document,2,downloaded,2025-11-09T05:20:57.550531,
1171,/Around the year/Pesach/Matzah,Matzah Delivery Letter,google_doc,1843,1syb6txfZR_KCjsro5KneE36HjgBXza_VcG3KLE5Nj_8,application/vnd.google-apps.document,2,downloaded,2025-11-09T05:20:58.239733,
1172,/Around the year/Pesach/Matzah,Matzah Letter.docx,document,16149,1mL3xhXRODrjeNkd9gfnxL5ADAveJR-Rp,application/vnd.openxmlformats-officedocument.wordprocessingml.document,2,downloaded,2025-11-09T05:20:59.016752,
1173,/Around the year/Pesach/Matzah,Shmurah Matzah Letter 5779.docx,document,18440,1ANz49mnTTP69CHIxD9qmwMlxmQwTZ8ia,application/vnd.openxmlformats-officedocument.wordprocessingml.document,2,downloaded,2025-11-09T05:20:59.847751,
1174,/Around the year/Pesach/Matzah,Shmurah Matzah - collection,google_doc,1024,1W23Lo6XWqgZk410tk313ubMM-dwSyOeanqMFpmqgrbU,application/vnd.google-apps.document,2,downloaded,2025-11-09T05:21:00.450244,
1175,/Around the year/Pesach/Model Matzah bakery,All Items-Props needed for each Show model matzah.docx,document,12648,1Y_G3TNg0gPPQdsSH521-a66Ktf_BYsgb,application/vnd.openxmlformats-officedocument.wordprocessingml.document,2,downloaded,2025-11-09T05:21:01.028689,
1176,/Around the year/Pesach/Model Matzah bakery,overview of model matzah ,google_doc,3281,1aw-_883bmlQQ9XFXwptiZ88VrXk4HPfIydMPudjoylk,application/vnd.google-apps.document,2,downloaded,2025-11-09T05:21:01.825687,
1177,/Around the year/Pesach/Model Matzah bakery,Model Maztah Bakery Recipe 1,google_doc,1024,1mVIm5zjMTx4U2ek-RkSkHaMC_bNzYSnAJ7U_Jh_1ldc,application/vnd.google-apps.document,2,downloaded,2025-11-09T05:21:02.475688,
1178,/Around the year/Pesach/Model Matzah bakery,Ratio water to flour,google_doc,2250,1ZDZ1QmENq4vwDSViQHeaDvlpbSpsWhpSEYFTelnwEPg,application/vnd.google-apps.document,2,downloaded,2025-11-09T05:21:03.374512,
1179,/Around the year/Pesach/Model Matzah bakery,Model Matzah Bakery with Regular oven,google_doc,1671,1MiIvFFD4_IdLjAZNuhiihfRNzdR1475BcTXLBQXqXDM,application/vnd.google-apps.document,2,downloaded,2025-11-09T05:21:04.273512,
1180,/Around the year/Pesach/Model Matzah bakery,Whole wheat flour,google_doc,1024,1_opskH8bP--Hgp3CaOkS_-YAH8BbP6Y0X-ipfgBYYW4,application/vnd.google-apps.document,2,downloaded,2025-11-09T05:21:04.892131,
1181,/Around the year/Pesach/Model Matzah bakery,where to buy my oven from,google_doc,1595,1aioVIOvYou5PW-JVEqj8la1CmfyhzycFitt_s09aHhw,application/vnd.google-apps.document,2,downloaded,2025-11-09T05:21:05.611195,
1182,/Around the year/Pesach/Model Matzah bakery,How much do you Charge?,google_doc,1024,1d9giKlIzsbbYEKA4riMFgEHD96ZzqyWn1NlM2cy_z_M,application/vnd.google-apps.document,2,downloaded,2025-11-09T05:21:06.393196,
1183,/Around the year/Pesach/Model Matzah bakery,Doing a Model Bakery in a private school,google_doc,2178,1bGErm2RaOzWuNIAX7cIMNT-dfWj-C2Rnww7H952RyyQ,application/vnd.google-apps.document,2,downloaded,2025-11-09T05:21:07.130196,
1184,/Around the year/Pesach/Model Matzah bakery,MatzahBakeryBooklet.pdf,document,990492,1kNPBh25SPalgFNQggKwWobps279by2VX,application/pdf,2,downloaded,2025-11-09T05:21:08.104794,
1185,/Around the year/Pesach/Model Matzah bakery,where can i buy an oven?,google_doc,1701,1pdIcj-KYP4X67E2TrMxf5SQP6B5IMElsLW1W-1U9Gt0,application/vnd.google-apps.document,2,downloaded,2025-11-09T05:21:09.018370,
1186,/Around the year/Pesach/Model Matzah bakery,Letter to send home,google_doc,2961,1Wo35dUHOA0Iegf0GAAKRw36T_QokfxLqfroTvToC5rI,application/vnd.google-apps.document,2,downloaded,2025-11-09T05:21:09.685377,
1187,/Around the year/Pesach/Model Matzah bakery,Press Release,google_doc,2349,1TV4UZleHKOnuCI13lUjanl9x4SM41aVwin67TX6_2ng,application/vnd.google-apps.document,2,downloaded,2025-11-09T05:21:10.408565,
1188,/Around the year/Pesach/Model Matzah bakery,Model Matzah handout,google_doc,3238,1Q-5gvu55bUSayfLiqH8N2XWLpTRjxe0BON1T1ciNMFM,application/vnd.google-apps.document,2,downloaded,2025-11-09T05:21:11.165590,
1189,/Around the year/Pesach/Model Matzah bakery,Tips for Matzah Bakery,google_doc,1024,1KMiQEtV1xVZuD4CmooFbKox-Yyq2Fy2ys3lWTx8CGgA,application/vnd.google-apps.document,2,downloaded,2025-11-09T05:21:11.862569,
1190,/Around the year/Pesach/Model Matzah bakery,Model+Matzah+Bakery+Press+Release.doc,document,28160,12G53MUSagSqRGbIexUt223_7V3GUG0gW,application/msword,2,downloaded,2025-11-09T05:21:12.503144,
1191,/Around the year/Pesach/Model Matzah bakery,Video,google_doc,1470,1dZNPLSFLay7P0uC0BayYisoj6D8-iO2FEJDB4enKgsM,application/vnd.google-apps.document,2,downloaded,2025-11-09T05:21:13.096613,
1192,/Around the year/Pesach/Model Matzah bakery,Ratio 2,google_doc,2872,1qQ0YCNm8C_ytUcKbllNk4tAHhQPvby_V-Dih4HNAqvc,application/vnd.google-apps.document,2,downloaded,2025-11-09T05:21:13.990544,
1193,/Around the year/Pesach/Model Matzah bakery,Paper to cover tables,google_doc,1024,196M3pdoDi2bU-f0PApiHbVS-XxBAi_xAf7fNkbkOn9A,application/vnd.google-apps.document,2,downloaded,2025-11-09T05:21:14.623361,
1194,/Around the year/Pesach/Model Matzah bakery,Matzah Bakery proposal - Public school,document,26624,1OYMc9meY6ng6ZTNNGPl0I40feejLXQRI,application/msword,2,downloaded,2025-11-09T05:21:15.883873,
1195,/Around the year/Pesach/Model Matzah bakery,Homemade Matzah,google_doc,4645,1GGHZmkGEFqoaEo9exqDUB8Ng6lV1dnVoxuSYMFFsQtw,application/vnd.google-apps.document,2,downloaded,2025-11-09T05:21:16.605133,
1196,/Around the year/Pesach/Model Matzah bakery,Press Release 2 Matza Bakery.docx,document,15057,12tUz20-4vy7Q-No_EjOPc-VOzNmD5gGe,application/vnd.openxmlformats-officedocument.wordprocessingml.document,2,downloaded,2025-11-09T05:21:17.177590,
1197,/Around the year/Pesach/Model Matzah bakery,Old video of Matzah bakery,google_doc,1024,1Pfp-bTocXSZSdYmJm5VTj_-6vy-6qp1SE4XgxENYAq4,application/vnd.google-apps.document,2,downloaded,2025-11-09T05:21:17.840219,
1198,/Around the year/Pesach/Model Matzah bakery,"coloring pages, Bakery cutout.pdf",document,356026,1fqughG9nAHSp2hhw2OEhhyw3GHIxprMF,application/pdf,2,downloaded,2025-11-09T05:21:19.098525,
1199,/Around the year/Pesach/Model Matzah bakery,Model Matzah Bakery at Wholefoods - 16553.docx,document,12381,1lG9iuB7uFVKp3hhY_ltPlVa7gduiGrPX,application/vnd.openxmlformats-officedocument.wordprocessingml.document,2,downloaded,2025-11-09T05:21:19.829522,
1200,/Around the year/Pesach/Model Matzah bakery,Model Matza Bakery Press Release,document,14291,1Jp-FxOpFIIOu8lST8MHm4Uuu2Jqcg9LJ,application/vnd.openxmlformats-officedocument.wordprocessingml.document,2,downloaded,2025-11-09T05:21:20.436526,
1201,/Around the year/Pesach,Colorado Senate Prayer for Pesach.docx,document,13794,1-LH1kjkNCNIXWC05iCNDk33gMyPQ8glI,application/vnd.openxmlformats-officedocument.wordprocessingml.document,2,downloaded,2025-11-09T05:21:21.117139,
1202,/Around the year/Pesach,Post Pesach thank you letter,document,13442,1pfD0eM6EYGhJ8azsHCQw4RA7VS6KGsCH,application/vnd.openxmlformats-officedocument.wordprocessingml.document,2,downloaded,2025-11-09T05:21:21.947667,
1203,/Around the year/Sefiras Haomer/Womens Sefiras Haomer Class (Mrs. Sarale Bluming),Sefirat haomer Tues. class 2012.doc,document,57344,1bZ8vMxrBbggLyqkzTS2CPWrp1cwsRQKy,application/msword,2,downloaded,2025-11-09T05:21:22.699848,
1204,/Around the year/Sefiras Haomer/Womens Sefiras Haomer Class (Mrs. Sarale Bluming),notes for Tues. class 2012.docx,document,17144,1rVlpQgTxKCYG66AUM7mgzDL-hLyETQC6,application/vnd.openxmlformats-officedocument.wordprocessingml.document,2,downloaded,2025-11-09T05:21:23.410084,
1205,/Around the year/Sefiras Haomer/Womens Sefiras Haomer Class (Mrs. Sarale Bluming),The Sefirot.doc,document,67072,1zvy2XpN5SMRwKC6NWY5Irz8lHCjXwF0t,application/msword,2,downloaded,2025-11-09T05:21:23.988085,
1206,/Around the year/Elul,Elul thank you letter.rtf,document,41157,1USDg9ZFwbCbkNDHC2zr8RdWB0ZoXaEy9,application/msword,2,downloaded,2025-11-09T05:21:24.471636,
1207,/Around the year/Elul,L'Dovid Ori Class.doc,document,36352,1TFUabCuNmHeRaFQfisUwNDIpyWWULcAl,application/msword,2,downloaded,2025-11-09T05:21:25.233302,
1208,/Around the year/Elul,Elul Class Teacher-Notes.doc,document,46592,1fh608y0AO0t3mZRrjol0o3_A0eHAVCGE,application/msword,2,downloaded,2025-11-09T05:21:26.115665,
1209,/Around the year/Elul,Ani Ledodi - Alter Rebbe.pdf,document,474058,1b32PlwQA8AYECvnA0_erYdb_X3cJ3vHQ,application/pdf,2,downloaded,2025-11-09T05:21:27.176590,
1210,/Around the year/Elul,melech basodeh revised final.pdf,document,14099858,1C5gpEybQSGPkoDz9NPhp8xT2nJx_CvzM,application/pdf,2,downloaded,2025-11-09T05:21:32.094076,
1211,/Around the year/Elul,Shiur: Elul and its Connection to Teshuvah.doc,document,93184,1gdpmarLQrwm8Tgqhdjl_bF_mQfQdm8lA,application/msword,2,downloaded,2025-11-09T05:21:33.051643,
1212,/Around the year/Elul,Elul 3.doc,document,30208,1TP539EG5C2vTpD2uaO-KGvrNhQxv_s0D,application/msword,2,downloaded,2025-11-09T05:21:33.752067,
1213,/Around the year/Elul,18 Elul.pdf,document,46389,1CN99lSJCPRz35Y4Ed7AFjzUQSAh5WdY0,application/pdf,2,downloaded,2025-11-09T05:21:34.451742,
1214,/Around the year/Elul,Elul Shiur- Sources materials 9 13 05.doc,document,118784,1emXInTkMdT169PcQI8Y6X6wg7CeRPuDJ,application/msword,2,downloaded,2025-11-09T05:21:35.717486,
1215,/Around the year/Elul,ELUL.DOC,document,40448,1PxFB32r-G7U0j44RMDpy_MtguWCDwI8Z,application/msword,2,downloaded,2025-11-09T05:21:36.192488,
1216,/Around the year/Elul,Elul source sheet.doc,document,27648,1ff5l_kesG0kQoxJZBl1nuBNVFY1pFiKd,application/msword,2,downloaded,2025-11-09T05:21:36.820561,
1217,/Around the year/Elul,ellul-class-timeline (1).pdf,document,39975,1nIXHgjuApsfU1JKafUhLig9OrEvFd0pJ,application/pdf,2,downloaded,2025-11-09T05:21:37.421560,
1218,/Around the year/Elul,elul_class.doc,document,10258,1ubCfzM_OfGiVrMUOePT-8G49TwOqXKGR,application/msword,2,downloaded,2025-11-09T05:21:37.946561,
1219,/Around the year/Elul,Elul maamar- 2nd Ani Ledodi.pdf,document,965601,1j7TPRXOIJo6RAOO56aMUKXl8N5czS5g4,application/pdf,2,downloaded,2025-11-09T05:21:39.324562,
1220,/Around the year/Elul,Elul Chai Club Letter - Rapoport.docx,document,11000,1vYRC936OwlynkxMOeYpronKEcYk9hVKS,application/vnd.openxmlformats-officedocument.wordprocessingml.document,2,downloaded,2025-11-09T05:21:39.913132,
1221,/Around the year/Elul,Elul TY Letter 5772.docx,document,12032,16s4QdpywSYSSAkGc5LTUm0BOlyKQLBXG,application/vnd.openxmlformats-officedocument.wordprocessingml.document,2,downloaded,2025-11-09T05:21:40.554523,
1222,/Around the year/Elul,Elul.docx,document,21177,1nz3UQXeduIBrPs9wqlcDnIT_ntmTmcPw,application/vnd.openxmlformats-officedocument.wordprocessingml.document,2,downloaded,2025-11-09T05:21:41.178671,
1223,/Around the year/Elul,Ellul-class-timeline.pdf,document,39975,1OEs8WaFnQvZlHhfE1N4VI9BudpyC8Mt8,application/pdf,2,downloaded,2025-11-09T05:21:41.770186,
1224,/Around the year/Elul,elul.ppt,other,831488,15ekKGacO0AY82kztIOFgXnFTrqg96OF3,application/vnd.ms-powerpoint,2,downloaded,2025-11-09T05:21:42.598579,
1225,/Around the year/Lag Baomer/Misc.,Lag beomer Story .docx,document,13269,1fmkGC79MHjhd98rNb_xbnybnAe86OrCQ,application/vnd.openxmlformats-officedocument.wordprocessingml.document,2,downloaded,2025-11-09T05:21:43.240627,
1226,/Around the year/Lag Baomer/Misc.,08Lag Bomer_Program.pdf,document,2518428,1rm9-LWDAlI8SuR0Qhv840cjboy9FAlMG,application/pdf,2,downloaded,2025-11-09T05:21:45.012942,
1227,/Around the year/Lag Baomer/Misc.,08LaBomer_handout.pdf,document,2522586,1xHjFuuJ9NIG-UC6uqGUk7uxM3NDGl56s,application/pdf,2,downloaded,2025-11-09T05:21:47.388447,
1228,/Around the year/Lag Baomer/Misc.,ליובאוויטש ל''ג בעומר.pdf,document,8804018,1C7iLIWs2iRs_KJ-SIU7y3XjzulpvYycw,application/pdf,2,downloaded,2025-11-09T05:21:50.616175,
1229,/Around the year/Lag Baomer/Misc.,Attached is an article I wrote for Kfar Chabad on the story of MBD.  DZ   Dovid Zaklikowski,document,98387,1aeIFilIhjNHeWF8APV2C44qA5a5T_4iG,application/pdf,2,downloaded,2025-11-09T05:21:51.441075,
1230,/Around the year/Lag Baomer/Songs,jewish songs (lag baomer..).doc,document,42496,11MC329tbn7LvZ1QV7LvJ2SEe8qWg3A6F,application/msword,2,downloaded,2025-11-09T05:21:52.157170,
1231,/Around the year/Lag Baomer/Songs,בַּר יוֹחַאי נִמְשַׁחְתָּ אַשְׁרֶיךָ.doc,document,42496,12u-op2WEO17nRribiddtsydEczjP9NOX,application/msword,2,downloaded,2025-11-09T05:21:52.819002,
1232,/Around the year/Lag Baomer/Songs,Bar Yochai Song.doc,document,28672,1IXq4ftekMw-eC94zobSX7FFS6TLvHPpl,application/msword,2,downloaded,2025-11-09T05:21:53.808025,
1233,/Around the year/Lag Baomer/Songs,Bar Yochai.docx,document,16006,16Ut8eP94GZDFQdXrwL3kUEEpdGoEmMI8,application/vnd.openxmlformats-officedocument.wordprocessingml.document,2,downloaded,2025-11-09T05:21:54.367148,
1234,/Around the year/Lag Baomer/Crafts,7751D_o_01263_lag_baomer_clip_art coloring book.pdf,document,6107729,1xL4l7FBde2gr5xLbH-ZGSqhnGlx52CBt,application/pdf,2,downloaded,2025-11-09T05:21:58.139440,
1235,/Around the year/Lag Baomer/Crafts,Lag Bomer Dot Art.pdf,document,157090,1kMhwVdztA2Yd1Oo1U9SFQxbZUBTFPDSR,application/pdf,2,downloaded,2025-11-09T05:21:59.237466,
1236,/Around the year/Lag Baomer/Crafts,LagBomerColoringBook.PDF,document,1030397,15qD3TJsn8jr1SORD8HMAiosPSOApCzcW,application/pdf,2,downloaded,2025-11-09T05:22:00.278466,
1237,/Around the year/Lag Baomer/Crafts,game- put story in order.docx,document,15939,1yFFn5fIREA8e7k2LK1zPGvOeQuoFLDir,application/vnd.openxmlformats-officedocument.wordprocessingml.document,2,downloaded,2025-11-09T05:22:00.937947,
1238,/Around the year/Lag Baomer/Crafts,Yiddish-Kite _26 Instructions.pdf,document,334294,1pum25IGkod4La5aYR-B_9s9e6aVkXdR0,application/pdf,2,downloaded,2025-11-09T05:22:01.841953,
1239,/Around the year/Lag Baomer/Crafts,Fill_Ins__lag_bomer (hs level).doc,document,34304,1979C_3kd1P3R5XE8PoD4Y_7wffgMuuuo,application/msword,2,downloaded,2025-11-09T05:22:03.046960,
1240,/Around the year/Lag Baomer/Crafts,colorbynumbersheet- frisbees.doc,document,22528,1nGKweYiXqWnp4T46JwyfBThxxMGIhzFT,application/msword,2,downloaded,2025-11-09T05:22:03.615032,
1241,/Around the year/Lag Baomer/Press Release,Lag Baomer Press Release (1).doc,document,29184,13Xakl6CXRbFDgI7gWLnFT4Lb26_Ehv9Q,application/msword,2,downloaded,2025-11-09T05:22:04.167023,
1242,/Around the year/Lag Baomer/Press Release,Lag Baomer Press Release.doc,document,30720,1xlNqFu0hVyoJChQksvNmW8-vocLjfaWs,application/msword,2,downloaded,2025-11-09T05:22:04.863644,
1243,/Around the year/Lag Baomer/Press Release,Lag Baomer Press Release (2).doc,document,30720,1rW13doDTCFRGE8JW6lu-SDCqRZKGwC76,application/msword,2,downloaded,2025-11-09T05:22:05.493916,
1244,/Around the year/Lag Baomer/Press Release,Press Release Lag Baomer.doc,document,28672,1vy9UrZvnmEye7gML7jdom45psjArMMRB,application/msword,2,downloaded,2025-11-09T05:22:06.067231,
1245,/Around the year/Lag Baomer/Events,: Ideas for lag bomer,google_doc,7939,11UstcDt3ybuZ38xmAArxPEewAghWYCcLcTJMjF9CYY0,application/vnd.google-apps.document,2,downloaded,2025-11-09T05:22:07.109467,
1246,/Around the year/Lag Baomer/Events/Games,Copy of Lag bomer signature hunt.docx,document,260370,1xF2aTEUhOeaKcxVG0DShgXiBcjFCf0Nm,application/vnd.openxmlformats-officedocument.wordprocessingml.document,2,downloaded,2025-11-09T05:22:07.871037,
1247,/Around the year/Lag Baomer/Events/Games,Lag bomer signature hunt(1).docx,document,40569,1tWk9FJMmV4U8aBjETxjYgS0jJWNJM9Nv,application/vnd.openxmlformats-officedocument.wordprocessingml.document,2,downloaded,2025-11-09T05:22:08.482701,
1248,/Around the year/Lag Baomer/Events/Games,Lag bomer signature hunt.docx,document,259796,1InWQjMtDeXU4_EIRkAthHXte3Uw8EIL9,application/vnd.openxmlformats-officedocument.wordprocessingml.document,2,downloaded,2025-11-09T05:22:09.071705,
1249,/Around the year/Lag Baomer/Events/Games,menu _ crafts-games.docx,document,18794,19Urpv4gQav_46ooDUGQJNLL7q7d2dwqi,application/vnd.openxmlformats-officedocument.wordprocessingml.document,2,downloaded,2025-11-09T05:22:09.693707,
1250,/Around the year/Lag Baomer/Events/Games,menu _ crafts-games(1).docx,document,41278,1MXdlFVY_OiCQyX6cMw4kCpebfvSOj2t3,application/vnd.openxmlformats-officedocument.wordprocessingml.document,2,downloaded,2025-11-09T05:22:10.848714,
1251,/Around the year/Lag Baomer/Events/BBQ Chalkboard Menu,BBQ Chalkboard Menu.pdf,document,525292,1GuYAY7DOiSBqrZ0p9rPJzPeQpmFqJ7V1,application/pdf,2,downloaded,2025-11-09T05:22:11.765610,
1252,/Around the year/Lag Baomer/Events/BBQ Chalkboard Menu,BBQ Chalkboard Menu.docx,document,706089,1ZROJFZ1c-_bXzB7z_zrZ1BqMWxsO6LGB,application/vnd.openxmlformats-officedocument.wordprocessingml.document,2,downloaded,2025-11-09T05:22:12.962182,
1253,/Around the year/Lag Baomer/Events/BBQ Chalkboard Menu,BBQ Chalkboard Menu(1).docx,document,568487,1O0dxRlnE7wxuWYn-GuWrtIN4-qB6pEWo,application/vnd.openxmlformats-officedocument.wordprocessingml.document,2,downloaded,2025-11-09T05:22:13.877282,
1254,/Around the year/Lag Baomer/Events,Bonfire Permits,google_doc,1094,1Do25I2rmBMJQoUk9dyjsY1sdSQ-RgchoPQ0M_2dRn34,application/vnd.google-apps.document,2,downloaded,2025-11-09T05:22:14.570649,
1255,/Around the year/Lag Baomer/Events,Lag Baomer Ideas (Leah Rivkin),google_doc,2287305,1GLgapei6Be2IE7HhKLeFbJcFavt5KnO9IkSxuYYOZcs,application/vnd.google-apps.document,2,downloaded,2025-11-09T05:22:15.991413,
1256,/Around the year/Lag Baomer/Events,Lag baomer car parade,google_doc,1378,1hRNzNyiDgmCmMaiksNt5SF0bxBXyx0PsrdmkeE1LHCo,application/vnd.google-apps.document,2,downloaded,2025-11-09T05:22:16.992050,
1257,/Around the year/Lag Baomer/Classes,Lag Baomer and ahavas Yisrael.doc,document,66048,1oeIJKn_mQ02qMBSitMcOJY8OZ5yrLiSW,application/msword,2,downloaded,2025-11-09T05:22:17.565056,
1258,/Around the year/Lag Baomer/Classes,KabbalahYYJacobson-0001.doc,document,35328,1WDb7wxXJisQF94mnnt9O9CeVcU2yOzpS,application/msword,2,downloaded,2025-11-09T05:22:18.095257,
1259,/Around the year/Lag Baomer/Classes,Lag Baomer Class (Mrs. Sarale Bluming),document,75264,121MZYvOt2p_XRpbbHgzpgLM3jMoKLd5Q,application/msword,2,downloaded,2025-11-09T05:22:18.701037,
1260,/Around the year/Lag Baomer,lag+baomer.pub,other,834048,1AKlgfk06MXtK9qFIa8uzZoJvvXxBG7dD,application/vnd.ms-publisher,2,downloaded,2025-11-09T05:22:19.620999,
1261,/Around the year/Lag Baomer/Lag Baomer Curriculum & Worksheet for 7-11 (Rabbi Asher Mendel Yemini ),lag baomer curriculum.docx,document,17729,1VRrR4-dvriA4_KdJVl9Uowu0ZyVak8-f,application/vnd.openxmlformats-officedocument.wordprocessingml.document,2,downloaded,2025-11-09T05:22:20.265019,
1262,/Around the year/Lag Baomer/Lag Baomer Curriculum & Worksheet for 7-11 (Rabbi Asher Mendel Yemini ),lag baomer 1.pdf,document,1000611,1z8hDO9lZMfWQRMfRqy-Yo_PYuZklze7r,application/pdf,2,downloaded,2025-11-09T05:22:22.052020,
1263,/Around the year/Lag Baomer,Horaos,google_doc,6317,1Rap-_zuuspQpXWYymmrrs0OEZ7PebZWlxIjgCph7bGo,application/vnd.google-apps.document,2,downloaded,2025-11-09T05:22:22.849865,
1264,/Around the year/Shavuos/Aseres Hadibros,The 10 Commandments Shul Handout.docx,document,222448,19PkXKtObXcmcxuiHjzcPPsWZVwqkVKeW,application/vnd.openxmlformats-officedocument.wordprocessingml.document,2,downloaded,2025-11-09T05:22:23.888609,
1265,/Around the year/Shavuos/Aseres Hadibros,Aseres Hadibros - 10 commandments(1).pub,other,374784,19qeGofA7l7H80vsBCqeiCRWKsfK76wM9,application/vnd.ms-publisher,2,downloaded,2025-11-09T05:22:24.776851,
1266,/Around the year/Shavuos/Aseres Hadibros,Aseres Hadibros - 10 commandments.pub,other,374784,1ZyFXeny7psnmpEOXJi_cvvGJgqJlWkCB,application/vnd.ms-publisher,2,downloaded,2025-11-09T05:22:25.654221,
1267,/Around the year/Shavuos/Aseres Hadibros,Aseres Hadibros - 10 commandments.pdf,document,481474,1oOfEqBOwohjvWFL_aTpAhcMBLPWbDWGZ,application/pdf,2,downloaded,2025-11-09T05:22:26.666220,
1268,/Around the year/Shavuos/Aseres Hadibros,10 commandments.pdf,document,1000914,1TdZrUw6x7slj2zfgKKAE0PG1BvPZTz0f,application/pdf,2,downloaded,2025-11-09T05:22:29.358548,
1269,/Around the year/Shavuos/Aseres Hadibros,10 commandments for diffrent relationships.pub,other,151552,1cmNJOzzVUq1pCW6MAdwEuZ6z6F0lny10,application/vnd.ms-publisher,2,downloaded,2025-11-09T05:22:30.213921,
1270,/Around the year/Shavuos,shavuot- jelp.docx,document,1057042,1m3WKKLz8dCgCnvIzhLnWZ6909ldSVwIJ,application/vnd.openxmlformats-officedocument.wordprocessingml.document,2,downloaded,2025-11-09T05:22:32.095322,
1271,/Around the year/Shavuos/Recipes/Cheescake,Cheese Cake Recipe.pdf,document,163426,18m5SEKCPawXkhF-CrU73KeU1kHkXYGAv,application/pdf,2,downloaded,2025-11-09T05:22:33.196166,
1272,/Around the year/Shavuos/Recipes/Cheescake,Cheesecake flavor cards.pub,other,197120,1wdWBxaVNAe7A3It5nopSPw9HWrh4hB_4,application/vnd.ms-publisher,2,downloaded,2025-11-09T05:22:34.212494,
1273,/Around the year/Shavuos/Recipes/Cheescake,Blintz Recipe.pub,other,569856,1VhnRZXsSo3qn4XKJkTzTnBCBf3wSsY_s,application/vnd.ms-publisher,2,downloaded,2025-11-09T05:22:35.135380,
1274,/Around the year/Shavuos/Recipes/Cheescake,Letter To Attach To Cheese Cake - 18953.docx,document,11961,1sz1GXDq7avkAXaGhdvvzoEP3NxxuLIka,application/vnd.openxmlformats-officedocument.wordprocessingml.document,2,downloaded,2025-11-09T05:22:35.733378,
1275,/Around the year/Shavuos/Recipes/Cheescake,shavout recipes.pub,other,1602048,1Y3DdrprBlOoSjHasbR58_zKwHFg4dtpa,application/vnd.ms-publisher,2,downloaded,2025-11-09T05:22:36.671636,
1276,/Around the year/Shavuos/Recipes/Cheescake,Simple & Delicious Cheese Cake Recipe.doc (Mrs. Rochel Bernstein) This recipe works well for a hands-on demonstration. This recipe is very simple and requires minimal equipmant.,document,24576,1Din5ddrZzMqz8AtW5-2K5-N5hW9uCl19,application/msword,2,downloaded,2025-11-09T05:22:37.197151,
1277,/Around the year/Shavuos/Recipes/Cheescake,Very Berry Cheesecake Tart.docx (Mrs. Esther Sara Begun),document,13404,110co_lrEWwhGrcZB9ZHxWx2sD4C0vdRR,application/vnd.openxmlformats-officedocument.wordprocessingml.document,2,downloaded,2025-11-09T05:22:37.922734,
1278,/Around the year/Shavuos/Ice Cream Party,ice cream party.docx,document,205163,1YtfmkNetlxcbHmoajivsK-zFY3xMg6_T,application/vnd.openxmlformats-officedocument.wordprocessingml.document,2,downloaded,2025-11-09T05:22:38.503733,
1279,/Around the year/Shavuos/Ice Cream Party,After_ice_cream_party_press_release[1].doc,document,21504,1Lj_0t0nBNu-sOVQuvmHC_vrXkAUbfpVP,application/msword,2,downloaded,2025-11-09T05:22:39.067861,
1280,/Around the year/Shavuos/Childrens Programs,Shavuos Kids program.doc,document,24576,1km66FBM_-VapbsSzbQ67dyBpOiXwE1Kp,application/msword,2,downloaded,2025-11-09T05:22:39.840285,
1281,/Around the year/Shavuos/Childrens Programs,Shavuos 5775.docx,document,16169,1zl2WyYeeD3YWdLhIbO2pk8tX6wbrVqQx,application/vnd.openxmlformats-officedocument.wordprocessingml.document,2,downloaded,2025-11-09T05:22:40.456496,
1282,/Around the year/Shavuos/Childrens Programs,Shavuos_kids_program-2007..doc,document,35328,1LoK60JreP1BOc4l7r8Mv9ofle8pJV6fW,application/msword,2,downloaded,2025-11-09T05:22:40.966773,
1283,/Around the year/Shavuos/Childrens Programs,Shavuos Kids Program Ideas.pdf,document,79133,12KD9qRthKt85IMjeDoTihmyGfH0XYevX,application/pdf,2,downloaded,2025-11-09T05:22:41.587770,
1284,/Around the year/Shavuos/Childrens Programs,simple_ideas_shavuot_children[2].doc,document,28672,1f38DzjGqn67mzxCmiQAowPIb8dQVo3tQ,application/msword,2,downloaded,2025-11-09T05:22:42.449773,
1285,/Around the year/Shavuos/Childrens Programs,Shavuot Childrens Program.doc,document,26112,1xUERP9NbjtZ50HHnUwTnCDPQ4NWQnPyr,application/msword,2,downloaded,2025-11-09T05:22:43.305002,
1286,/Around the year/Shavuos/Childrens Programs,Shavuot Kids prog 2013.doc,document,29184,14ocq4KLpn8ljSk6tXAsMV1U2pf0JYvEV,application/msword,2,downloaded,2025-11-09T05:22:44.376001,
1287,/Around the year/Shavuos/Childrens Programs,shavuot sched.docx,document,17447,1KL1IzVq-6ZnsEfQl5woF2-aQ4EN61R0u,application/vnd.openxmlformats-officedocument.wordprocessingml.document,2,downloaded,2025-11-09T05:22:45.032003,
1288,/Around the year/Shavuos/Childrens Programs,Shavuot Children_s program.docx,document,15854,1DQnRMIWNE2M5nhmyW7iY8M9gwvon7uZg,application/vnd.openxmlformats-officedocument.wordprocessingml.document,2,downloaded,2025-11-09T05:22:45.788120,
1289,/Around the year/Shavuos/Childrens Programs,Shavuot Kids prog 2012.doc,document,25600,1LPhTHJ1dccNIETPt-VsrDFrHkjDafSh3,application/msword,2,downloaded,2025-11-09T05:22:46.320345,
1290,/Around the year/Shavuos/Childrens Programs,Shavuot Kids prog 7-9.doc,document,35328,11g8Peb3YD9cEH9eErQ7Qf64oAp6P8vW2,application/msword,2,downloaded,2025-11-09T05:22:47.608349,
1291,/Around the year/Shavuos/Childrens Programs,Shavuot.docx,document,7162,1Q7x3P0PcTL_Qe-3bXru5NBrp3k2H9jyK,application/vnd.openxmlformats-officedocument.wordprocessingml.document,2,downloaded,2025-11-09T05:22:48.293345,
1292,/Around the year/Shavuos/Childrens Programs,shavuot kids prog- ages 10-12.doc,document,19968,1zKNHJPOA5nXQ53SxLqPBrAVN6Dm2iaCl,application/msword,2,downloaded,2025-11-09T05:22:48.906252,
1293,/Around the year/Shavuos/Childrens Programs,Shavuot Kids Program- 4-6 kids.doc,document,37376,1fI0MMf4KpHvd5zKPR9w0U9ORlSadhOGD,application/msword,2,downloaded,2025-11-09T05:22:49.778252,
1294,/Around the year/Shavuos/Childrens Programs/Treasure Hunt Gme,11 shavuos treasure hunt game.doc,document,28160,1RB_GZNK2NiD-awmiblg9Aj0Baw4H04nL,application/msword,2,downloaded,2025-11-09T05:22:50.359252,
1295,/Around the year/Shavuos/Childrens Programs/Treasure Hunt Gme,TREASURE HUNT.doc,document,30208,1cBAW_7YMM8UfwAPoT43-zQflyah2k-lP,application/msword,2,downloaded,2025-11-09T05:22:51.061873,
1296,/Around the year/Shavuos/Childrens Programs,5th grader cards.pdf,document,4033392,1T8kUSYapfcH1VARgeKcQew-9URkUtTId,application/pdf,2,downloaded,2025-11-09T05:22:54.325395,
1297,/Around the year/Shavuos,Shavuos Questions,google_doc,1024,1kRDth9D0a--FtPv6yRiigSaVtpKB44FAEib5dPDxu2c,application/vnd.google-apps.document,2,downloaded,2025-11-09T05:22:55.116396,
1298,/Around the year/Shavuos/Classes,why dairy on shavuot.pdf,document,15376931,1XjLcNVKxOUwvBEkLyPkI-PYZdoE-ANKh,application/pdf,2,downloaded,2025-11-09T05:23:01.051443,
1299,/Around the year/Shavuos/Classes,Shavuos yacov yisrael updated.docx,document,16051,19KGoQbMeL0PhcXZVyiNE00UaVDO5LMqv,application/vnd.openxmlformats-officedocument.wordprocessingml.document,2,downloaded,2025-11-09T05:23:01.673440,
1300,/Around the year/Shavuos/Classes,shavuos- ruth.docx,document,0,1RyI_Dh99pop-2UStXx-T2xENijutBYwY,application/vnd.openxmlformats-officedocument.wordprocessingml.document,2,downloaded,2025-11-09T05:23:02.230441,
1301,/Around the year/Shavuos/Classes,engraved in your heart my notes.docx,document,17658,1RRthGkjGPJsZQAf3vWMJlLHUak4NlY9c,application/vnd.openxmlformats-officedocument.wordprocessingml.document,2,downloaded,2025-11-09T05:23:03.161041,
1302,/Around the year/Shavuos/Classes,sources for barmetzra.doc,document,1485312,1QLlV8Pp2rdAMUDD5JgivWNZvQpVMai3_,application/msword,2,downloaded,2025-11-09T05:23:04.064039,
1303,/Around the year/Shavuos/Classes/Don't Hit the Snooze Button-Students Material and Teachers Notes,Don't hit the snooze button class- Teachers.doc,document,57344,1APFQOi-YpNUEmWcns1Ws7QYK8xVCLhFA,application/msword,2,downloaded,2025-11-09T05:23:04.862875,
1304,/Around the year/Shavuos/Classes/Don't Hit the Snooze Button-Students Material and Teachers Notes,Don't hit the snooze button class.doc,document,43008,1z0DZQWZ1wr4CZzL7zehT722bYNt7qoWl,application/msword,2,downloaded,2025-11-09T05:23:06.196125,
1305,/Around the year/Shavuos/Classes/Two Crowns-Kabbala Class (Rabbi Avremi Kievman),Two Crowns of Light.doc,document,44544,1rQoPdu07nUX4PztxHlXpORFHRISygl0U,application/msword,2,downloaded,2025-11-09T05:23:07.170129,
1306,/Around the year/Shavuos/Classes,Practical implications shiur notes.doc,document,40448,1HKOr4aSiAPyR_igRmWu7uMMUh5AITwOv,application/msword,2,downloaded,2025-11-09T05:23:08.314126,
1307,/Around the year/Shavuos/Classes,Practical Implications of Infinity wsource sheets.doc,document,7543296,1O0jmP6zEh6s9VR7KfD2DIxkIzTEFCTTV,application/msword,2,downloaded,2025-11-09T05:23:10.502079,
1308,/Around the year/Shavuos/Classes,Shavuos Timeline (Rabbi Sholom Raichik),document,87552,1B5FiWe7o6gkCbuzq8L-gcgqMQFfsfJTT,application/msword,2,downloaded,2025-11-09T05:23:11.141076,
1309,/Around the year/Shavuos/Classes,Shavuos: How the experience at Sinai changed everything(Rabbi Yisroel Cotlar),document,24752,1UynLRSpyy7UK_dfp4rfGm_Um8Ht1IYtu,application/vnd.openxmlformats-officedocument.wordprocessingml.document,2,downloaded,2025-11-09T05:23:12.367076,
1310,/Around the year/Shavuos/Classes,Sichos on Lishitasey (Rabbi Menachem Mendel Feldman),document,56320,1Ec8c9iNX0MEQ_iy4vXztLmRCnueb5C4N,application/msword,2,downloaded,2025-11-09T05:23:12.950697,
1311,/Around the year/Shavuos/Classes,The Mitzvah of Anochi: A Study of the Sources (Rabbi Yossi Yaffe),document,58368,1OR4UKWfhHigOFbgUZ3uqKS6E2EFpIPNK,application/msword,2,downloaded,2025-11-09T05:23:13.578699,
1312,/Around the year/Shavuos/Classes," What, Why, Where, When, Who and How of Shavous (Mrs. Saraleh Bluming",document,56832,1RYP9cPrSaGAZAS8rl88WXxh0WnACvvKl,application/msword,2,downloaded,2025-11-09T05:23:14.235698,
1313,/Around the year/Shavuos/Classes,Lessons Of Shavous - Womens Weekly Class.doc (Mrs. Sarale Bluming),document,76288,1J4J4rT99r7K3S7EAP72lyoi9my5pbKNs,application/msword,2,downloaded,2025-11-09T05:23:14.928071,
1314,/Around the year/Shavuos/Classes,ThePerfectTime.doc (Rabbi Yossi Lew),document,31744,1LRiEmszSHwYd6UTePhGZ6KHDhdpaQTbA,application/msword,2,downloaded,2025-11-09T05:23:15.786394,
1315,/Around the year/Shavuos/Classes,ShivreiLuchos.doc (Rabbi Yisroel Rubin),document,3191296,1cfXYQXyJBK-AOjrQvHot_4fBhPYbLaUE,application/msword,2,downloaded,2025-11-09T05:23:17.145394,
1316,/Around the year/Shavuos/Classes,Quantum Talmud.pdf (Rabbi Tzvi Freeman),document,504613,16ta-UuZMJlJ2mgdRrJaTsnGYkr3XdX1f,application/pdf,2,downloaded,2025-11-09T05:23:17.869610,
1317,/Around the year/Shavuos/Classes,The Preparation for Receiving the Torah (Rabbi Levi Raichik),document,44422,1G_KMAvsyrAJJRWB8p5mkJRha3UQMcohE,application/vnd.openxmlformats-officedocument.wordprocessingml.document,2,downloaded,2025-11-09T05:23:18.604653,
1318,/Around the year/Shavuos/Classes,reasons for mitzvos sources (Rabbi Yossi Yaffe),document,88180,16EAA-GCwl1HUfXlEcBZWdyK78XzOsUhZ,application/vnd.openxmlformats-officedocument.wordprocessingml.document,2,downloaded,2025-11-09T05:23:19.703177,
1319,/Around the year/Shavuos/Classes,Hisoirerus For Shavuos.pdf (Rabbi Yossi Lew),document,207469,1SCQ-GRNp1HfrAzZtfENDD6VX4uvQuSBG,application/pdf,2,downloaded,2025-11-09T05:23:21.077046,
1320,/Around the year/Shavuos/Classes,Shiur on Tehillim 1 (Rabbi Levi Greenberg),document,45249,1I-jyHXh5rEd92kOGFujQqGAfPifvuwyK,application/vnd.openxmlformats-officedocument.wordprocessingml.document,2,downloaded,2025-11-09T05:23:21.859046,
1321,/Around the year/Shavuos/Classes,Shiur on Tehillim  - Teachers Notes (Rabbi Levi Greenberg),document,41879,1TnBtqH2yNbz59mlHjehnMg3WkvbwVgB8,application/vnd.openxmlformats-officedocument.wordprocessingml.document,2,downloaded,2025-11-09T05:23:22.663570,
1322,/Around the year/Shavuos/Classes,HISOIRERUS FOR SHAVUOS (Rabbi Yossi Lew),document,224658,1EpN6DEUj0Rew7elscZrdltUfOv9XROST,application/vnd.openxmlformats-officedocument.wordprocessingml.document,2,downloaded,2025-11-09T05:23:23.369082,
1323,/Around the year/Shavuos/Sinai Files,Sinai Files,google_doc,1024,1IPTZEJvbmcKkTxvkITnOjjPtj4lNRzOx4ejXEIAdvTc,application/vnd.google-apps.document,2,downloaded,2025-11-09T05:23:24.101082,
1324,/Around the year/Shavuos/Sinai Files,Sinai.pdf,document,180840,1ipojnYoYx4xtAru6Xt5MaOP9eDdZ-GBZ,application/pdf,2,downloaded,2025-11-09T05:23:24.753144,
1325,/Around the year/Shavuos,CMS TYLetter June 2005.doc (Rabbi Simcha Backman),document,119296,1ItsQHKq20lIshrttsU7XFH5iZlVDJdKR,application/msword,2,downloaded,2025-11-09T05:23:25.660717,
1326,/Around the year/Shavuos,Shavuos Solicitation.doc,document,26624,17z1zyqYesdHtRmDp5tBD0RsIyM_oehqx,application/msword,2,downloaded,2025-11-09T05:23:26.363270,
1327,/Around the year/Shavuos,press.doc (Rabbi Sholom Raichik),document,26112,1P6DaCtYW8Bv6I9M6HIAiJtbi5MH869K4,application/msword,2,downloaded,2025-11-09T05:23:26.859868,
1328,/Around the year/Shavuos,Shavuot Press Release.doc (Rabbi Shmuel Novack),document,14336,1uZdeeFmJcva2zFNT5SAYOd6VjU0SzORS,application/msword,2,downloaded,2025-11-09T05:23:27.534918,
1329,/Around the year/Shavuos,memorygame.pdf (Mrs. Lifshy Ajzenszmidt),document,16090218,1wdz7raOAzo9B6Zb-6tmW9v8845UO-lMa,application/pdf,2,downloaded,2025-11-09T05:23:35.574772,
1330,/Around the year/Shavuos,Text for Email invite for Aseres Hadibros and Dairy Lunch.docx (Rabbi Yehuda Ferris),document,11988,1AV6zk4Hs8CYROgggZJj8m47erNM7Vwdc,application/vnd.openxmlformats-officedocument.wordprocessingml.document,2,downloaded,2025-11-09T05:23:36.386774,
1331,/Around the year/Shavuos/Ice Breaker Game,Are you smarter than a (Jewish) 5th Grader,google_doc,6944,1Nmw_37wDXcaUiuK4y6Y5drLU_xnp3jIr-X65ivbGHDw,application/vnd.google-apps.document,2,downloaded,2025-11-09T05:23:37.097770,
1332,/Around the year/Shavuos/Ice Breaker Game,"Amazing race.doc (Rabbi Ari Shishler) A ""treasure hunt"" through Tanach. Divide people into teams and only give them a clue after they have found the preceding clue. First team to find all the correct references wins.",document,31744,1r9iBuDSUSsVL-2HnFPGM3oQRPgb76aJ7,application/msword,2,downloaded,2025-11-09T05:23:37.674405,
1333,/Around the year/Shavuos/Ice Breaker Game,Icebreaker-Shavuos game.pdf,document,36741,175dUofNFuoc5IxJzMOyJdu-UdxY75pu6,application/pdf,2,downloaded,2025-11-09T05:23:38.240407,
1334,/Around the year/Shavuos/Ice Breaker Game,Ice Breakers,google_doc,1024,1ubaGHaWAbVbTw_yDpMmjEuEvC5CU7rb6-IDPqtQbsUQ,application/vnd.google-apps.document,2,downloaded,2025-11-09T05:23:39.014694,
1335,/Around the year/Shavuos,JN Shavuos 2014 (Rabbi Sholom Raichik),document,47671006,10JoAj_1vdNxtAETrgz2dGRTMt5kZWiVB,application/pdf,2,downloaded,2025-11-09T05:23:45.095016,
1336,/Around the year/Shavuos,Shavuot Cover.pub,other,117248,19qsasFWJk0WBqynuYzkfpkTWVjwDl5oO,application/vnd.ms-publisher,2,downloaded,2025-11-09T05:23:45.865932,
1337,/Around the year/Shavuos,Shavuos Schedule - Sunday.docx,document,46910,1l7Y-K3_dz9dX_TVQ6mkMiZqd6ETXw-PN,application/vnd.openxmlformats-officedocument.wordprocessingml.document,2,downloaded,2025-11-09T05:23:46.537248,
1338,/Around the year/Rosh Hashanah/Chazanus,Dovid Horowitz,other,0,1slvhNZbQpgpkPY2KT202YBKiPCaC0rBN,application/octet-stream,2,downloaded,2025-11-09T05:23:46.749260,
1339,/Around the year/Rosh Hashanah/Chazanus/Dovid Horowitz (1),R.doc,document,19968,1AmdOonpQvjAaAQiDivMQw6eElOi2fhJ_,application/msword,2,downloaded,2025-11-09T05:23:47.460159,
1340,/Around the year/Rosh Hashanah/Video Library,"R""H Video Library",google_doc,2376,1PMVSjvqvELP4K0VesU74x5fUjTOpBl90krWALcDERDA,application/vnd.google-apps.document,2,downloaded,2025-11-09T05:23:48.196482,
1341,/Around the year/Rosh Hashanah,Rosh Hashana Instructions 5771.doc,document,46080,1pMA7XSEPQC0jLEtfsio8e04lepd1EjXX,application/msword,2,downloaded,2025-11-09T05:23:48.841529,
1342,/Around the year/Rosh Hashanah,High Holiday Solicitation Package,google_doc,1024,1_9nGR3faShDY8cZJp4ERCUR1_KtQyXPeYE9DMTdD0Bk,application/vnd.google-apps.document,2,downloaded,2025-11-09T05:23:49.637456,
1343,/Around the year/Rosh Hashanah,Rosh Hashana Cover.pub,other,101888,14WlQDH4an9ON4v3TBQ9u24lyPkG5jooj,application/vnd.ms-publisher,2,downloaded,2025-11-09T05:23:50.197804,
1344,/Around the year/Rosh Hashanah,Rosh Hashana Schedule - Monday.docx,document,37858,1RW24-0viwbHo0uBhtWnBpd3XrgrdMyUU,application/vnd.openxmlformats-officedocument.wordprocessingml.document,2,downloaded,2025-11-09T05:23:50.795671,
1345,/Around the year/Rosh Hashanah/Shofar Factory,Colonie Shofar Reservation Form.doc,document,148480,11HGwYQnN-xxzKJz-6ErGvrs5zECdL7Ng,application/msword,2,downloaded,2025-11-09T05:23:51.531334,
1346,/Around the year/Rosh Hashanah/Shofar Factory,Copy of Rosh Hashana.pptx,other,324045,1p0MrneidqsOTpmfmLYG5symWKNQWr6xk,application/vnd.openxmlformats-officedocument.presentationml.presentation,2,downloaded,2025-11-09T05:23:53.103637,
1347,/Around the year/Rosh Hashanah/Shofar Factory,Shofar 09,google_doc,6097,1q3R5KNfhNvv4d3vlkNQx0C0j1_JQyMGdv9zDpnkyfT0,application/vnd.google-apps.document,2,downloaded,2025-11-09T05:23:53.720751,
1348,/Around the year/Rosh Hashanah/Shofar Factory,shofar_factory.doc,document,1052043,1i75gQFZ3UDy6__ZBEuZTd64fiM6sVqoY,application/msword,2,downloaded,2025-11-09T05:23:56.152901,
1349,/Around the year/Rosh Hashanah/Shofar Factory,Shofar Factory.psd,image,72455906,19wvJqB6R4qTE8ABcndbS8RfdeQPy--8U,image/x-photoshop,2,downloaded,2025-11-09T05:24:04.257380,
1350,/Around the year/Rosh Hashanah/Shofar Factory,Shofar 09.pdf,document,108932,1lpH6Uo9V79tNFzZfKZMCxfOgWMVPOpKg,application/pdf,2,downloaded,2025-11-09T05:24:04.854822,
1351,/Around the year/Rosh Hashanah/Shofar Factory,S.F. - Lesson Plan.doc,document,32256,1VKZUwaCmuknveGfO7VE5jxVoeP95vNQR,application/msword,2,downloaded,2025-11-09T05:24:05.407741,
1352,/Around the year/Rosh Hashanah/Shana Tova Cards and Labels,Copy of Honey Cake label.pdf,document,349615,1xp8REBeezI_ULuCBSSOTp8wbLY8Pz6Dh,application/pdf,2,downloaded,2025-11-09T05:24:06.459163,
1353,/Around the year/Rosh Hashanah/Shana Tova Cards and Labels,Copy of Shana Tova! Chabad of Maine (4).pdf,document,410796,1S-mwo1ZGA2aJ4B_JWq1MDgFJ423DIpop,application/pdf,2,downloaded,2025-11-09T05:24:07.722853,
1354,/Around the year/Rosh Hashanah/High Holiday Guide,5771 - HH Service Guide - RH limited pages.pdf,document,245086,1xNt-xsAE-aulbxi4sJe0OT09dF5u7LGe,application/pdf,2,downloaded,2025-11-09T05:24:08.538380,
1355,/Around the year/Rosh Hashanah/High Holiday Guide,5771 - HH Service Guide - RH ALL.pdf,document,251924,1uTLppdM2JSX0FlmCh8Sjyzv7WPL75648,application/pdf,2,downloaded,2025-11-09T05:24:09.498742,
1356,/Around the year/Rosh Hashanah/High Holiday Guide,Copy of תשפא אנגלית פלורידה.pdf,document,8218510,1oYAh1PqasRN-c8m1232CNHoTyjq20Tf3,application/pdf,2,downloaded,2025-11-09T05:24:13.894614,
1357,/Around the year/Rosh Hashanah/High Holiday Guide,Copy of HH Guide Melbourne.pdf,document,4246912,1QaMVSLfruH6H89Rz67LUEwLwDaDczVN2,application/pdf,2,downloaded,2025-11-09T05:24:16.603754,
1358,/Around the year/Rosh Hashanah/High Holiday Guide,"Copy of Online High Holyday Guide, Rabbi Manis Friedman.pdf",document,5175465,1l48WgItThE2jvVzCpMJD82N857-Nqf2d,application/pdf,2,downloaded,2025-11-09T05:24:19.863755,
1359,/Around the year/Rosh Hashanah/Rosh Hashana Services,Psukim after tkios.wma,audio,858079,1V_OLEEdSlRX3DfJaBvaJGOhSz3HENrk7,audio/x-ms-wma,2,downloaded,2025-11-09T05:24:21.022947,
1360,/Around the year/Rosh Hashanah/Rosh Hashana Services,Copy of Beginers booklet of transliteratede prayers.pub,other,396800,1sSRo6hoinYAEqNnPC-Amne67zt-qQEDj,application/vnd.ms-publisher,2,downloaded,2025-11-09T05:24:21.556798,
1361,/Around the year/Rosh Hashanah/Rosh Hashana Services/Machzor,Insights on the Rosh Hashana Tefilos (Video),google_doc,1024,1kgQpAYOTKjeF_IMTWF50CEwr97UyQcCcUauocUITeXo,application/vnd.google-apps.document,2,downloaded,2025-11-09T05:24:22.224814,
1362,/Around the year/Rosh Hashanah/Rosh Hashana Services/Machzor,Copy of Machzor Basics .doc,document,20992,1jSM2MmWuuiKEZQSkn_Sznwby7ZNKwztC,application/msword,2,downloaded,2025-11-09T05:24:22.786827,
1363,/Around the year/Rosh Hashanah/Rosh Hashana Services/Machzor,Copy of RHMachzor-Day2.pdf,document,1476883,1JNufkK1cwLL7rxB1P89bhfhyvNfJWg5R,application/pdf,2,downloaded,2025-11-09T05:24:25.243927,
1364,/Around the year/Rosh Hashanah/Rosh Hashana Services/Machzor,Copy of RHMachzor-Day1.pdf,document,1744626,1n2b5yHqe4MHT6pLDogSZT9f-vqMpKNr1,application/pdf,2,downloaded,2025-11-09T05:24:27.981938,
1365,/Around the year/Rosh Hashanah/Rosh Hashana Services/Machzor,Copy of RH Machzor_FullPage.pdf,document,898302,1NaYn-Jpt7Q9ByrGw6vVlTlu4JtLAoYON,application/pdf,2,downloaded,2025-11-09T05:24:29.363039,
1366,/Around the year/Rosh Hashanah/Rosh Hashana Services/Shofar,ShofarSounds.pdf,document,52753,12rv5xXBGBWoi28S2-3__yIUbAwgj2wY1,application/pdf,2,downloaded,2025-11-09T05:24:29.934464,
1367,/Around the year/Rosh Hashanah/Rosh Hashana Services/Shofar,Copy of Shofar Blowing Text.pdf,document,192159,10gNFme10Vhx4-zAs4toOUCsuRHlLqtdP,application/pdf,2,downloaded,2025-11-09T05:24:30.759992,
1368,/Around the year/Rosh Hashanah/Rosh Hashana Services/Shofar,Copy of shofar mivtzoim card.pdf,document,493412,1H5LJXm1Kt79THrjKo0mYN7n_2w1ysKh5,application/pdf,2,downloaded,2025-11-09T05:24:31.926907,
1369,/Around the year/Rosh Hashanah/Rosh Hashana Services/Shofar/Shofar in the Park,Copy of Bag Labels.docx,document,41190,19l0MZUn247NsGMjWiE12DpHrD3SSBZBa,application/vnd.openxmlformats-officedocument.wordprocessingml.document,2,downloaded,2025-11-09T05:24:32.604821,
1370,/Around the year/Rosh Hashanah/Rosh Hashana Services/Shofar/Shofar in the Park,Copy of Cookies label sheet.pdf,document,10712179,1knUnA7PkHPCH9S43nWMEl0bJacgs2i35,application/pdf,2,downloaded,2025-11-09T05:24:35.959352,
1371,/Around the year/Rosh Hashanah/Rosh Hashana Services/Shofar/Shofar in the Park,Copy of Shofar in Park Guide.docx,document,20093,15WZxtvyuBpSkUb2BJstUL0jcKzNMAk8o,application/vnd.openxmlformats-officedocument.wordprocessingml.document,2,downloaded,2025-11-09T05:24:37.202107,
1372,/Around the year/Rosh Hashanah/Rosh Hashana Services/Shofar/Shofar in the Park,Copy of Shofar Sheet Potomac.pdf,document,2727954,1Uyzlsb33unj9gRc8Ub4roiW74EzCmNwV,application/pdf,2,downloaded,2025-11-09T05:24:39.911326,
1373,/Around the year/Rosh Hashanah/Rosh Hashana Services,Copy of RHServicesAndTalkingPoints5772.pdf,document,696544,1LTXwgN5GWW2UF6y4Gt2nLcRFdJEQYF3d,application/pdf,2,downloaded,2025-11-09T05:24:40.820661,
1374,/Around the year/Rosh Hashanah/Rosh Hashana Services,Copy of Links to chazanus nusach,google_doc,2487,17CxiTFd2UZcC6EltBWhdCgeO8djzpxykwItFMyM4Txk,application/vnd.google-apps.document,2,downloaded,2025-11-09T05:24:41.472108,
1375,/Around the year/Rosh Hashanah/Halacha,הלכות שופר בבית הכנסת ובמבצעים,google_doc,1024,1RcCvO6KmTd5_7gFfpsnEFBKxd10QZujcqIlvazv8MxU,application/vnd.google-apps.document,2,downloaded,2025-11-09T05:24:42.228028,
1376,/Around the year/Rosh Hashanah/Halacha,Copy of HilchosShofar2013Final2.pdf,document,210043,1R1rDK6W8V0szEozqFK_HkFh0PFBYpRv5,application/pdf,2,downloaded,2025-11-09T05:24:43.141397,
1377,/Around the year/Rosh Hashanah/Speeches,Chitas and Rambam.docx,document,16233,1kwD40byxRs4okipxM_ObI98FnW8WbIYm,application/vnd.openxmlformats-officedocument.wordprocessingml.document,2,downloaded,2025-11-09T05:24:43.825652,
1378,/Around the year/Rosh Hashanah/Speeches,Power of Now_Second Day RH.docx,document,14589,1mQIkpgww8-sXEvaBq61TDAsrCMfkwiZh,application/vnd.openxmlformats-officedocument.wordprocessingml.document,2,downloaded,2025-11-09T05:24:44.781220,
1379,/Around the year/Rosh Hashanah/Speeches,Copy of 1. Rosh Hashanah Day 1 -Be Extraordinary.pdf,document,123903,1JFBLYt-4uMpksC0ywhPjb9d8aprEifem,application/pdf,2,downloaded,2025-11-09T05:24:45.409756,
1380,/Around the year/Rosh Hashanah/Speeches,Copy of for sermons (2).docx,document,23305,1TY9sp66t0ESRm-OnLgFDI7tsmbudTepg,application/vnd.openxmlformats-officedocument.wordprocessingml.document,2,downloaded,2025-11-09T05:24:46.329163,
1381,/Around the year/Rosh Hashanah/Speeches,Copy of for sermons (1).docx,document,384701,1BmiBEafmB7e2JovKg6fZri6C5XK_KSHq,application/vnd.openxmlformats-officedocument.wordprocessingml.document,2,downloaded,2025-11-09T05:24:47.394964,
1382,/Around the year/Rosh Hashanah/Speeches,Copy of RH Talking 5767 idex cards (3).doc,document,133632,1cM4e0Hjsj0BVWFqn_2gK89lCTmm3eMvb,application/msword,2,downloaded,2025-11-09T05:24:47.990967,
1383,/Around the year/Rosh Hashanah/Speeches,Copy of for sermons.docx,document,388853,1L93_eWg7Bv1dr4_c3TkrF-atafxfWUR_,application/vnd.openxmlformats-officedocument.wordprocessingml.document,2,downloaded,2025-11-09T05:24:49.382476,
1384,/Around the year/Rosh Hashanah,Copy of 24-tishrei-5775-06.pdf,document,1189421,1XVsuP1-hQyoAZ5LBSiqdHIptGbhvERuw,application/pdf,2,downloaded,2025-11-09T05:24:50.903868,
1385,/Around the year/Rosh Hashanah/Tashlich,Copy of Tashlich.pdf,document,55890,1-AgmO8AW2P0px1h0Fs_clIKWSVbnhbWx,application/pdf,2,downloaded,2025-11-09T05:24:51.788523,
1386,/Around the year/Rosh Hashanah/To do List,Rosh Hashana to Bring list - 5468.docx,document,12252,1F95Eg97RA2HUqRUplpD23HaxQRCcA-7b,application/vnd.openxmlformats-officedocument.wordprocessingml.document,2,downloaded,2025-11-09T05:24:52.751881,
1387,/Around the year/Rosh Hashanah/To do List,Copy of Tishrei Handbook Printing Info (1).pdf,document,70433,1pPBQl9dXgckuW-ADwpbE5-4NqqLv4B2x,application/pdf,2,downloaded,2025-11-09T05:24:53.378591,
1388,/Around the year/Rosh Hashanah/To do List,Copy of Tishrei Handbook Printing Info (1),google_doc,12312,1GZGFOcUAg-03mpB9yNC4qEABqje3VxEuTA6INAFbc80,application/vnd.google-apps.document,2,downloaded,2025-11-09T05:24:54.162395,
1389,/Around the year/Rosh Hashanah/To do List,Copy of RH to do 5779.doc,document,29184,15p8C7lBFbmCtiIiEHqfR0JW-JiWlTq9q,application/msword,2,downloaded,2025-11-09T05:24:54.682911,
1390,/Around the year/Rosh Hashanah/To do List,Copy of RH 5779.doc,document,34304,1fPBziL1wLiqzJ5V2J3VN8MolSIr90Mr2,application/msword,2,downloaded,2025-11-09T05:24:55.376648,
1391,/Around the year/Rosh Hashanah/To do List,Copy of RH to do 5778.doc,document,49664,12GLVAYlYwF6PLgxhzVdvvWWdiFWJRpUX,application/msword,2,downloaded,2025-11-09T05:24:56.287416,
1392,/Around the year/Rosh Hashanah/To do List,Copy of RH 5778.doc,document,62976,1tCGgaM5ss47uNRkazDGu2psH4VhLgmb8,application/msword,2,downloaded,2025-11-09T05:24:56.735638,
1393,/Around the year/Rosh Hashanah/To do List,Copy of Yomim tovim.doc,document,36864,1Toou7Vjpd3vOt2fA17jEs6fYyf6-bZtx,application/msword,2,downloaded,2025-11-09T05:24:57.821101,
1394,/Around the year/Rosh Hashanah/Rosh Hashanah Dinner/Talking Points,Copy of Story for RH Dinner- Far Over Distant Hills.docx,document,13045,1Mtk1t4TvKaAlQCnTXPWf8iqbDVSiZA-y,application/vnd.openxmlformats-officedocument.wordprocessingml.document,2,downloaded,2025-11-09T05:24:58.512618,
1395,/Around the year/Rosh Hashanah/Rosh Hashanah Dinner/Talking Points,RH stories.docx,document,18692,1OkhmFp2pFc95gbNR66CxC-P9Z0eM7VfG,application/vnd.openxmlformats-officedocument.wordprocessingml.document,2,downloaded,2025-11-09T05:24:59.263569,
1396,/Around the year/Rosh Hashanah/Rosh Hashanah Dinner/Talking Points,Copy of RH Night 5780-You matter final version - for exchange.docx,document,32819,1TzDvNmVgWIhdd6JbfQqn1V6gN_3Yi7Q-,application/vnd.openxmlformats-officedocument.wordprocessingml.document,2,downloaded,2025-11-09T05:24:59.951567,
1397,/Around the year/Rosh Hashanah/Rosh Hashanah Dinner/Talking Points,Copy of Simanim Buffet.docx,document,13914,1KvVSTbtpLrgNuGZoB6NkUpZBRoEfOsZm,application/vnd.openxmlformats-officedocument.wordprocessingml.document,2,downloaded,2025-11-09T05:25:00.631567,
1398,/Around the year/Rosh Hashanah/Rosh Hashanah Dinner/Menu,Copy of Recipe Cards Full.pdf,document,1466397,1oLLKYHG0kxc_2t3UqWs7qdK6MudcK1La,application/pdf,2,downloaded,2025-11-09T05:25:03.325506,
1399,/Around the year/Rosh Hashanah/Rosh Hashanah Dinner/Menu,Copy of RH salad list_2.doc,document,28160,1PHVvtigeS4n2NIUrKgzy81c9cASgtfcy,application/msword,2,downloaded,2025-11-09T05:25:03.763843,
1400,/Around the year/Rosh Hashanah/Rosh Hashanah Dinner/Menu,Copy of RH salad list.doc,document,28160,1BidMB5r3lXQaJhOwyLJYLEPBfp3vsr-Q,application/msword,2,downloaded,2025-11-09T05:25:04.195964,
1401,/Around the year/Rosh Hashanah/Rosh Hashanah Dinner/Menu,Copy of RH salad list_1.doc,document,34816,1jvtaPFA3O60RE84NpI3g2NJ0E8H67CRG,application/msword,2,downloaded,2025-11-09T05:25:05.230966,
1402,/Around the year/Rosh Hashanah/Rosh Hashanah Dinner,Copy of rosh hashana dinner handout .pdf,document,394356,1fNpp00nD90AWRatx4jcGpOehEjv6hD_R,application/pdf,2,downloaded,2025-11-09T05:25:06.264436,
1403,/Around the year/Rosh Hashanah/Classes,Shluchim Talk. Rosh Hashanah,google_doc,6560,1J9x20doHPdSMKocazaXiLHjLxQk7okgf-fomHX6QXyE,application/vnd.google-apps.document,2,downloaded,2025-11-09T05:25:07.988663,
1404,/Around the year/Rosh Hashanah/Classes,Copy of elul.ppt,other,831488,1ChXN7_ovRkw4lBZu_-lU_t-nP9CK7ObN,application/vnd.ms-powerpoint,2,downloaded,2025-11-09T05:25:08.668379,
1405,/Around the year/Rosh Hashanah/Classes,Reunion 1 (1).docx,document,11999,1N35SP_9X4i79OW41N_GC714N9rTKfavf,application/vnd.openxmlformats-officedocument.wordprocessingml.document,2,downloaded,2025-11-09T05:25:09.232379,
1406,/Around the year/Rosh Hashanah/Classes,Machzor Basics .doc,document,20992,1FEz4r_YrZJV7beu-diU9CHf-XnoKQEnl,application/msword,2,downloaded,2025-11-09T05:25:09.677494,
1407,/Around the year/Rosh Hashanah/Classes,Exploring the Secret Power of Teshuva: SOURCE SHEET.doc,document,111104,1jPW2gt-WlBCrlMm_sPZBaIUgM3AFsP9A,application/msword,2,downloaded,2025-11-09T05:25:10.569474,
1408,/Around the year/Rosh Hashanah/Classes,Teshuvah.pdf,document,1332956,1wNS3rQnUUxK7uxL3W27LoFctctHICkOW,application/pdf,2,downloaded,2025-11-09T05:25:13.251936,
1409,/Around the year/Rosh Hashanah/Classes,notes for shiur on shofar.doc,document,28160,15EFIx1WEumAJPQjVbPWUB9B-ntWcDNwR,application/msword,2,downloaded,2025-11-09T05:25:13.799317,
1410,/Around the year/Rosh Hashanah/Classes,10 reasons.doc,document,38912,1snp5PlETN0Zji4pSLVoooxrGm_qRoJGv,application/msword,2,downloaded,2025-11-09T05:25:14.712337,
1411,/Around the year/Rosh Hashanah/Classes,Rosh Hashana.pptx,other,324045,1W0krsAO9Me1oUjB18eOOtrayjkVYTjch,application/vnd.openxmlformats-officedocument.presentationml.presentation,2,downloaded,2025-11-09T05:25:15.987023,
1412,/Around the year/Rosh Hashanah/Classes,Beginers booklet of transliteratede prayers.pub,other,396800,1Jua44yrqcnitHV_wnz0H6NeP06Khdvcp,application/vnd.ms-publisher,2,downloaded,2025-11-09T05:25:16.668553,
1413,/Around the year/Rosh Hashanah/Classes,Copy of Rosh hashana 5780.docx,document,22746,1QJz9eiMytPtT_t8eAU73Us0AVzktxhtR,application/vnd.openxmlformats-officedocument.wordprocessingml.document,2,downloaded,2025-11-09T05:25:17.447696,
1414,/Around the year/Rosh Hashanah/Classes,Copy of Rosh Hashana 5780 4 ways to Newness.docx,document,22661,1ezR--8xezubRQa4SGEyQiYCD99RO_z5j,application/vnd.openxmlformats-officedocument.wordprocessingml.document,2,downloaded,2025-11-09T05:25:18.319699,
1415,/Around the year/Rosh Hashanah/Classes,Copy of learning2.docx,document,18693,17jW1qq-trW2bN6n7_bbfEYLHu0-mrXaS,application/vnd.openxmlformats-officedocument.wordprocessingml.document,2,downloaded,2025-11-09T05:25:19.519215,
1416,/Around the year/Rosh Hashanah/Classes,Copy of On the Essence of Rosh Hashana part 2.docx,document,12396,16kAecala7Ljvm_vZ4cSp2n85mpZD8rVp,application/vnd.openxmlformats-officedocument.wordprocessingml.document,2,downloaded,2025-11-09T05:25:20.083212,
1417,/Around the year/Rosh Hashanah/Classes,Copy of On The Essence of Rosh Hashanah Part 1.docx,document,659808,18tSZ409-GFnFMta0RtroxmHPimNTQ_EC,application/vnd.openxmlformats-officedocument.wordprocessingml.document,2,downloaded,2025-11-09T05:25:20.909678,
1418,/Around the year/Rosh Hashanah/Childrens Program/Machzor,Copy of Kid's Shul Machzor RH ,document,666452,1d6QUOe8WQ6Kg9RR4e_I25Rq8XP9wthtY,application/pdf,2,downloaded,2025-11-09T05:25:22.550678,
1419,/Around the year/Rosh Hashanah/Childrens Program/Machzor,Copy of Kids Machzor.pdf,document,2499708,1KIhyy2AVUAYsC02Y6N3_Xt6_D6ylIDho,application/pdf,2,downloaded,2025-11-09T05:25:26.614150,
1420,/Around the year/Rosh Hashanah/Childrens Program/Machzor,Copy of Rosh Hashana Song Sheet Generic.docx,document,50298,1L0uqbmMCRP9JtYlfsOmKPnFyZuYl2zI-,application/vnd.openxmlformats-officedocument.wordprocessingml.document,2,downloaded,2025-11-09T05:25:28.103315,
1421,/Around the year/Rosh Hashanah/Childrens Program/Lists,Junior Congregation.docx,document,972524,114ouLACzgOEzA2cf9ld5_6ruuGniJat6,application/vnd.openxmlformats-officedocument.wordprocessingml.document,2,downloaded,2025-11-09T05:25:29.481170,
1422,/Around the year/Rosh Hashanah/Childrens Program/Lists,Rosh Hashana Schedule Younger and Older.doc,document,35328,187z4BiOHwj1f_Vbh1E9IbUBciSkpiMho,application/msword,2,downloaded,2025-11-09T05:25:30.602784,
1423,/Around the year/Rosh Hashanah/Childrens Program/Lists,Rosh Hashanah Kids Program 5775.docx,document,20372,1gnZu6zvi8KJHUICfutvIy1kGofCm3yxp,application/vnd.openxmlformats-officedocument.wordprocessingml.document,2,downloaded,2025-11-09T05:25:31.154279,
1424,/Around the year/Rosh Hashanah/Childrens Program/Lists,RH program instuctions  ,document,1925611,1aebtDkkF77AvWfwE7yoVJN811TCronIw,application/pdf,2,downloaded,2025-11-09T05:25:34.951216,
1425,/Around the year/Rosh Hashanah/Childrens Program/Lists,rh learning.docx,document,17345,1-359GMBggnRlRgsqGLNCljqxUjXGq5ei,application/vnd.openxmlformats-officedocument.wordprocessingml.document,2,downloaded,2025-11-09T05:25:35.870217,
1426,/Around the year/Rosh Hashanah/Childrens Program/Lists,"rh kids program, Fillers and Supplies, Different Age Groups .xlsx",spreadsheet,28304,12ECvtL7snCG4TU2VDoxTNyQyk_uLI3kI,application/vnd.openxmlformats-officedocument.spreadsheetml.sheet,2,downloaded,2025-11-09T05:25:36.824201,
1427,/Around the year/Rosh Hashanah/Childrens Program/Lists,"Schedule, Supply List, Short explanations.docx",document,40600,1tfOIAPCRVI5PmvkSSI_OPVV0l5yEFbsb,application/vnd.openxmlformats-officedocument.wordprocessingml.document,2,downloaded,2025-11-09T05:25:37.551570,
1428,/Around the year/Rosh Hashanah/Childrens Program/Lists,RH in candlyland.docx,document,20355,1fW8JeiSnXB_0DcwPd1G-9B7Dj94gcMDl,application/vnd.openxmlformats-officedocument.wordprocessingml.document,2,downloaded,2025-11-09T05:25:38.251345,
1429,/Around the year/Rosh Hashanah/Childrens Program/Lists,High Holiday Cool Facts,document,150472,1kwjW0o5mgy5b-E__-z5rYDO7mNYUBrdf,application/pdf,2,downloaded,2025-11-09T05:25:39.105345,
1430,/Around the year/Rosh Hashanah/Childrens Program/Lists,Rosh hashana carnival.docx,document,10445,1xQll6SKiC7w3ucfmvhMLyNwD0zEIU-OS,application/vnd.openxmlformats-officedocument.wordprocessingml.document,2,downloaded,2025-11-09T05:25:40.042213,
1431,/Around the year/Rosh Hashanah/Childrens Program/Lists,Childrens Rosh Hashana Program.doc,document,26624,1ZEnEKq8gQQZeqGRfniDCxop2F1aolDIj,application/msword,2,downloaded,2025-11-09T05:25:40.633210,
1432,/Around the year/Rosh Hashanah/Childrens Program/Lists,"3-6 R""H Learning.docx",document,18520,1YH8ppb6mjrewp65dMtpW-sX0_VF9JDQI,application/vnd.openxmlformats-officedocument.wordprocessingml.document,2,downloaded,2025-11-09T05:25:41.346343,
1433,/Around the year/Rosh Hashanah/Childrens Program/Lists,Copy of Rosh Hashana Grades 2 and up Agenda.doc,other,0,1KQ-hdZdkL4mJLlptO3KcBUyoUmxQwN_B,application/vnd.google-apps.shortcut,2,download_failed,2025-11-09T05:25:41.577343,Download failed
1434,/Around the year/Rosh Hashanah/Childrens Program/Lists,Copy of Rosh Hashana at home with kids v2.pdf,document,448173,1FGUwN0saozGDnuBJEUlkxH3p7hmpO-Xf,application/pdf,2,downloaded,2025-11-09T05:25:43.438213,
1435,/Around the year/Rosh Hashanah/Childrens Program/Games/shofar ,Copy of Shofar_game.doc,document,403456,1-IXfamsoSbiWEEAECjrFm4XZlhT83DsY,application/msword,2,downloaded,2025-11-09T05:25:44.773720,
1436,/Around the year/Rosh Hashanah/Childrens Program/Games/shofar ,Copy of Shofar_game_questions.doc,document,276992,1qaoEQxdXvF6s7ye_bpFEbD64MdOeu1-H,application/msword,2,downloaded,2025-11-09T05:25:45.975550,
1437,/Around the year/Rosh Hashanah/Childrens Program/Games/shofar ,Copy of shfar_game_instructions.doc,document,25088,1MnYpWtICFr6XqpOzVSasPKzdZboiK5Ec,application/msword,2,downloaded,2025-11-09T05:25:46.480254,
1438,/Around the year/Rosh Hashanah/Childrens Program/Games,Copy of Who am I Game.docx,document,14722,1tfkUEwzUi-BQUjtENb0X9kxJKFp8Fk_T,application/vnd.openxmlformats-officedocument.wordprocessingml.document,2,downloaded,2025-11-09T05:25:47.090252,
1439,/Around the year/Rosh Hashanah/Childrens Program/Games,Copy of filler games.docx,document,14770,1qE8DpWSZVHOx2_fz2N9Ivz-MOlCXYp4K,application/vnd.openxmlformats-officedocument.wordprocessingml.document,2,downloaded,2025-11-09T05:25:47.920254,
1440,/Around the year/Rosh Hashanah/Childrens Program/Games,Copy of bingo game.doc,document,1098752,1Dldz-T5-skCXvAbwihq48f7dUDJj-cIM,application/msword,2,downloaded,2025-11-09T05:25:49.055543,
1441,/Around the year/Rosh Hashanah/Childrens Program/Games,Copy of family fued.doc,document,29184,1AgcYg1t1drisO9AqckNicEAZEQd7nB28,application/msword,2,downloaded,2025-11-09T05:25:50.225319,
1442,/Around the year/Rosh Hashanah/Childrens Program/Games,Copy of Jewpardy Rosh Hashana Inserts.pdf,document,3364772,1VX7zFc9kLajRxdWhnG8DDTcej9-q6rzY,application/pdf,2,downloaded,2025-11-09T05:26:06.549953,
1443,/Around the year/Rosh Hashanah/Childrens Program/Games,Copy of multiple choice ball game.docx,document,16779,10da4Q_lStoqg6rZwuwMtS9EdoL69BMWc,application/vnd.openxmlformats-officedocument.wordprocessingml.document,2,downloaded,2025-11-09T05:26:08.067111,
1444,/Around the year/Rosh Hashanah/Childrens Program/Games,Copy of match it 4 r''h.pdf,document,386319,1BEtC3ljwpC1b3efpZZTG-Y4ik7Nb4e6x,application/pdf,2,downloaded,2025-11-09T05:26:09.210699,
1445,/Around the year/Rosh Hashanah/Childrens Program/Games,Copy of r''h bingo game.doc,document,145408,1qy_1vdLu1p3ZKmmfSB_EE6ApcGGJJgcq,application/msword,2,downloaded,2025-11-09T05:26:09.869388,
1446,/Around the year/Rosh Hashanah/Childrens Program/Games,Copy of Race through the holidays.doc,document,115712,1JCZ1QV9OPAEF64on_D5GZbnVEufpepOG,application/msword,2,downloaded,2025-11-09T05:26:10.636393,
1447,/Around the year/Rosh Hashanah/Childrens Program/Games,Copy of questions for tic tac toe game.doc,document,28672,1OZy3zqqQwLFzVXlf_tjptNqHY3ZYuxVj,application/msword,2,downloaded,2025-11-09T05:26:11.187389,
1448,/Around the year/Rosh Hashanah/Childrens Program/Games,Copy of matching game1.doc,document,804352,17SaD4Oe-K8Z-_5wMPAqccE_KdfZgFRV0,application/msword,2,downloaded,2025-11-09T05:26:12.529911,
1449,/Around the year/Rosh Hashanah/Childrens Program/Games,Copy of rh - jeapardy.doc,document,29696,18vvEziFR36WacoAn0Puscg_wKx9daN-4,application/msword,2,downloaded,2025-11-09T05:26:13.448910,
1450,/Around the year/Rosh Hashanah/Childrens Program/Games,Copy of pin_the_shofar_on_the_ram.pdf,document,284414,16mnNb4n0bRuwowkSAz7YQ5DgzjiyIuIv,application/pdf,2,downloaded,2025-11-09T05:26:15.422786,
1451,/Around the year/Rosh Hashanah/Childrens Program/Games,Copy of Rosh Hashana I Spy (1).pdf,document,579919,1ZtSR1uiwB5vKeWFbx4QXSB6wr_yN8mXE,application/pdf,2,downloaded,2025-11-09T05:26:16.347852,
1452,/Around the year/Rosh Hashanah/Childrens Program/Games,Copy of SOHS-RoshHashanahBingo.pdf,document,358750,1OmkceT1z24zT7DBtnF1fBLNTvqA5QP8n,application/pdf,2,downloaded,2025-11-09T05:26:17.403037,
1453,/Around the year/Rosh Hashanah/Childrens Program/Games,Copy of tishrei bingo.pdf,document,6377388,1gu-z-sLs9zvKQAY91dgtCzFZ4oskI8wz,application/pdf,2,downloaded,2025-11-09T05:26:21.229966,
1454,/Around the year/Rosh Hashanah,Copy of Taste of Honey- Event ,archive,1112449,1MRmTCGw1Cy7YUS6b3Ka6_a3FkPAP7tx-,application/zip,2,downloaded,2025-11-09T05:26:23.619818,
1455,/Around the year,Gimmel Tammuz,google_doc,1024,1kRY60e0mizpUehE13xjRGiwoXx5-zGw185PlGHdCqHI,application/vnd.google-apps.document,2,downloaded,2025-11-09T05:26:24.359474,
1456,/Around the year,Siyum Harambam,google_doc,2077,1cdfD6KTiXDx-0y6SfAYi6xswa2qTsoYgn8Gys_1k_18,application/vnd.google-apps.document,2,downloaded,2025-11-09T05:26:25.140474,
1457,/Around the year/Day to Day,Sivan1 Handout.doc,document,36352,1FPgENbKylz19MnoGxhxnZ_pCikhuuM1C,application/msword,2,downloaded,2025-11-09T05:26:25.853585,
1458,/Around the year/Day to Day,Iyar3.doc,document,372736,1tHOVv5SmhK3OX0buxaqVq-MKgwuIf7DT,application/msword,2,downloaded,2025-11-09T05:26:26.832113,
1459,/Around the year/Day to Day,Sivan1.doc,document,32256,14SQouPi-G_k6PVl-dfWxJAf0EvApfD70,application/msword,2,downloaded,2025-11-09T05:26:27.352110,
1460,/Around the year/Day to Day,Sivan2.doc,document,32256,1houFg23Vi-xQd5Z_0mT9NVdOx1gcjllz,application/msword,2,downloaded,2025-11-09T05:26:28.532448,
1461,/Around the year/Day to Day,Iyar3 Handout.doc,document,405504,1tKw9GckzrLhbYd_vIolyu7RK5tJZe5Yy,application/msword,2,downloaded,2025-11-09T05:26:29.276798,
1462,/Around the year/Day to Day,Iyar2 Handout.doc,document,42496,1I4tRbv_hC50DUoYQubz5fFB9Xlq6-jVX,application/msword,2,downloaded,2025-11-09T05:26:29.786804,
1463,/Around the year/Day to Day,Nissan3 Handout.doc,document,41472,1b66CLwSvmiXCCWoBxWlar-0PJkfZ3OFz,application/msword,2,downloaded,2025-11-09T05:26:30.442263,
1464,/Around the year/Day to Day,Iyar1 Handout.doc,document,104960,10pm_0wo4lD3KkSKiwdD1XOgDTyfr2y27,application/msword,2,downloaded,2025-11-09T05:26:31.284290,
1465,/Around the year/Day to Day,Iyar2.doc,document,36352,1VCv_t60SexkukxORkOOJzIlu7-9uFqDc,application/msword,2,downloaded,2025-11-09T05:26:31.746294,
1466,/Around the year/Day to Day,Nissan3.doc,document,38400,1pmgQ7jk4tC4o62QjxRBgTfvvUJ2ZWa1e,application/msword,2,downloaded,2025-11-09T05:26:32.456526,
1467,/Around the year/Day to Day,Adar2 Handout.doc,document,39936,1cU0ruL7ebB1rGyyGoTeuqiM55KQgoAY-,application/msword,2,downloaded,2025-11-09T05:26:32.975734,
1468,/Around the year/Day to Day,Nissan2.doc,document,1979904,19itq4C5ahUDrN7rTw3OZnoAiQ2Qmdr0s,application/msword,2,downloaded,2025-11-09T05:26:34.944327,
1469,/Around the year/Day to Day,Nissan1 Handout.doc,document,36864,1r3Uis33MEYMACPCwGO2V_p1sZ7VSZ9FS,application/msword,2,downloaded,2025-11-09T05:26:35.421043,
1470,/Around the year/Day to Day,Adar2.doc,document,35840,1GGsxvjrCEvplUZQZB2LTq6Ujs0CkiXQ8,application/msword,2,downloaded,2025-11-09T05:26:35.976046,
1471,/Around the year/Day to Day,Nissan4.doc,document,31232,18Y_NNlZaFuyKGd62X7dB5I8LjqhvaqUu,application/msword,2,downloaded,2025-11-09T05:26:36.452046,
1472,/Around the year/Day to Day,Nissan1.doc,document,30208,1JxUoEchfMUH6WTfXdzTtFJKfPEKIaVfQ,application/msword,2,downloaded,2025-11-09T05:26:36.904047,
1473,/Around the year/Day to Day,Nissan4 Handout.doc,document,75264,16DyJKwzdzIG9dyPZ_ZlbxzppGU2I3mJk,application/msword,2,downloaded,2025-11-09T05:26:37.498569,
1474,/Around the year/Day to Day,Iyar1.doc,document,31232,15zNG5DE0tVOW4TnuvXY4WpO15BPMtP00,application/msword,2,downloaded,2025-11-09T05:26:38.099699,
1475,/Around the year/Day to Day,Nissan2 Handout.doc,document,2311680,1uy6rZkGldPM9L_6ZeqGTKL45Fe7Dr31o,application/msword,2,downloaded,2025-11-09T05:26:40.097063,
1476,/Around the year/Day to Day,Kislev4 Handout.doc,document,37376,1SIcTmAPqESJsHQ1UgzSoZtrHyC-WhmAA,application/msword,2,downloaded,2025-11-09T05:26:41.191685,
1477,/Around the year/Day to Day,Teves1.doc,document,22016,1l1Mxeey5_KghIloj_wHTL-42OfKlfNf5,application/msword,2,downloaded,2025-11-09T05:26:42.073342,
1478,/Around the year/Day to Day,Adar1 Handout.doc,document,43520,1xoKpzZQrkbY56ja9w2y2ZJrf6L6C6VPp,application/msword,2,downloaded,2025-11-09T05:26:42.546029,
1479,/Around the year/Day to Day,Kislev3 Handout.doc,document,46080,1GcgZ_n24PSA5at5jnQcocNlHpmNHNK_A,application/msword,2,downloaded,2025-11-09T05:26:43.088028,
1480,/Around the year/Day to Day,Shvat2.doc,document,32256,1CA-2cbZkdT7ig_aRyU2QwkaFPZfCAHWv,application/msword,2,downloaded,2025-11-09T05:26:44.002302,
1481,/Around the year/Day to Day,Shvat4.doc,document,32768,1D0vrb58gh3dq_DD-mZ_mAjowYlKo_GC5,application/msword,2,downloaded,2025-11-09T05:26:44.699463,
1482,/Around the year/Day to Day,Shvat3.doc,document,31744,1iLVqXkNlchZFCEBURrMrnKof-xph8YaY,application/msword,2,downloaded,2025-11-09T05:26:45.484248,
1483,/Around the year/Day to Day,Adar1.doc,document,31744,1QInl4xM6L2zIXuBtdnvGd_owXg20ctZL,application/msword,2,downloaded,2025-11-09T05:26:46.014059,
1484,/Around the year/Day to Day,Teves3.doc,document,29184,1iTMreT_39q5I22ukSJ0U0K0ugGRDuj8V,application/msword,2,downloaded,2025-11-09T05:26:47.381105,
1485,/Around the year/Day to Day,Shvat2 Handout.doc,document,204288,17iKdVQDcHxRu-z2Y0oaKjxfrSPXJTUhI,application/msword,2,downloaded,2025-11-09T05:26:48.668345,
1486,/Around the year/Day to Day,Teves4 Handout.doc,document,42496,11a5bvuTQO37Xwt1xCntnJy6EVk11-v2K,application/msword,2,downloaded,2025-11-09T05:26:49.268696,
1487,/Around the year/Day to Day,Shvat4 Handout.doc,document,82944,1PwZjXoxcZ0WZ_lym4Dzf5jvUz3Wqcf-S,application/msword,2,downloaded,2025-11-09T05:26:50.236176,
1488,/Around the year/Day to Day,Teves2.doc,document,31744,1ZHWtcoA-3FOKpXb853AroDX5jQyGRXsV,application/msword,2,downloaded,2025-11-09T05:26:50.815177,
1489,/Around the year/Day to Day,Kiselv4.doc,document,29184,1PxfHcda8YtYHxQlyBu2nh6028yR81EgR,application/msword,2,downloaded,2025-11-09T05:26:51.379178,
1490,/Around the year/Day to Day,Shvat1.doc,document,39424,14x4CkYjPiwuYEUzWzHU97jXeXDha1Xod,application/msword,2,downloaded,2025-11-09T05:26:51.979221,
1491,/Around the year/Day to Day,Shvat3 Handout.doc,document,32768,1vtLW-3gi-SCoOnCGdaWa_W6iu7sN2vkU,application/msword,2,downloaded,2025-11-09T05:26:52.454216,
1492,/Around the year/Day to Day,Teves3 Handout.doc,document,41472,1U3cCqMc-JF0j1mJEnsDD7o0SPC2csheE,application/msword,2,downloaded,2025-11-09T05:26:52.953217,
1493,/Around the year/Day to Day,Teves2 Handout.doc,document,67584,1d1zRvaxX6Wsxnm1eYNuH8C5PS1-OE2gY,application/msword,2,downloaded,2025-11-09T05:26:53.472216,
1494,/Around the year/Day to Day,Teves4.doc,document,36864,1CZt8pRKFJ7bX6pNRgEgpH9WTWUgXhwuw,application/msword,2,downloaded,2025-11-09T05:26:54.794172,
1495,/Around the year/Day to Day,Teves1 Handout.doc,document,33792,1Vc7_bJ3UIULKb7-8McvyAP1vM_9glio1,application/msword,2,downloaded,2025-11-09T05:26:55.461236,
1496,/Around the year/Day to Day,Shvat1 Handout.doc,document,93696,1oijR30sQOXqH44ii5URHF5m9VL7KhZVS,application/msword,2,downloaded,2025-11-09T05:26:56.045955,
1497,/Around the year/Day to Day,Cheshvan4.doc,document,32256,1aCFecu7i4zuj3PDe-On0F1bs3iJqUyRF,application/msword,2,downloaded,2025-11-09T05:26:56.616485,
1498,/Around the year/Day to Day,Cheshvan4 Handout.doc,document,56320,14wkKw912U4gNson7PeKKNKMX7tGgtOGV,application/msword,2,downloaded,2025-11-09T05:26:57.131493,
1499,/Around the year/Day to Day,Cheshvan2 Handout.doc,document,36864,1t3qM3IQx-b_CGitzPOzDsHpi1_OW5Bsa,application/msword,2,downloaded,2025-11-09T05:26:58.185484,
1500,/Around the year/Day to Day,Kislev3.doc,document,35328,1yaTCadnIO8euwPo18Thg7ZtT49LHepZA,application/msword,2,downloaded,2025-11-09T05:26:58.931973,
1501,/Around the year/Day to Day,Cheshvan2.doc,document,32768,1khsrqUqfHLsREfHWoAH1tIyJk2styRYh,application/msword,2,downloaded,2025-11-09T05:26:59.701612,
1502,/Around the year/Day to Day,Kislev1.doc,document,31744,1UEzHjC99zEKvm81X1hz3dn0KA5wCEHyf,application/msword,2,downloaded,2025-11-09T05:27:00.276606,
1503,/Around the year/Day to Day,Kislev2 Handout.doc,document,318464,1Yp995rYoetjDB2DxUrDaxoynbKpAZ2V_,application/msword,2,downloaded,2025-11-09T05:27:01.653904,
1504,/Around the year/Day to Day,Cheshvan3.doc,document,34816,1fCOmf6Eg5INW74th5acgqpQz_pG_lr5E,application/msword,2,downloaded,2025-11-09T05:27:02.062370,
1505,/Around the year/Day to Day,Kislev1 Handout.doc,document,36864,1JdWtflXPBzS_YKK8uiffl8nYWikEhChK,application/msword,2,downloaded,2025-11-09T05:27:02.642639,
1506,/Around the year/Day to Day,Kislev 2.doc,document,32256,1JX9YI2AYHv-DXcEn_YPczRVyYuKRqD_3,application/msword,2,downloaded,2025-11-09T05:27:03.149774,
1507,/Around the year/Day to Day,Cheshvan1 Handout.doc,document,37888,1MaUDS1GowKNOFLxLUS7RXqru9nKJhW1h,application/msword,2,downloaded,2025-11-09T05:27:03.674007,
1508,/Around the year/Day to Day,Cheshvan3 Handout.doc,document,177152,16NY1tbaBq_L-c1R9sEB-bhDNET-ydauV,application/msword,2,downloaded,2025-11-09T05:27:04.229901,
1509,/Around the year/Day to Day,Tammuz2.doc,document,28672,1G66QiYoZYoAfTo2kpBIbOJlBa1umS9aq,application/msword,2,downloaded,2025-11-09T05:27:04.753908,
1510,/Around the year/Day to Day,Introduction Handout.doc,document,33280,1Nnrm62lzWiNEMv4nnXfJVpQ6mHMTCDrG,application/msword,2,downloaded,2025-11-09T05:27:05.242912,
1511,/Around the year/Day to Day,Tammuz3 Handout.doc,document,34304,136cSM4lqj7md6pn7QX_RN8LVD--jZLqK,application/msword,2,downloaded,2025-11-09T05:27:05.831541,
1512,/Around the year/Day to Day,Introduction.doc,document,31744,1c9dgK7KdUE2syje-IWi_7DVIKBhTGrrL,application/msword,2,downloaded,2025-11-09T05:27:06.357431,
1513,/Around the year/Day to Day,Av3.doc,document,37376,1gGKwZdZN-oW1O5La7IwmxI7sfkCBy4Az,application/msword,2,downloaded,2025-11-09T05:27:07.389114,
1514,/Around the year/Day to Day,Av2 Handout.doc,document,184832,1ieu2b6tk1K58wAzZo78zuTs-zXc7gqZi,application/msword,2,downloaded,2025-11-09T05:27:07.967928,
1515,/Around the year/Day to Day,Tammuz4.doc,document,29696,1vJvbc5xR9l_kAk1CRbtHJRz6HaPjgh7b,application/msword,2,downloaded,2025-11-09T05:27:08.713841,
1516,/Around the year/Day to Day,Av1 Handout.doc,document,54272,11fyKvn6QywffL1Lrn6EN8NmXzo-DFCAo,application/msword,2,downloaded,2025-11-09T05:27:09.302839,
1517,/Around the year/Day to Day,Tammuz4 Handout.doc,document,50688,1i6MlT28DQuf3K1y7CvTUYsHKKkLKrIhd,application/msword,2,downloaded,2025-11-09T05:27:09.932441,
1518,/Around the year/Day to Day,Av3 Handout.doc,document,58368,1kuQbj50xfhL6r8hR3yg0HGtVsdIrK7DV,application/msword,2,downloaded,2025-11-09T05:27:10.733368,
1519,/Around the year/Day to Day,Tammuz2 Handout.doc,document,56832,1eDH4ZWfzcNM8dhYqzQyJS75BB99p63qm,application/msword,2,downloaded,2025-11-09T05:27:11.354559,
1520,/Around the year/Day to Day,Cover Sheet.doc,document,137728,1bjmo1LrHPRE2HUKxoaogJLG9Dy-fD_69,application/msword,2,downloaded,2025-11-09T05:27:11.803081,
1521,/Around the year/Day to Day,Tammuz2 Handout2.doc,document,100864,11yUJqjNszh2C1ZNOWs_YxmFtZHI6vg5n,application/msword,2,downloaded,2025-11-09T05:27:12.499218,
1522,/Around the year/Day to Day,Av1.doc,document,437248,1n3mOhBOVRucoEZPn_gqN2_gzPdcdICgl,application/msword,2,downloaded,2025-11-09T05:27:13.275233,
1523,/Around the year/Day to Day,Av2.doc,document,438784,1_E4lygCDbdUTVYz8TZzn0quFC8ho0IHH,application/msword,2,downloaded,2025-11-09T05:27:13.885777,
1524,/Around the year/Day to Day,Tammuz3.doc,document,30720,1W4Gls0tR3PgEQxh0P4Rjn5Q2ICQMd1nP,application/msword,2,downloaded,2025-11-09T05:27:14.400773,
1525,/Around the year/Day to Day,Cheshvan1.doc,document,35328,1JL9qcTQQSU7VzcdlbhIcAsMKgU0kmzKT,application/msword,2,downloaded,2025-11-09T05:27:14.796552,
1526,/Around the year/Day to Day,Tammuz1 Handout.doc,document,39424,1mn6ck0fdziU_fnDKrBWOGAS5fz8Ty7mI,application/msword,2,downloaded,2025-11-09T05:27:15.618196,
1527,/Around the year/Day to Day,Sivan4.doc,document,32256,1SdSyt69DBqb9uzRSZ81kFsrB1C6ksEpW,application/msword,2,downloaded,2025-11-09T05:27:16.245224,
1528,/Around the year/Day to Day,Sivan2 Handout.doc,document,81920,1xhjTw4odMMUlA393oXE6y5m2GYrQQbuJ,application/msword,2,downloaded,2025-11-09T05:27:16.750146,
1529,/Around the year/Day to Day,Sivan5 Handout.doc,document,1624576,1TBFjOLFz5LkOrYOMmfRw0YRoRVj-OpCb,application/msword,2,downloaded,2025-11-09T05:27:18.059247,
1530,/Around the year/Day to Day,Sivan5.doc,document,28672,1YK-CVQSFm-5-Q1nwYU7X3HhEvYiXpjD5,application/msword,2,downloaded,2025-11-09T05:27:18.720462,
1531,/Around the year/Day to Day,Tammuz1.doc,document,38400,114174gL81FjfgOsmiuQeifhKeoxKP22A,application/msword,2,downloaded,2025-11-09T05:27:19.355259,
1532,/Around the year/Day to Day,Sivan3 Handout.doc,document,71680,1QUvlDbNJRFhPmVzmHuxsts16vvfYrTJf,application/msword,2,downloaded,2025-11-09T05:27:19.845075,
1533,/Around the year/Day to Day,Sivan4 Handout.doc,document,75264,15ECeB4oqJB1PxoM2KmWzKFnUtAhB-gRq,application/msword,2,downloaded,2025-11-09T05:27:20.428761,
1534,/Around the year/Day to Day,Sivan3.doc,document,29184,10JTe7XOYA8dXcKRePYsdBf01Ix-pq5CR,application/msword,2,downloaded,2025-11-09T05:27:21.719364,
1535,/Around the year,Three Weeks Cover.pub,other,131584,1kh30z-juAFWUbbQIPU19d_lvAoIdjZfn,application/vnd.ms-publisher,2,downloaded,2025-11-09T05:27:22.969077,
1536,/Around the year,Three Week Schedule - Sunday.doc,document,47104,1N487DlXWGBMKJih9Qd5eP32nDtsLcl5x,application/msword,2,downloaded,2025-11-09T05:27:23.704238,
1537,/Around the year,Day to Day Zip1.zip,other,8914953,11C4_8a1WQYjDMHSVw8ZbizMpTq3dgArj,application/x-zip-compressed,2,downloaded,2025-11-09T05:27:28.974915,
1538,/Around the year/Shabbos, TGI shabbos,google_doc,1024,1tNK3idwP2F65IQVl8LmtVNvgJl0V88Za5E9EBOVxMlQ,application/vnd.google-apps.document,2,downloaded,2025-11-09T05:27:29.726360,
1539,/Around the year/Shabbos,inviting for shabbos,google_doc,2743,1J-tkzA_PoCajQ2us7mG9YtI2W0ODycvq49aMIh6d2SY,application/vnd.google-apps.document,2,downloaded,2025-11-09T05:27:30.592586,
1540,/Around the year/Shabbos,Shabbos,google_doc,1024,1PS7gF345GsR4gNrAgmIMMckr3ro4buNZ283wyeOaPUs,application/vnd.google-apps.document,2,downloaded,2025-11-09T05:27:31.398599,
1541,/Around the year/Shabbos, shabbos meals,google_doc,2189,1j-aP9Tt83TPtxnE87mlJebYPItdv6Xj3hg_jvjaD8rc,application/vnd.google-apps.document,2,downloaded,2025-11-09T05:27:31.932515,
1542,/Around the year/Shabbos," Davening, kriah & Kiddush",google_doc,2163,1efSLOTzx64AYWg5HSkWSQzn2kL7cN9PNaVMxzGEr190,application/vnd.google-apps.document,2,downloaded,2025-11-09T05:27:32.630995,
1543,/Around the year/Shabbos,Parnasa new with music.WMA,audio,1483088,1Xdzl7FGiA2I3Y10wtr8_YhvIaxRoflsC,audio/x-ms-wma,2,downloaded,2025-11-09T05:27:34.119353,
1544,/Around the year/Shabbos,Parnasa new with music 1.WMA,audio,1351660,1qSl3F86jK23obdIPvoqfaO-kwdCIUEks,audio/x-ms-wma,2,downloaded,2025-11-09T05:27:34.931274,
1545,/,Place to hold events,google_doc,4073,1DuRTn25EyNRwVfOSinQEpKgolzwmnUtIsJ1HWFuhdlw,application/vnd.google-apps.document,2,downloaded,2025-11-09T05:27:35.860588,
001,/Misc/For Writer/_5 Chanukah/Chanukah Events/Music,Play list _ Music for event.docx,document,7818,1wlOdSRVEAZJZbNFvXVV8ayTSPh89d0f3,application/vnd.openxmlformats-officedocument.wordprocessingml.document,3,conversion_failed,2025-11-09T11:29:16.889847,Conversion failed
002,/Misc/For Writer/_5 Chanukah/Chanukah Events/Event Advertising-Marketing,Newspaper Article.docx,document,10535,1Jx0S8hl63qnxWolvt4ihdZeb4XsFIXfk,application/vnd.openxmlformats-officedocument.wordprocessingml.document,3,conversion_failed,2025-11-09T11:29:16.915003,Conversion failed
003,/Misc/For Writer/_5 Chanukah/Chanukah Events/Event Ideas,events ideas_.docx,document,10299,1GRc9Sh-qa7qfwuzVLoHVKAazNlsz6VKu,application/vnd.openxmlformats-officedocument.wordprocessingml.document,3,conversion_failed,2025-11-09T11:29:16.939270,Conversion failed
004,/Misc/For Writer/_5 Chanukah/Chanukah Events/Event Ideas,Home Depot.docx,document,8442,1fS_hdP9jS6jx5v2jEqPwHkS6oaxJQfoN,application/vnd.openxmlformats-officedocument.wordprocessingml.document,3,conversion_failed,2025-11-09T11:29:16.962203,Conversion failed
005,/Misc/For Writer/_5 Chanukah/Chanukah Events/Event Ideas,Chanukah Bus Delivers Joy to Senior Citizens.docx,document,7671,1k322UOp6nDOvzQouAjW8SeAten65UlgU,application/vnd.openxmlformats-officedocument.wordprocessingml.document,3,conversion_failed,2025-11-09T11:29:16.984154,Conversion failed
006,/Misc/For Writer/_5 Chanukah/Chanukah Events/Event Ideas,"Ladies Pre Chanukah Evening_ Wine, Cheese_.docx",document,7515,1fpRph3-kL7ccw95nY_NmRtcRo9afMo8N,application/vnd.openxmlformats-officedocument.wordprocessingml.document,3,conversion_failed,2025-11-09T11:29:17.004408,Conversion failed
007,/Misc/For Writer/_5 Chanukah/Chanukah Events/Event Ideas,Menorah Ideas for Events.docx,document,8250,1j7OSwlHeaEC7MtnxOCiwyMq1Z5sjjRAA,application/vnd.openxmlformats-officedocument.wordprocessingml.document,3,conversion_failed,2025-11-09T11:29:17.024427,Conversion failed
008,/Misc/For Writer/_5 Chanukah/Chanukah Events/Event Ideas,Chanukah Wonderland_.docx,document,6784,1VyhV2NSurm8JukPt5LhoRdfXAKHiT6-L,application/vnd.openxmlformats-officedocument.wordprocessingml.document,3,conversion_failed,2025-11-09T11:29:17.045088,Conversion failed
009,/Misc/For Writer/_5 Chanukah/Chanukah Events/Event Ideas,Chanukah in the Mall.docx,document,6508,1tWTLnUVtXFV2mt6xHEeSbP4Bm8QoTG4V,application/vnd.openxmlformats-officedocument.wordprocessingml.document,3,conversion_failed,2025-11-09T11:29:17.065266,Conversion failed
010,/Misc/For Writer/_5 Chanukah/Chanukah Events/Event Ideas,Virtual Reality.docx,document,7389,1x3r31BvU0vW2u3N0ha5jHNRPYn-AqWuT,application/vnd.openxmlformats-officedocument.wordprocessingml.document,3,conversion_failed,2025-11-09T11:29:17.085971,Conversion failed
011,/Misc/For Writer/_5 Chanukah/Chanukah Events/Event Ideas,Jewish Heritage Night.docx,document,10046,1-5Vt3w57py2_gmqWSJM3WTfmuoZ_6iC3,application/vnd.openxmlformats-officedocument.wordprocessingml.document,3,conversion_failed,2025-11-09T11:29:17.107946,Conversion failed
012,/Misc/For Writer/_5 Chanukah/Chanukah Events/Event Ideas,Games and Crafts.docx,document,6568,1lTEpUbU1B3cE6ewQoN62APPHNgp64FHb,application/vnd.openxmlformats-officedocument.wordprocessingml.document,3,conversion_failed,2025-11-09T11:29:17.129952,Conversion failed
013,/Misc/For Writer/_5 Chanukah/Chanukah Events/Event Ideas,Latke Tasting.docx,document,7825,10ZZv9jTD2ImEuhfjK3_0-YXtebEVxkKK,application/vnd.openxmlformats-officedocument.wordprocessingml.document,3,conversion_failed,2025-11-09T11:29:17.151936,Conversion failed
014,/Misc/For Writer/_5 Chanukah/Chanukah Events/Event Ideas,Chanukah Wonderland.docx,document,35851,1Osw9551UOKkGPtPieciy_C35_9Wte-ce,application/vnd.openxmlformats-officedocument.wordprocessingml.document,3,conversion_failed,2025-11-09T11:29:17.172593,Conversion failed
015,/Misc/For Writer/_5 Chanukah/Chanukah Events/Recipes,Chanukah Recipes.docx,document,7405,1oxFVxDN1IQQA6LuwZ6yVLoJQ0X40HSgV,application/vnd.openxmlformats-officedocument.wordprocessingml.document,3,conversion_failed,2025-11-09T11:29:17.194118,Conversion failed
016,/Misc/For Writer/_5 Chanukah/Chanukah Events/Recipes,Trader Joes Latkes.docx,document,6670,1wBKJZdSqdToSaxyxBRWMKIr7aSEvm4rm,application/vnd.openxmlformats-officedocument.wordprocessingml.document,3,conversion_failed,2025-11-09T11:29:17.215656,Conversion failed
017,/Misc/For Writer/_5 Chanukah/Chanukah Events,Insurance for Chanukah event.docx,document,7133,1SzwmiKo4V33RQWHpZzJyE-E9WexDDvbx,application/vnd.openxmlformats-officedocument.wordprocessingml.document,3,conversion_failed,2025-11-09T11:29:17.237005,Conversion failed
018,/Misc/For Writer/_5 Chanukah/Car Menorah-Parade,Completed Draft: Car Menorah Parade,google_doc,7297,14aMRXdcA-RdIu49bY1SV7SzI_2cKniYm8756dmwzTv8,application/vnd.google-apps.document,3,conversion_failed,2025-11-09T11:29:17.258691,Conversion failed
019,/Misc/For Writer/_5 Chanukah/Car Menorah-Parade,Press Release #8.docx,document,8335,1izPzGfFBuMKm8gs0E5_Qzrou6NtXrpkv,application/vnd.openxmlformats-officedocument.wordprocessingml.document,3,conversion_failed,2025-11-09T11:29:17.280542,Conversion failed
020,/Misc/For Writer/_5 Chanukah/Car Menorah-Parade,car Menorah Parade.docx,document,16336,1lvwIh1xWpOE9xKClvreGAfjoJYcem7_g,application/vnd.openxmlformats-officedocument.wordprocessingml.document,3,conversion_failed,2025-11-09T11:29:17.300735,Conversion failed
021,/Misc/For Writer/_5 Chanukah/Chanukah writer/Old Docs,Draft_ Ideas for Menorah Parade.docx,document,8773,1gk_dQS2d9w3agIlSbtDEX_5AgpNDTkS1,application/vnd.openxmlformats-officedocument.wordprocessingml.document,3,conversion_failed,2025-11-09T11:29:17.320989,Conversion failed
022,/Misc/For Writer/_5 Chanukah/Chanukah writer/Old Docs,Draft_ Purchase Car Menorah.docx,document,9652,16IEfKlOe2KTX3NiFNQrLNtSl9PLYofJu,application/vnd.openxmlformats-officedocument.wordprocessingml.document,3,conversion_failed,2025-11-09T11:29:17.341461,Conversion failed
023,/Misc/For Writer/_5 Chanukah/Chanukah writer/Old Docs,Draft_ License for Parade.docx,document,7538,1tI5cWveXquVBRrLllTK-5UsGYOYn2W0B,application/vnd.openxmlformats-officedocument.wordprocessingml.document,3,conversion_failed,2025-11-09T11:29:17.362772,Conversion failed
024,/Misc/For Writer/_5 Chanukah/Chanukah writer/Old Docs,Draft_ Police Escort.docx,document,6769,1zWedrPxljXiBtGqHQ8UVkU20fWAHwc9-,application/vnd.openxmlformats-officedocument.wordprocessingml.document,3,conversion_failed,2025-11-09T11:29:17.384007,Conversion failed
025,/Misc/For Writer/_5 Chanukah/Old/Chanukah Menorahs-/Car Menorahs-/Parade-/Connecting music,Radio Connection.docx,document,6748,1frGd2G2pOlRTRoc8wviIkDVkU_lmEe3Q,application/vnd.openxmlformats-officedocument.wordprocessingml.document,3,conversion_failed,2025-11-09T11:29:17.405379,Conversion failed
026,/Misc/For Writer/_5 Chanukah/Old/Chanukah Menorahs-/Car Menorahs-/Parade-/Connecting music,Connecting Music for Parade.docx,document,8107,1kPgHYSSKzyFMZtvOgn7Lp8j_NFywn_X-,application/vnd.openxmlformats-officedocument.wordprocessingml.document,3,conversion_failed,2025-11-09T11:29:17.426631,Conversion failed
027,/Misc/For Writer/_5 Chanukah/Old/Chanukah Menorahs-/Car Menorahs-/Parade-/Parade Press Release,Chanukah Car Parade Press Release.docx,document,6321,1Tq4rkLMPoYOXdGfEnD2hwsoX70uROKfH,application/vnd.openxmlformats-officedocument.wordprocessingml.document,3,conversion_failed,2025-11-09T11:29:17.447555,Conversion failed
028,/Misc/For Writer/_5 Chanukah/Old/Chanukah Menorahs-/Car Menorahs-/Parade-/Parade Press Release,Parade Press 1.docx,document,8038,1RhODcYnPnVdyR00BKzjRMlT6a1ZTWtMc,application/vnd.openxmlformats-officedocument.wordprocessingml.document,3,conversion_failed,2025-11-09T11:29:17.468715,Conversion failed
029,/Misc/For Writer/_5 Chanukah/Old/Chanukah Menorahs-/Car Menorahs-/Parade-,License for Parade_.docx,document,6831,1BhCrM-24D6W5pTfvPsZ6A_gU4FZx-eNa,application/vnd.openxmlformats-officedocument.wordprocessingml.document,3,conversion_failed,2025-11-09T11:29:17.490416,Conversion failed
030,/Misc/For Writer/_5 Chanukah/Old/Chanukah Menorahs-/Car Menorahs-/Parade-,Police Escort.docx,document,6731,1I2MsJJed-85yjyGy5IzoaH308sUeJyHA,application/vnd.openxmlformats-officedocument.wordprocessingml.document,3,conversion_failed,2025-11-09T11:29:17.511685,Conversion failed
031,/Misc/For Writer/_5 Chanukah/Old/Chanukah Menorahs-/Car Menorahs-,Purchase Car Menorah.docx,document,9416,1Iu-STDQ6x_oUFpl3RBVe_rM8vEt0I9y2,application/vnd.openxmlformats-officedocument.wordprocessingml.document,3,conversion_failed,2025-11-09T11:29:17.533592,Conversion failed
032,/Misc/For Writer/_5 Chanukah/Old/Chanukah Menorahs-/Car Menorahs-,Build a wood car Menorah.docx,document,6304,17k9b6Uerwng4A9q-ciQz5OVx6WSx51T6,application/vnd.openxmlformats-officedocument.wordprocessingml.document,3,conversion_failed,2025-11-09T11:29:17.554590,Conversion failed
033,/Misc/For Writer/_5 Chanukah/Old/Chanukah Menorahs-/Car Menorahs-,Drawing for Menorah 3.docx,document,6305,1-kJogiojvohXkR4A77CdgcrhvPApQF2o,application/vnd.openxmlformats-officedocument.wordprocessingml.document,3,conversion_failed,2025-11-09T11:29:17.577836,Conversion failed
034,/Misc/For Writer/_5 Chanukah/Old/Chanukah Menorahs-/Public Menorah-,Reform opposition.docx,document,11773,143EIhn22IWk_WrWX8fk5f9JiDwGj9spi,application/vnd.openxmlformats-officedocument.wordprocessingml.document,3,conversion_failed,2025-11-09T11:29:17.599055,Conversion failed
035,/Misc/For Writer/_5 Chanukah/Old/Chanukah Menorahs-/Public Menorah-,Giant Menorah.docx,document,18440,16fH631Wcpi9lYyiebVcOHvTysZMPmva4,application/vnd.openxmlformats-officedocument.wordprocessingml.document,3,conversion_failed,2025-11-09T11:29:17.619644,Conversion failed
036,/Misc/For Writer/_5 Chanukah/Old/Chanukah Menorahs-/Public Menorah-,City Wants to Copy Public Lighting Event.docx,document,8020,13LxkbXJ35zVfXjx57ng_uQ2568HRGszp,application/vnd.openxmlformats-officedocument.wordprocessingml.document,3,conversion_failed,2025-11-09T11:29:17.640876,Conversion failed
037,/Misc/For Writer/_5 Chanukah/Old/Chanukah Menorahs-/Public Menorah-,Ideas to jazz up small town menorah lighting.docx,document,9230,1xUNs4EwZroECtHlhCgQZsCBqIo6FnLrR,application/vnd.openxmlformats-officedocument.wordprocessingml.document,3,conversion_failed,2025-11-09T11:29:17.668611,Conversion failed
038,/Misc/For Writer/_5 Chanukah/Old/Chanukah Menorahs-/Public Menorah-,Fire Truck giving gelt.docx,document,7004,1O5qsxWVUJ_4O1BqQO6f9nog8f-qLcE_W,application/vnd.openxmlformats-officedocument.wordprocessingml.document,3,conversion_failed,2025-11-09T11:29:17.689972,Conversion failed
039,/Misc/For Writer/_5 Chanukah/Old/Chanukah Menorahs-/Public Menorah-,Reform want to join Event.docx,document,7365,1ClKWqVIxm9WIH32oiq4WolIDscEmntgH,application/vnd.openxmlformats-officedocument.wordprocessingml.document,3,conversion_failed,2025-11-09T11:29:17.710761,Conversion failed
040,/Misc/For Writer/_5 Chanukah/Old/Chanukah Menorahs-/Public Menorah-,Spotlight on your Menorah.docx,document,7987,1Bk_7Va9AMg-S0nTqMf6QiHYLmy8zfyg7,application/vnd.openxmlformats-officedocument.wordprocessingml.document,3,conversion_failed,2025-11-09T11:29:17.730193,Conversion failed
041,/Misc/For Writer/_5 Chanukah/Old/Chanukah Menorahs-/Public Menorah-,Ideas on how to light public Menorah no fire.docx,document,11954,1j_xmgcKLYhQbAPqDvUzEjvtFLdslwtn5,application/vnd.openxmlformats-officedocument.wordprocessingml.document,3,conversion_failed,2025-11-09T11:29:17.749048,Conversion failed
042,/Misc/For Writer/_5 Chanukah/Old/Chanukah Menorahs-/Public Menorah-,Public Menorah Power Source Ideas.docx,document,14729,1M-ps5Np7QXKckLP-eXQOqPx4ooG8Turh,application/vnd.openxmlformats-officedocument.wordprocessingml.document,3,conversion_failed,2025-11-09T11:29:17.769637,Conversion failed
043,/Misc/For Writer/_5 Chanukah/Old/Chanukah Menorahs-/Public Menorah-,Permission Request From City.docx,document,8493,1nz0cdBOlKLNyNzAhd_QxThO5XGG460yv,application/vnd.openxmlformats-officedocument.wordprocessingml.document,3,conversion_failed,2025-11-09T11:29:17.789333,Conversion failed
044,/Misc/For Writer/_5 Chanukah/Old/Chanukah Menorahs-/Public Menorah-,What to use to light a public menorah.docx,document,8147,17yq8wdF3Sc_xKH7sjte_qmUHgkYFWc-_,application/vnd.openxmlformats-officedocument.wordprocessingml.document,3,conversion_failed,2025-11-09T11:29:17.808984,Conversion failed
045,/Misc/For Writer/_5 Chanukah/Old/Chanukah Menorahs-/Public Menorah-,Proposal for Menorah public_.docx,document,7825,152QEdDiTy-0C7nO-sNgyu1xwbqcK-Gaz,application/vnd.openxmlformats-officedocument.wordprocessingml.document,3,conversion_failed,2025-11-09T11:29:17.828862,Conversion failed
046,/Misc/For Writer/_5 Chanukah/Old/Chanukah Menorahs-/Public Menorah-,Menorah on city ground.docx,document,6463,1nvBy_7q9Hxr747mcQvgDYn_DyP399sZT,application/vnd.openxmlformats-officedocument.wordprocessingml.document,3,conversion_failed,2025-11-09T11:29:17.848503,Conversion failed
047,/Misc/For Writer/_5 Chanukah/Old/Chanukah Menorahs-/Public Menorah-,Invitation for BB.docx,document,6828,1ci65tHDR1YI6TKIX58vp01OJGRlzMPnP,application/vnd.openxmlformats-officedocument.wordprocessingml.document,3,conversion_failed,2025-11-09T11:29:17.870242,Conversion failed
048,/Misc/For Writer/_5 Chanukah/Old/Chanukah Menorahs-/Public Menorah-,Letters from the Rebbe on Public Lighting.docx,document,8212,1pXj1YfuaPLNdq9xyyPpTGXjiOrtkqxOY,application/vnd.openxmlformats-officedocument.wordprocessingml.document,3,conversion_failed,2025-11-09T11:29:17.890185,Conversion failed
049,/Misc/For Writer/_5 Chanukah/General,Copy of Chanukah Todo List.docx,document,26088,10ptuHXTJWYJ0eQfKlEnuvLifHsAGZEOT,application/vnd.openxmlformats-officedocument.wordprocessingml.document,3,conversion_failed,2025-11-09T11:29:17.910623,Conversion failed
050,/Misc/For Writer/_5 Chanukah/General,Chanukah Facebook Contest.docx,document,6812,1CYPF3ObvzRFys7QHVvAnciAGQRg-aaS3,application/vnd.openxmlformats-officedocument.wordprocessingml.document,3,conversion_failed,2025-11-09T11:29:17.933973,Conversion failed
051,/Misc/For Writer/_5 Chanukah/General,Menorah Letters From the Rebbe.docx,document,6401,1IAizMQSJsMXbGdfZ2pVCdBWbm3mSohf9,application/vnd.openxmlformats-officedocument.wordprocessingml.document,3,conversion_failed,2025-11-09T11:29:17.955043,Conversion failed
052,/Misc/For Writer/_5 Chanukah/General,Chanukah Tips and Tricks.docx,document,8587,1KIPyjDosgyzvItcG7ywxk6uNAE5eVAPC,application/vnd.openxmlformats-officedocument.wordprocessingml.document,3,conversion_failed,2025-11-09T11:29:17.977678,Conversion failed
053,/Misc/For Writer/_5 Chanukah/mivtzoim,Menorah Lighting Instruction for BB.docx,document,7449,1qTFwiBRnRgiGZpo_2KKFvvM0MEqJyemM,application/vnd.openxmlformats-officedocument.wordprocessingml.document,3,conversion_failed,2025-11-09T11:29:17.998687,Conversion failed
054,/Misc/For Writer/_5 Chanukah/Classes,Copy of 121414201__Chanukah Heroines.docx,document,43529,1t1HR3al-Qj3iJlkDcw8613rUDszdClM2,application/vnd.openxmlformats-officedocument.wordprocessingml.document,3,conversion_failed,2025-11-09T11:29:18.020578,Conversion failed
055,/Misc/For Writer/_5 Chanukah/Classes,Copy of 121620302__WWR Chanukah 2011.doc,document,57344,1KJ3zN0gZSaSAT_R_b-CORdbDJ9IqJLJ2,application/msword,3,conversion_failed,2025-11-09T11:29:18.041082,Conversion failed
056,/Misc/For Writer/_5 Chanukah/Classes,Copy of Women of the Chanukah story.docx,document,27986,1P_9k8q0oTbgEaGL9azA4rg8Tttbpv1oE,application/vnd.openxmlformats-officedocument.wordprocessingml.document,3,conversion_failed,2025-11-09T11:29:18.061347,Conversion failed
057,/Misc/For Writer/_5 Chanukah/Classes,"Copy of 121521502__Class on Chanukah -8 candles, 8 lessons.docx",document,20072,1hueNjOGnn3c8b8rPPKH4P80yTuc4gUwW,application/vnd.openxmlformats-officedocument.wordprocessingml.document,3,conversion_failed,2025-11-09T11:29:18.082132,Conversion failed
058,/Misc/For Writer/_5 Chanukah/Classes,Copy of chanukah 5779 my notes.docx,document,19380,1SQZc7fF2iXSNORWG7siBWapNEo_rJUCK,application/vnd.openxmlformats-officedocument.wordprocessingml.document,3,conversion_failed,2025-11-09T11:29:18.103549,Conversion failed
059,/Misc/For Writer/_5 Chanukah/Classes,Copy of 121414201__Feminine Side of Chanuka Dvar Torah.docx,document,15336,1ienNPEZbqVmlcxTGLeDUNvBIqLaJIOIW,application/vnd.openxmlformats-officedocument.wordprocessingml.document,3,conversion_failed,2025-11-09T11:29:18.123740,Conversion failed
060,/Misc/For Writer/_5 Chanukah/Classes,Copy of womens event chanuka speech.docx,document,17516,1s8UFAVZboenrcLgv3gwfM0oVpqxZQ_AK,application/vnd.openxmlformats-officedocument.wordprocessingml.document,3,conversion_failed,2025-11-09T11:29:18.144202,Conversion failed
061,/Misc/For Writer/_5 Chanukah/Classes,Copy of DD6_A_DEEPER_MEANING_INTO_CHANUKAH.docx,document,16355,1GamixePz-8K57_DpKgcZ79RhHOjEwOWT,application/vnd.openxmlformats-officedocument.wordprocessingml.document,3,conversion_failed,2025-11-09T11:29:18.165613,Conversion failed
062,/Misc/For Writer/_5 Chanukah/Classes,Copy of ChanukahLightUpYourWorld--TeacherGuide.pdf,document,247503,1jbMScVd32iZTVAyp1o_cDTY5WS6oVrnv,application/pdf,3,converted,2025-11-09T11:29:18.819899,
063,/Misc/For Writer/_5 Chanukah/Classes,Copy of Dvar Torah.docx,document,19124,1YAuoWFX3IDSvSN6n12knezo3JVjG3B6C,application/vnd.openxmlformats-officedocument.wordprocessingml.document,3,conversion_failed,2025-11-09T11:29:18.841810,Conversion failed
064,/Misc/For Writer/_5 Chanukah/Press Release,_TV interview_.docx,document,6482,1IbvabxCsVt9PVZiK4yoJHc1T-_NoLiCQ,application/vnd.openxmlformats-officedocument.wordprocessingml.document,3,conversion_failed,2025-11-09T11:29:18.862532,Conversion failed
065,/Misc/For Writer/_5 Chanukah/Press Release,Press Release #7.docx,document,8118,1qWAaZOLVqz5j91xtQsSh_kRSqM4rCvBH,application/vnd.openxmlformats-officedocument.wordprocessingml.document,3,conversion_failed,2025-11-09T11:29:18.884191,Conversion failed
066,/Misc/For Writer/_5 Chanukah/Press Release,Press 4.docx,document,8441,1eByL1TjpO-t5DZWkSaZep9QetSNAUAER,application/vnd.openxmlformats-officedocument.wordprocessingml.document,3,conversion_failed,2025-11-09T11:29:18.906847,Conversion failed
067,/Misc/For Writer/_5 Chanukah/Press Release,Chanukah Newspaper Article.docx,document,8012,1Fw0C-XfbW8YUtIa7r8p4NsZWQbFdIbKB,application/vnd.openxmlformats-officedocument.wordprocessingml.document,3,conversion_failed,2025-11-09T11:29:18.928123,Conversion failed
068,/Misc/For Writer/_5 Chanukah/Public Menorah Lighting/Dignitaries/Invitation,Dignitary Invitation #2.docx,document,7522,1OzjJuFOQ3UCq2HgQH8hSVOAYy0AiJZVl,application/vnd.openxmlformats-officedocument.wordprocessingml.document,3,conversion_failed,2025-11-09T11:29:18.950068,Conversion failed
069,/Misc/For Writer/_5 Chanukah/Public Menorah Lighting/Dignitaries/Invitation,Dignitary Invitation #1-2.docx,document,6981,1Rsx4EjIdrFswEcKDaIZZDbUPEoVazqxl,application/vnd.openxmlformats-officedocument.wordprocessingml.document,3,conversion_failed,2025-11-09T11:29:18.971679,Conversion failed
070,/Misc/For Writer/_5 Chanukah/Public Menorah Lighting/Dignitaries/Invitation,Dignitary Invitation #3.docx,document,7147,1gv8qyAplFL6eNL2_X-emXsQmACsm5JdD,application/vnd.openxmlformats-officedocument.wordprocessingml.document,3,conversion_failed,2025-11-09T11:29:18.993431,Conversion failed
071,/Misc/For Writer/_5 Chanukah/Public Menorah Lighting/Dignitaries/Proclamation-Speech,Dignitary Proclamation.docx,document,8210,1uChaVti71CVxYGVfMKey3aJZnYGb-CXx,application/vnd.openxmlformats-officedocument.wordprocessingml.document,3,conversion_failed,2025-11-09T11:29:19.014859,Conversion failed
072,/Misc/For Writer/_5 Chanukah/Public Menorah Lighting/Dignitaries/Proclamation-Speech,Dignitary Proclamation Speech.docx,document,6967,1SyYrclFQUtAZUrwtWakP5kSl8ck7ze8N,application/vnd.openxmlformats-officedocument.wordprocessingml.document,3,conversion_failed,2025-11-09T11:29:19.036876,Conversion failed
073,/Misc/For Writer/_5 Chanukah/Public Menorah Lighting/Dignitaries/Thank You Letter,Thank you letter for Dignitary.docx,document,7377,1kE_WxTCZ2e1mFCG7GcjdIhgzaPT6xmsF,application/vnd.openxmlformats-officedocument.wordprocessingml.document,3,conversion_failed,2025-11-09T11:29:19.058523,Conversion failed
074,/Misc/For Writer/_5 Chanukah/Public Menorah Lighting/Public Lighting Halachos,Public Menorah Guidelines_Halacha.docx,document,14487,10J7hrBgMzXSfYabyNIzl_4CmDfXwCE0v,application/vnd.openxmlformats-officedocument.wordprocessingml.document,3,conversion_failed,2025-11-09T11:29:19.080208,Conversion failed
075,/Misc/For Writer/_5 Chanukah/Public Menorah Lighting/Public Lighting Halachos,questions Chanukah.docx,document,8535,1A0oXDv58phzBbLncp-eUxEZUfkd96HRd,application/vnd.openxmlformats-officedocument.wordprocessingml.document,3,conversion_failed,2025-11-09T11:29:19.102785,Conversion failed
076,/Misc/For Writer/_5 Chanukah/Public Menorah Lighting/Religious Symbol Legal,Complete supreme court ruling.docx,document,119359,1diVJ2Lfu3UpPS2cypyohnEYFRKtbpScM,application/vnd.openxmlformats-officedocument.wordprocessingml.document,3,conversion_failed,2025-11-09T11:29:19.124739,Conversion failed
077,/Misc/For Writer/_5 Chanukah/Public Menorah Lighting/Religious Symbol Legal,Menorah - display of freedom.docx,document,8013,1Dnaf8uFWmJTBOlVYR89YhJTMa4hGl32z,application/vnd.openxmlformats-officedocument.wordprocessingml.document,3,conversion_failed,2025-11-09T11:29:19.145905,Conversion failed
078,/Misc/For Writer/_5 Chanukah/Public Menorah Lighting/Religious Symbol Legal,Legal Points For Menorah.docx,document,9440,11e9D2L7G1TtXSBy8luEgDc3PNVcT3kM3,application/vnd.openxmlformats-officedocument.wordprocessingml.document,3,conversion_failed,2025-11-09T11:29:19.166645,Conversion failed
079,/Misc/For Writer/_5 Chanukah/Public Menorah Lighting/Religious Symbol Legal,EXCERPTS FROM THE U.S. SUPREME COURT RULING.docx,document,7929,1TEln5PjtmCWqNuv1-pG0mSp8Zw7F6S3P,application/vnd.openxmlformats-officedocument.wordprocessingml.document,3,conversion_failed,2025-11-09T11:29:19.187879,Conversion failed
080,/Misc/For Writer/_5 Chanukah/Public Menorah Lighting/Religious Symbol Legal,info on Legal rights.docx,document,6276,1No5tgZqUkWszoXvNP5dt5VlqC-ZzNyEY,application/vnd.openxmlformats-officedocument.wordprocessingml.document,3,conversion_failed,2025-11-09T11:29:19.209884,Conversion failed
081,/Misc/For Writer/_5 Chanukah/Public Menorah Lighting/Religious Symbol Legal,"Public Menorah, church _ state_!.docx",document,8016,1ZN7v4y8je4vXAKZ0o2obKEsxcxdX-YXf,application/vnd.openxmlformats-officedocument.wordprocessingml.document,3,conversion_failed,2025-11-09T11:29:19.230754,Conversion failed
082,/Misc/For Writer/_5 Chanukah/Public Menorah Lighting/Religious Symbol Legal,Denied permission for menorah.docx,document,9736,1k7iet8hs7RvcpRHcLW8F2K8D8MAAhm3X,application/vnd.openxmlformats-officedocument.wordprocessingml.document,3,conversion_failed,2025-11-09T11:29:19.251704,Conversion failed
083,/Misc/For Writer/_5 Chanukah/Public Menorah Lighting/Press Release,Press Release 3.docx,document,7141,1Z6AJo4oHjfUXDSTYWiCIJs7bWb-U8hEi,application/vnd.openxmlformats-officedocument.wordprocessingml.document,3,conversion_failed,2025-11-09T11:29:19.272778,Conversion failed
084,/Misc/For Writer/_5 Chanukah/Public Menorah Lighting/Press Release,Press Release 1.docx,document,8548,1KcxIoSg2MGMVUs7wL2rKImkvmBBv_ZTG,application/vnd.openxmlformats-officedocument.wordprocessingml.document,3,conversion_failed,2025-11-09T11:29:19.293678,Conversion failed
085,/Misc/For Writer/_5 Chanukah/Public Menorah Lighting/Press Release,Press Release 2.docx,document,7683,1K83qotUWmp9OuYD3G5Kf55l5_ApERm7A,application/vnd.openxmlformats-officedocument.wordprocessingml.document,3,conversion_failed,2025-11-09T11:29:19.315037,Conversion failed
086,/Misc/For Writer/_5 Chanukah/Public Menorah Lighting,Copy of Menorah Lighting- TO DO LIST.docx,document,8085,1rKPaQW1HWw1t5VFukCrzgopCDg2c5YiV,application/vnd.openxmlformats-officedocument.wordprocessingml.document,3,conversion_failed,2025-11-09T11:29:19.336973,Conversion failed
087,/Misc/For Writer/_5 Chanukah/Public Menorah Lighting,Public Lighting tips.docx,document,18016,1LSITFrT50B6oxdWcYdecg5Lbs4es0Gda,application/vnd.openxmlformats-officedocument.wordprocessingml.document,3,conversion_failed,2025-11-09T11:29:19.359083,Conversion failed
088,/Misc/For Writer/_5 Chanukah/sponsorship,Walmart Foundation.docx,document,7758,11mg1qJrO_q7GC0BVIM9vbwkHN3c4yIU8,application/vnd.openxmlformats-officedocument.wordprocessingml.document,3,conversion_failed,2025-11-09T11:29:19.380427,Conversion failed
089,/Misc/For Writer/_5 Chanukah/sponsorship,corporate sponshorship email.docx,document,12536,16SiNRTwcluiQQX3nyOW99jn30yBNsxlW,application/vnd.openxmlformats-officedocument.wordprocessingml.document,3,conversion_failed,2025-11-09T11:29:19.401323,Conversion failed
090,/Misc/For Writer/_5 Chanukah/Halacha,Hilchos Chanukah.docx,document,6780,1vVYE9--TFgeSWuoMPQ2JW3HwRgM2nrAK,application/vnd.openxmlformats-officedocument.wordprocessingml.document,3,conversion_failed,2025-11-09T11:29:19.422903,Conversion failed
091,/Misc/For Writer/_5 Chanukah/Public Menorah,Public Menorah.docx,document,9149,1uSfQmHiR_M3ZYggQsoRvlJb-wGWBV21l,application/vnd.openxmlformats-officedocument.wordprocessingml.document,3,conversion_failed,2025-11-09T11:29:19.445567,Conversion failed
092,/Misc/For Writer/_5 Chanukah/Public Menorah,Drawings for building 6ft menorah from wood.docx,document,6347,1bz1cWmjfBHOMDF03k3KinDK4hgyvY0dl,application/vnd.openxmlformats-officedocument.wordprocessingml.document,3,conversion_failed,2025-11-09T11:29:19.466754,Conversion failed
093,/Misc/For Writer/_5 Chanukah/Public Menorah,Public Menorah (Electric) Which Lights to Turn on Each Night.docx,document,11322,1njLKMQGuj-L1QpsoaVDBkxZacxJH6Hb7,application/vnd.openxmlformats-officedocument.wordprocessingml.document,3,conversion_failed,2025-11-09T11:29:19.487991,Conversion failed
094,/Misc/For Writer/_5 Chanukah/Public Menorah,Legal Points.docx,document,6354,1g2JIyIfW8Z5JCMmvJGXmOaRGBT0dblDj,application/vnd.openxmlformats-officedocument.wordprocessingml.document,3,conversion_failed,2025-11-09T11:29:19.511088,Conversion failed
095,/Misc/For Writer/_5 Chanukah,Chanukah Canva Links.docx,document,6924,1T_aQk9WaaHNgu_SKnbC0ZYczsuNv27IX,application/vnd.openxmlformats-officedocument.wordprocessingml.document,3,conversion_failed,2025-11-09T11:29:19.533235,Conversion failed
096,/Misc/For Writer/_5 Chanukah,Menorah by a Wedding.docx,document,8139,1S-aC5oYzc2M65Ew98zpWTyAaGJ00SzRl,application/vnd.openxmlformats-officedocument.wordprocessingml.document,3,conversion_failed,2025-11-09T11:29:19.555793,Conversion failed
097,/Misc/For Writer,Shluchim Exchange Index,google_sheet,7428,1YooDxOD644AI3zqlW9sRdVEvSfpLsRAoI9lS7K-_Vsw,application/vnd.google-apps.spreadsheet,3,conversion_failed,2025-11-09T11:29:19.605383,Conversion failed
098,/Misc/For Writer,Tree - Proposed Sections and Pages - Shluchim Wiki - Merkos 302 ,google_sheet,1024,1O4QbS5BI7GI1Er1zJmD3EZ4qlhWIURdcl21vdDqBU_Q,application/vnd.google-apps.spreadsheet,3,conversion_failed,2025-11-09T11:29:19.628009,Conversion failed
099,/Misc/Compass/Halacha,Using a Shabbos Goy.pdf,document,8462860,1asYZK7njEHOvoyTTpMSz8II2spfTzwBw,application/pdf,3,converted,2025-11-09T11:29:20.841121,
100,/Misc/Compass/Halacha,Halacha. Research before doing a wedding.pdf,document,829903,1rGZ3lLdoxm-_ud2cDO-F2hVGoNN2f5o0,application/pdf,3,converted,2025-11-09T11:29:21.444416,
101,/Misc/Compass/Halacha,Halacha Charity and Maser in a Chabad house.pdf,document,3718265,1A0hn64MzYFbMPqAPEjnwRWgbY6Hgm2Ab,application/pdf,3,converted,2025-11-09T11:29:28.469758,
102,/Misc/Compass/Halacha,Halacha for Challah Bake.pdf,document,2005674,1c-8BySVZEq52Ux9lDXMLMANV6JGchsaE,application/pdf,3,converted,2025-11-09T11:29:28.994824,
103,/Misc/Compass/Halacha,Mechitzah Part 1.pdf,document,2521143,1q5Pl9jWSUXyYegaRGvN2TsetFQull06T,application/pdf,3,converted,2025-11-09T11:29:30.269249,
106,/Misc/Compass/Halacha,Kosher Mezuzos.pdf,document,3222376,1nAUKpbj6JN-LI5BOkcw3UVh8V-mL09Rr,application/pdf,3,converted,2025-11-09T11:29:30.713723,
107,/Misc/Compass/Halacha,Halachos of Kashering.pdf,document,1859889,1MOYZNKVX37ZJGyG3WwGJ9Uz5yU5VjDg3,application/pdf,3,converted,2025-11-09T11:29:33.437704,
108,/Misc/Compass/Halacha,Hilchos Pesach for a Chabad House.pdf,document,3650335,1YfwdC4h8o131Hw25Oc3BKa3nru0o0fNl,application/pdf,3,converted,2025-11-09T11:29:38.701176,
109,/Misc/Compass/Halacha,Guide to Mivtzah Mezuzah.pdf,document,740169,1ZBpP5VtrWQnxzXbMID7FsR84k0buFCbP,application/pdf,3,converted,2025-11-09T11:29:39.963533,
110,/Misc/Compass/Halacha,FAQ Regarding Mivtzah Tefillin.pdf,document,9394278,189bEs1hfdCpObhhqLCH9sKTH1rgrNvGu,application/pdf,3,converted,2025-11-09T11:29:42.063877,
111,/Misc/Compass/Halacha,FAQ Regarding Sifrei Torah Etc.pdf,document,2600261,112il7S5ts5Pj02UfMnU6qR7Htd1GMQwo,application/pdf,3,converted,2025-11-09T11:29:45.441834,
112,/Misc/Compass/Halacha,FAQ Regarding Krias Hatorah.pdf,document,3164342,1JECIbWcrLSUogyOhIpH-T7bClxpQ8IA9,application/pdf,3,converted,2025-11-09T11:29:47.252091,
113,/Misc/Compass/Halacha,FAQ regarding Minyanim in a Chabad House.pdf,document,1591939,1yVUq1VVIHtuPQfgf179GNCCTpwZYdmPv,application/pdf,3,converted,2025-11-09T11:29:49.254730,
114,/Misc/Compass/Halacha,FAQ Regarding Yuchsin.pdf,document,1110448,1DnLl6Zjcx42Fictwcr6GwD2Wk5pLqSon,application/pdf,3,converted,2025-11-09T11:29:51.303830,
011,/Misc/For Writer/_5 Chanukah/Chanukah Events/Event Ideas,Jewish Heritage Night.docx,document,10046,1-5Vt3w57py2_gmqWSJM3WTfmuoZ_6iC3,application/vnd.openxmlformats-officedocument.wordprocessingml.document,4,processed,2025-11-10T16:38:33.882506,
012,/Misc/For Writer/_5 Chanukah/Chanukah Events/Event Ideas,Games and Crafts.docx,document,6568,1lTEpUbU1B3cE6ewQoN62APPHNgp64FHb,application/vnd.openxmlformats-officedocument.wordprocessingml.document,4,processed,2025-11-10T16:38:33.882506,
013,/Misc/For Writer/_5 Chanukah/Chanukah Events/Event Ideas,Latke Tasting.docx,document,7825,10ZZv9jTD2ImEuhfjK3_0-YXtebEVxkKK,application/vnd.openxmlformats-officedocument.wordprocessingml.document,4,processed,2025-11-10T16:38:33.882506,
014,/Misc/For Writer/_5 Chanukah/Chanukah Events/Event Ideas,Chanukah Wonderland.docx,document,35851,1Osw9551UOKkGPtPieciy_C35_9Wte-ce,application/vnd.openxmlformats-officedocument.wordprocessingml.document,4,processed,2025-11-10T16:38:33.882506,
015,/Misc/For Writer/_5 Chanukah/Chanukah Events/Recipes,Chanukah Recipes.docx,document,7405,1oxFVxDN1IQQA6LuwZ6yVLoJQ0X40HSgV,application/vnd.openxmlformats-officedocument.wordprocessingml.document,4,processed,2025-11-10T16:38:33.882506,
016,/Misc/For Writer/_5 Chanukah/Chanukah Events/Recipes,Trader Joes Latkes.docx,document,6670,1wBKJZdSqdToSaxyxBRWMKIr7aSEvm4rm,application/vnd.openxmlformats-officedocument.wordprocessingml.document,4,processed,2025-11-10T17:34:51.508038,
017,/Misc/For Writer/_5 Chanukah/Chanukah Events,Insurance for Chanukah event.docx,document,7133,1SzwmiKo4V33RQWHpZzJyE-E9WexDDvbx,application/vnd.openxmlformats-officedocument.wordprocessingml.document,4,processed,2025-11-10T17:34:51.508038,
018,/Misc/For Writer/_5 Chanukah/Car Menorah-Parade,Completed Draft: Car Menorah Parade,google_doc,7297,14aMRXdcA-RdIu49bY1SV7SzI_2cKniYm8756dmwzTv8,application/vnd.google-apps.document,4,processed,2025-11-10T17:34:51.508038,
019,/Misc/For Writer/_5 Chanukah/Car Menorah-Parade,Press Release #8.docx,document,8335,1izPzGfFBuMKm8gs0E5_Qzrou6NtXrpkv,application/vnd.openxmlformats-officedocument.wordprocessingml.document,4,processed,2025-11-10T17:34:51.508038,
020,/Misc/For Writer/_5 Chanukah/Car Menorah-Parade,car Menorah Parade.docx,document,16336,1lvwIh1xWpOE9xKClvreGAfjoJYcem7_g,application/vnd.openxmlformats-officedocument.wordprocessingml.document,4,processed,2025-11-10T17:34:51.508038,
021,/Misc/For Writer/_5 Chanukah/Chanukah writer/Old Docs,Draft_ Ideas for Menorah Parade.docx,document,8773,1gk_dQS2d9w3agIlSbtDEX_5AgpNDTkS1,application/vnd.openxmlformats-officedocument.wordprocessingml.document,4,processed,2025-11-10T17:37:12.830983,
022,/Misc/For Writer/_5 Chanukah/Chanukah writer/Old Docs,Draft_ Purchase Car Menorah.docx,document,9652,16IEfKlOe2KTX3NiFNQrLNtSl9PLYofJu,application/vnd.openxmlformats-officedocument.wordprocessingml.document,4,processed,2025-11-10T17:37:12.830983,
023,/Misc/For Writer/_5 Chanukah/Chanukah writer/Old Docs,Draft_ License for Parade.docx,document,7538,1tI5cWveXquVBRrLllTK-5UsGYOYn2W0B,application/vnd.openxmlformats-officedocument.wordprocessingml.document,4,processed,2025-11-10T17:37:12.830983,
024,/Misc/For Writer/_5 Chanukah/Chanukah writer/Old Docs,Draft_ Police Escort.docx,document,6769,1zWedrPxljXiBtGqHQ8UVkU20fWAHwc9-,application/vnd.openxmlformats-officedocument.wordprocessingml.document,4,processed,2025-11-10T17:37:12.830983,
025,/Misc/For Writer/_5 Chanukah/Old/Chanukah Menorahs-/Car Menorahs-/Parade-/Connecting music,Radio Connection.docx,document,6748,1frGd2G2pOlRTRoc8wviIkDVkU_lmEe3Q,application/vnd.openxmlformats-officedocument.wordprocessingml.document,4,processed,2025-11-10T17:37:12.830983,
026,/Misc/For Writer/_5 Chanukah/Old/Chanukah Menorahs-/Car Menorahs-/Parade-/Connecting music,Connecting Music for Parade.docx,document,8107,1kPgHYSSKzyFMZtvOgn7Lp8j_NFywn_X-,application/vnd.openxmlformats-officedocument.wordprocessingml.document,4,processed,2025-11-10T17:38:54.938091,
027,/Misc/For Writer/_5 Chanukah/Old/Chanukah Menorahs-/Car Menorahs-/Parade-/Parade Press Release,Chanukah Car Parade Press Release.docx,document,6321,1Tq4rkLMPoYOXdGfEnD2hwsoX70uROKfH,application/vnd.openxmlformats-officedocument.wordprocessingml.document,4,processed,2025-11-10T17:38:54.938091,
028,/Misc/For Writer/_5 Chanukah/Old/Chanukah Menorahs-/Car Menorahs-/Parade-/Parade Press Release,Parade Press 1.docx,document,8038,1RhODcYnPnVdyR00BKzjRMlT6a1ZTWtMc,application/vnd.openxmlformats-officedocument.wordprocessingml.document,4,processed,2025-11-10T17:38:54.938091,
029,/Misc/For Writer/_5 Chanukah/Old/Chanukah Menorahs-/Car Menorahs-/Parade-,License for Parade_.docx,document,6831,1BhCrM-24D6W5pTfvPsZ6A_gU4FZx-eNa,application/vnd.openxmlformats-officedocument.wordprocessingml.document,4,processed,2025-11-10T17:38:54.938091,
030,/Misc/For Writer/_5 Chanukah/Old/Chanukah Menorahs-/Car Menorahs-/Parade-,Police Escort.docx,document,6731,1I2MsJJed-85yjyGy5IzoaH308sUeJyHA,application/vnd.openxmlformats-officedocument.wordprocessingml.document,4,processed,2025-11-10T17:38:54.938091,
031,/Misc/For Writer/_5 Chanukah/Old/Chanukah Menorahs-/Car Menorahs-,Purchase Car Menorah.docx,document,9416,1Iu-STDQ6x_oUFpl3RBVe_rM8vEt0I9y2,application/vnd.openxmlformats-officedocument.wordprocessingml.document,4,processed,2025-11-10T17:44:10.718433,
032,/Misc/For Writer/_5 Chanukah/Old/Chanukah Menorahs-/Car Menorahs-,Build a wood car Menorah.docx,document,6304,17k9b6Uerwng4A9q-ciQz5OVx6WSx51T6,application/vnd.openxmlformats-officedocument.wordprocessingml.document,4,processed,2025-11-10T17:44:10.718433,
033,/Misc/For Writer/_5 Chanukah/Old/Chanukah Menorahs-/Car Menorahs-,Drawing for Menorah 3.docx,document,6305,1-kJogiojvohXkR4A77CdgcrhvPApQF2o,application/vnd.openxmlformats-officedocument.wordprocessingml.document,4,processed,2025-11-10T17:44:10.718433,
034,/Misc/For Writer/_5 Chanukah/Old/Chanukah Menorahs-/Public Menorah-,Reform opposition.docx,document,11773,143EIhn22IWk_WrWX8fk5f9JiDwGj9spi,application/vnd.openxmlformats-officedocument.wordprocessingml.document,4,processed,2025-11-10T17:44:10.718433,
035,/Misc/For Writer/_5 Chanukah/Old/Chanukah Menorahs-/Public Menorah-,Giant Menorah.docx,document,18440,16fH631Wcpi9lYyiebVcOHvTysZMPmva4,application/vnd.openxmlformats-officedocument.wordprocessingml.document,4,processed,2025-11-10T17:44:10.718433,
036,/Misc/For Writer/_5 Chanukah/Old/Chanukah Menorahs-/Public Menorah-,City Wants to Copy Public Lighting Event.docx,document,8020,13LxkbXJ35zVfXjx57ng_uQ2568HRGszp,application/vnd.openxmlformats-officedocument.wordprocessingml.document,4,processed,2025-11-10T17:48:57.175142,
037,/Misc/For Writer/_5 Chanukah/Old/Chanukah Menorahs-/Public Menorah-,Ideas to jazz up small town menorah lighting.docx,document,9230,1xUNs4EwZroECtHlhCgQZsCBqIo6FnLrR,application/vnd.openxmlformats-officedocument.wordprocessingml.document,4,processed,2025-11-10T17:48:57.175142,
038,/Misc/For Writer/_5 Chanukah/Old/Chanukah Menorahs-/Public Menorah-,Fire Truck giving gelt.docx,document,7004,1O5qsxWVUJ_4O1BqQO6f9nog8f-qLcE_W,application/vnd.openxmlformats-officedocument.wordprocessingml.document,4,processed,2025-11-10T17:48:57.175142,
039,/Misc/For Writer/_5 Chanukah/Old/Chanukah Menorahs-/Public Menorah-,Reform want to join Event.docx,document,7365,1ClKWqVIxm9WIH32oiq4WolIDscEmntgH,application/vnd.openxmlformats-officedocument.wordprocessingml.document,4,processed,2025-11-10T17:48:57.175142,
040,/Misc/For Writer/_5 Chanukah/Old/Chanukah Menorahs-/Public Menorah-,Spotlight on your Menorah.docx,document,7987,1Bk_7Va9AMg-S0nTqMf6QiHYLmy8zfyg7,application/vnd.openxmlformats-officedocument.wordprocessingml.document,4,processed,2025-11-10T17:48:57.175142,
041,/Misc/For Writer/_5 Chanukah/Old/Chanukah Menorahs-/Public Menorah-,Ideas on how to light public Menorah no fire.docx,document,11954,1j_xmgcKLYhQbAPqDvUzEjvtFLdslwtn5,application/vnd.openxmlformats-officedocument.wordprocessingml.document,4,processed,2025-11-10T17:50:22.878981,
042,/Misc/For Writer/_5 Chanukah/Old/Chanukah Menorahs-/Public Menorah-,Public Menorah Power Source Ideas.docx,document,14729,1M-ps5Np7QXKckLP-eXQOqPx4ooG8Turh,application/vnd.openxmlformats-officedocument.wordprocessingml.document,4,processed,2025-11-10T17:50:22.878981,
043,/Misc/For Writer/_5 Chanukah/Old/Chanukah Menorahs-/Public Menorah-,Permission Request From City.docx,document,8493,1nz0cdBOlKLNyNzAhd_QxThO5XGG460yv,application/vnd.openxmlformats-officedocument.wordprocessingml.document,4,processed,2025-11-10T17:50:22.878981,
044,/Misc/For Writer/_5 Chanukah/Old/Chanukah Menorahs-/Public Menorah-,What to use to light a public menorah.docx,document,8147,17yq8wdF3Sc_xKH7sjte_qmUHgkYFWc-_,application/vnd.openxmlformats-officedocument.wordprocessingml.document,4,processed,2025-11-10T17:50:22.878981,
045,/Misc/For Writer/_5 Chanukah/Old/Chanukah Menorahs-/Public Menorah-,Proposal for Menorah public_.docx,document,7825,152QEdDiTy-0C7nO-sNgyu1xwbqcK-Gaz,application/vnd.openxmlformats-officedocument.wordprocessingml.document,4,processed,2025-11-10T17:50:22.878981,
046,/Misc/For Writer/_5 Chanukah/Old/Chanukah Menorahs-/Public Menorah-,Menorah on city ground.docx,document,6463,1nvBy_7q9Hxr747mcQvgDYn_DyP399sZT,application/vnd.openxmlformats-officedocument.wordprocessingml.document,4,processed,2025-11-10T21:55:24.809510,
047,/Misc/For Writer/_5 Chanukah/Old/Chanukah Menorahs-/Public Menorah-,Invitation for BB.docx,document,6828,1ci65tHDR1YI6TKIX58vp01OJGRlzMPnP,application/vnd.openxmlformats-officedocument.wordprocessingml.document,4,processed,2025-11-10T21:55:24.809510,
048,/Misc/For Writer/_5 Chanukah/Old/Chanukah Menorahs-/Public Menorah-,Letters from the Rebbe on Public Lighting.docx,document,8212,1pXj1YfuaPLNdq9xyyPpTGXjiOrtkqxOY,application/vnd.openxmlformats-officedocument.wordprocessingml.document,4,processed,2025-11-10T21:55:24.809510,
049,/Misc/For Writer/_5 Chanukah/General,Copy of Chanukah Todo List.docx,document,26088,10ptuHXTJWYJ0eQfKlEnuvLifHsAGZEOT,application/vnd.openxmlformats-officedocument.wordprocessingml.document,4,processed,2025-11-10T21:55:24.809510,
050,/Misc/For Writer/_5 Chanukah/General,Chanukah Facebook Contest.docx,document,6812,1CYPF3ObvzRFys7QHVvAnciAGQRg-aaS3,application/vnd.openxmlformats-officedocument.wordprocessingml.document,4,processed,2025-11-10T21:55:24.809510,
051,/Misc/For Writer/_5 Chanukah/General,Menorah Letters From the Rebbe.docx,document,6401,1IAizMQSJsMXbGdfZ2pVCdBWbm3mSohf9,application/vnd.openxmlformats-officedocument.wordprocessingml.document,4,processed,2025-11-10T22:39:20.746581,
052,/Misc/For Writer/_5 Chanukah/General,Chanukah Tips and Tricks.docx,document,8587,1KIPyjDosgyzvItcG7ywxk6uNAE5eVAPC,application/vnd.openxmlformats-officedocument.wordprocessingml.document,4,processed,2025-11-10T22:39:20.746581,
053,/Misc/For Writer/_5 Chanukah/mivtzoim,Menorah Lighting Instruction for BB.docx,document,7449,1qTFwiBRnRgiGZpo_2KKFvvM0MEqJyemM,application/vnd.openxmlformats-officedocument.wordprocessingml.document,4,processed,2025-11-10T22:39:20.746581,
054,/Misc/For Writer/_5 Chanukah/Classes,Copy of 121414201__Chanukah Heroines.docx,document,43529,1t1HR3al-Qj3iJlkDcw8613rUDszdClM2,application/vnd.openxmlformats-officedocument.wordprocessingml.document,4,processed,2025-11-10T22:39:20.746581,
056,/Misc/For Writer/_5 Chanukah/Classes,Copy of Women of the Chanukah story.docx,document,27986,1P_9k8q0oTbgEaGL9azA4rg8Tttbpv1oE,application/vnd.openxmlformats-officedocument.wordprocessingml.document,4,processed,2025-11-10T22:39:20.746581,
057,/Misc/For Writer/_5 Chanukah/Classes,"Copy of 121521502__Class on Chanukah -8 candles, 8 lessons.docx",document,20072,1hueNjOGnn3c8b8rPPKH4P80yTuc4gUwW,application/vnd.openxmlformats-officedocument.wordprocessingml.document,4,processed,2025-11-10T22:39:20.746581,
058,/Misc/For Writer/_5 Chanukah/Classes,Copy of chanukah 5779 my notes.docx,document,19380,1SQZc7fF2iXSNORWG7siBWapNEo_rJUCK,application/vnd.openxmlformats-officedocument.wordprocessingml.document,4,processed,2025-11-10T22:39:20.746581,
059,/Misc/For Writer/_5 Chanukah/Classes,Copy of 121414201__Feminine Side of Chanuka Dvar Torah.docx,document,15336,1ienNPEZbqVmlcxTGLeDUNvBIqLaJIOIW,application/vnd.openxmlformats-officedocument.wordprocessingml.document,4,processed,2025-11-10T22:39:20.746581,
060,/Misc/For Writer/_5 Chanukah/Classes,Copy of womens event chanuka speech.docx,document,17516,1s8UFAVZboenrcLgv3gwfM0oVpqxZQ_AK,application/vnd.openxmlformats-officedocument.wordprocessingml.document,4,processed,2025-11-10T22:39:20.746581,
061,/Misc/For Writer/_5 Chanukah/Classes,Copy of DD6_A_DEEPER_MEANING_INTO_CHANUKAH.docx,document,16355,1GamixePz-8K57_DpKgcZ79RhHOjEwOWT,application/vnd.openxmlformats-officedocument.wordprocessingml.document,4,processed,2025-11-10T22:39:20.746581,
062,/Misc/For Writer/_5 Chanukah/Classes,Copy of ChanukahLightUpYourWorld--TeacherGuide.pdf,document,247503,1jbMScVd32iZTVAyp1o_cDTY5WS6oVrnv,application/pdf,4,processed,2025-11-10T22:39:20.746581,
063,/Misc/For Writer/_5 Chanukah/Classes,Copy of Dvar Torah.docx,document,19124,1YAuoWFX3IDSvSN6n12knezo3JVjG3B6C,application/vnd.openxmlformats-officedocument.wordprocessingml.document,4,processed,2025-11-10T22:39:20.746581,
064,/Misc/For Writer/_5 Chanukah/Press Release,_TV interview_.docx,document,6482,1IbvabxCsVt9PVZiK4yoJHc1T-_NoLiCQ,application/vnd.openxmlformats-officedocument.wordprocessingml.document,4,processed,2025-11-10T22:39:20.746581,
065,/Misc/For Writer/_5 Chanukah/Press Release,Press Release #7.docx,document,8118,1qWAaZOLVqz5j91xtQsSh_kRSqM4rCvBH,application/vnd.openxmlformats-officedocument.wordprocessingml.document,4,processed,2025-11-10T22:39:20.746581,
066,/Misc/For Writer/_5 Chanukah/Press Release,Press 4.docx,document,8441,1eByL1TjpO-t5DZWkSaZep9QetSNAUAER,application/vnd.openxmlformats-officedocument.wordprocessingml.document,4,processed,2025-11-10T22:39:20.746581,
067,/Misc/For Writer/_5 Chanukah/Press Release,Chanukah Newspaper Article.docx,document,8012,1Fw0C-XfbW8YUtIa7r8p4NsZWQbFdIbKB,application/vnd.openxmlformats-officedocument.wordprocessingml.document,4,processed,2025-11-10T22:39:20.746581,
068,/Misc/For Writer/_5 Chanukah/Public Menorah Lighting/Dignitaries/Invitation,Dignitary Invitation #2.docx,document,7522,1OzjJuFOQ3UCq2HgQH8hSVOAYy0AiJZVl,application/vnd.openxmlformats-officedocument.wordprocessingml.document,4,processed,2025-11-10T22:39:20.746581,
069,/Misc/For Writer/_5 Chanukah/Public Menorah Lighting/Dignitaries/Invitation,Dignitary Invitation #1-2.docx,document,6981,1Rsx4EjIdrFswEcKDaIZZDbUPEoVazqxl,application/vnd.openxmlformats-officedocument.wordprocessingml.document,4,processed,2025-11-10T22:39:20.746581,
070,/Misc/For Writer/_5 Chanukah/Public Menorah Lighting/Dignitaries/Invitation,Dignitary Invitation #3.docx,document,7147,1gv8qyAplFL6eNL2_X-emXsQmACsm5JdD,application/vnd.openxmlformats-officedocument.wordprocessingml.document,4,processed,2025-11-10T22:39:20.746581,
071,/Misc/For Writer/_5 Chanukah/Public Menorah Lighting/Dignitaries/Proclamation-Speech,Dignitary Proclamation.docx,document,8210,1uChaVti71CVxYGVfMKey3aJZnYGb-CXx,application/vnd.openxmlformats-officedocument.wordprocessingml.document,4,processed,2025-11-10T22:50:46.486564,
072,/Misc/For Writer/_5 Chanukah/Public Menorah Lighting/Dignitaries/Proclamation-Speech,Dignitary Proclamation Speech.docx,document,6967,1SyYrclFQUtAZUrwtWakP5kSl8ck7ze8N,application/vnd.openxmlformats-officedocument.wordprocessingml.document,4,processed,2025-11-10T22:50:46.486564,
073,/Misc/For Writer/_5 Chanukah/Public Menorah Lighting/Dignitaries/Thank You Letter,Thank you letter for Dignitary.docx,document,7377,1kE_WxTCZ2e1mFCG7GcjdIhgzaPT6xmsF,application/vnd.openxmlformats-officedocument.wordprocessingml.document,4,processed,2025-11-10T22:50:46.486564,
074,/Misc/For Writer/_5 Chanukah/Public Menorah Lighting/Public Lighting Halachos,Public Menorah Guidelines_Halacha.docx,document,14487,10J7hrBgMzXSfYabyNIzl_4CmDfXwCE0v,application/vnd.openxmlformats-officedocument.wordprocessingml.document,4,processed,2025-11-10T22:50:46.486564,
075,/Misc/For Writer/_5 Chanukah/Public Menorah Lighting/Public Lighting Halachos,questions Chanukah.docx,document,8535,1A0oXDv58phzBbLncp-eUxEZUfkd96HRd,application/vnd.openxmlformats-officedocument.wordprocessingml.document,4,processed,2025-11-10T22:50:46.486564,
076,/Misc/For Writer/_5 Chanukah/Public Menorah Lighting/Religious Symbol Legal,Complete supreme court ruling.docx,document,119359,1diVJ2Lfu3UpPS2cypyohnEYFRKtbpScM,application/vnd.openxmlformats-officedocument.wordprocessingml.document,4,processed,2025-11-10T22:58:44.745755,
077,/Misc/For Writer/_5 Chanukah/Public Menorah Lighting/Religious Symbol Legal,Menorah - display of freedom.docx,document,8013,1Dnaf8uFWmJTBOlVYR89YhJTMa4hGl32z,application/vnd.openxmlformats-officedocument.wordprocessingml.document,4,processed,2025-11-10T22:58:44.745755,
078,/Misc/For Writer/_5 Chanukah/Public Menorah Lighting/Religious Symbol Legal,Legal Points For Menorah.docx,document,9440,11e9D2L7G1TtXSBy8luEgDc3PNVcT3kM3,application/vnd.openxmlformats-officedocument.wordprocessingml.document,4,processed,2025-11-10T22:58:44.745755,
079,/Misc/For Writer/_5 Chanukah/Public Menorah Lighting/Religious Symbol Legal,EXCERPTS FROM THE U.S. SUPREME COURT RULING.docx,document,7929,1TEln5PjtmCWqNuv1-pG0mSp8Zw7F6S3P,application/vnd.openxmlformats-officedocument.wordprocessingml.document,4,processed,2025-11-10T22:58:44.745755,
080,/Misc/For Writer/_5 Chanukah/Public Menorah Lighting/Religious Symbol Legal,info on Legal rights.docx,document,6276,1No5tgZqUkWszoXvNP5dt5VlqC-ZzNyEY,application/vnd.openxmlformats-officedocument.wordprocessingml.document,4,processed,2025-11-10T22:58:44.745755,
081,/Misc/For Writer/_5 Chanukah/Public Menorah Lighting/Religious Symbol Legal,"Public Menorah, church _ state_!.docx",document,8016,1ZN7v4y8je4vXAKZ0o2obKEsxcxdX-YXf,application/vnd.openxmlformats-officedocument.wordprocessingml.document,4,processed,2025-11-10T23:07:35.582728,
082,/Misc/For Writer/_5 Chanukah/Public Menorah Lighting/Religious Symbol Legal,Denied permission for menorah.docx,document,9736,1k7iet8hs7RvcpRHcLW8F2K8D8MAAhm3X,application/vnd.openxmlformats-officedocument.wordprocessingml.document,4,processed,2025-11-10T23:07:35.582728,
083,/Misc/For Writer/_5 Chanukah/Public Menorah Lighting/Press Release,Press Release 3.docx,document,7141,1Z6AJo4oHjfUXDSTYWiCIJs7bWb-U8hEi,application/vnd.openxmlformats-officedocument.wordprocessingml.document,4,processed,2025-11-10T23:07:35.582728,
084,/Misc/For Writer/_5 Chanukah/Public Menorah Lighting/Press Release,Press Release 1.docx,document,8548,1KcxIoSg2MGMVUs7wL2rKImkvmBBv_ZTG,application/vnd.openxmlformats-officedocument.wordprocessingml.document,4,processed,2025-11-10T23:07:35.582728,
085,/Misc/For Writer/_5 Chanukah/Public Menorah Lighting/Press Release,Press Release 2.docx,document,7683,1K83qotUWmp9OuYD3G5Kf55l5_ApERm7A,application/vnd.openxmlformats-officedocument.wordprocessingml.document,4,processed,2025-11-10T23:07:35.582728,
086,/Misc/For Writer/_5 Chanukah/Public Menorah Lighting,Copy of Menorah Lighting- TO DO LIST.docx,document,8085,1rKPaQW1HWw1t5VFukCrzgopCDg2c5YiV,application/vnd.openxmlformats-officedocument.wordprocessingml.document,4,processed,2025-11-11T05:23:22.636599,
087,/Misc/For Writer/_5 Chanukah/Public Menorah Lighting,Public Lighting tips.docx,document,18016,1LSITFrT50B6oxdWcYdecg5Lbs4es0Gda,application/vnd.openxmlformats-officedocument.wordprocessingml.document,4,processed,2025-11-11T05:23:22.636599,
088,/Misc/For Writer/_5 Chanukah/sponsorship,Walmart Foundation.docx,document,7758,11mg1qJrO_q7GC0BVIM9vbwkHN3c4yIU8,application/vnd.openxmlformats-officedocument.wordprocessingml.document,4,processed,2025-11-11T05:23:22.636599,
089,/Misc/For Writer/_5 Chanukah/sponsorship,corporate sponshorship email.docx,document,12536,16SiNRTwcluiQQX3nyOW99jn30yBNsxlW,application/vnd.openxmlformats-officedocument.wordprocessingml.document,4,processed,2025-11-11T05:23:22.636599,
090,/Misc/For Writer/_5 Chanukah/Halacha,Hilchos Chanukah.docx,document,6780,1vVYE9--TFgeSWuoMPQ2JW3HwRgM2nrAK,application/vnd.openxmlformats-officedocument.wordprocessingml.document,4,processed,2025-11-11T05:23:22.636599,
091,/Misc/For Writer/_5 Chanukah/Public Menorah,Public Menorah.docx,document,9149,1uSfQmHiR_M3ZYggQsoRvlJb-wGWBV21l,application/vnd.openxmlformats-officedocument.wordprocessingml.document,4,processed,2025-11-11T05:31:11.005197,
092,/Misc/For Writer/_5 Chanukah/Public Menorah,Drawings for building 6ft menorah from wood.docx,document,6347,1bz1cWmjfBHOMDF03k3KinDK4hgyvY0dl,application/vnd.openxmlformats-officedocument.wordprocessingml.document,4,processed,2025-11-11T05:31:11.005197,
093,/Misc/For Writer/_5 Chanukah/Public Menorah,Public Menorah (Electric) Which Lights to Turn on Each Night.docx,document,11322,1njLKMQGuj-L1QpsoaVDBkxZacxJH6Hb7,application/vnd.openxmlformats-officedocument.wordprocessingml.document,4,processed,2025-11-11T05:31:11.005197,
094,/Misc/For Writer/_5 Chanukah/Public Menorah,Legal Points.docx,document,6354,1g2JIyIfW8Z5JCMmvJGXmOaRGBT0dblDj,application/vnd.openxmlformats-officedocument.wordprocessingml.document,4,processed,2025-11-11T05:31:11.005197,
095,/Misc/For Writer/_5 Chanukah,Chanukah Canva Links.docx,document,6924,1T_aQk9WaaHNgu_SKnbC0ZYczsuNv27IX,application/vnd.openxmlformats-officedocument.wordprocessingml.document,4,processed,2025-11-11T05:31:11.005197,
096,/Misc/For Writer/_5 Chanukah,Menorah by a Wedding.docx,document,8139,1S-aC5oYzc2M65Ew98zpWTyAaGJ00SzRl,application/vnd.openxmlformats-officedocument.wordprocessingml.document,4,processed,2025-11-11T05:38:12.113569,
1009,/Around the year/15 Shevat,Tu B'shvat or Chamisha Asar B'Shvat,google_doc,2594,1Ybi6AHFF_K1MvUKvYAbtEsxt8x5Noe1xb_vvxlNnWEo,application/vnd.google-apps.document,3,processed,2025-11-11T05:47:42.628531,
1011,/Around the year/Purim,Purim Thems ,google_doc,26602,1X3FbdvnqCcaYS6yZUf6GJQzC1tQHfCGfqbxXjH5uNqo,application/vnd.google-apps.document,3,processed,2025-11-11T05:47:42.628531,
1012,/Around the year/Purim,Purim Project,google_doc,3365,1TXQxP5VxQ7hV5dSyihh_kPkLEqABvWPitMQxZKhPhyQ,application/vnd.google-apps.document,3,processed,2025-11-11T05:47:42.628531,
1013,/Around the year/Purim/Thank You,Thank You Letters,google_doc,3839,17Ql4UlNLtP3K5bBKJ8OtPQhsnWtNaCpzRMiGKb9IouU,application/vnd.google-apps.document,3,processed,2025-11-11T05:47:42.628531,
1014,/Around the year/Purim,Canva Links,google_doc,1024,1-T-wqCaZOHW0dG67rsMQpvzigGLiXlSq75QJcPNgW6w,application/vnd.google-apps.document,3,processed,2025-11-11T05:53:48.870398,
1015,/Around the year/Purim,To Think About,google_doc,1024,15zFtRbQKFkgp9KkB3da80mO9C-Ymgzhmhte5Esmswog,application/vnd.google-apps.document,3,processed,2025-11-11T05:53:48.870398,
1018,/Around the year/Purim/Purim Parties,Kids activities,google_doc,1024,1FnGHhs7RtYy-3RNEexyvjphcPRCUVpNB5ohCxxqu8dY,application/vnd.google-apps.document,3,processed,2025-11-11T05:53:48.870398,
1019,/Around the year/Purim/Purim Parties/Music,Purim Music,google_doc,1024,1wwZl7xpgjwYU7CB8ll4tpGV-JVIBEAGk68NaJMkhwHs,application/vnd.google-apps.document,3,processed,2025-11-11T05:53:48.870398,
1020,/Around the year/Purim/Purim Parties/Purim Play,Purim Lyrics for Waltzing Matilda,google_doc,1024,1_jV7CdkqpErY-kxJrnqK_Z2F5z-gwKZLPpfGlpqDpSY,application/vnd.google-apps.document,3,processed,2025-11-11T05:53:48.870398,
1024,/Around the year/Purim/Purim Parties/Purim Play,Copy of purim play (1).docx,document,22164,1ktBGdNr-RqXrL-IDFADr0FIX6P4FG4vl,application/vnd.openxmlformats-officedocument.wordprocessingml.document,3,processed,2025-11-11T06:01:16.036464,
1026,/Around the year/Purim/Purim Parties/Games and Crafts,Drive,google_doc,1024,187Dz3QlsQbWxLuE49bu6px1oR9HigXZES4zUoQRjWLY,application/vnd.google-apps.document,3,processed,2025-11-11T06:01:16.036464,
1027,/Around the year/Purim/Purim Parties/Games and Crafts,right left game,google_doc,2089,1XLQy1yrJCKiBLASL8DIaD89i0RxxbW8i90ML0YQPzm0,application/vnd.google-apps.document,3,processed,2025-11-11T06:01:16.036464,
1028,/Around the year/Purim/Purim Parties/Games and Crafts,Seudah Game,google_doc,2108,1VSu12F3_PoQTEs9venXzL1wq568qTp6VCEkNE7MQsDo,application/vnd.google-apps.document,3,processed,2025-11-11T06:01:16.036464,
1029,/Around the year/Purim/Purim Parties/Games and Crafts,Purim Jewpardy,google_doc,1024,1axHqtCzpMuaSs8P-WIMFVX8JgsKFZ1PjOkCK4CkeofU,application/vnd.google-apps.document,3,processed,2025-11-11T06:01:16.036464,
1030,/Around the year/Purim/Purim Parties/Games and Crafts,Purim Games and Crafts:,google_doc,11838,1-smNdqQMf_RFGaPGPP3GdNd_JiLa1KsHBvsctYfh3b8,application/vnd.google-apps.document,3,processed,2025-11-11T06:25:20.327735,
1031,/Around the year/Purim/Purim Parties/themes ,Purim in Israel,google_doc,2294,17FRSp9kPbznOEuXR82R_tHYF-gnUR-z54gy5Ofkx2Mk,application/vnd.google-apps.document,3,processed,2025-11-11T06:25:20.327735,
1032,/Around the year/Purim/Purim Parties/themes ,Morrocon Purim,google_doc,2110,1DWVVLprsnx4axzUB98VGOAO4d3ylwCJ7Pz8D0-a6wss,application/vnd.google-apps.document,3,processed,2025-11-11T06:25:20.327735,
1033,/Around the year/Purim/Purim Parties/themes ,glow in the dark,google_doc,1065,1LNUHGO76IC-sOCgJgyjtVqAER6orhbGlm2_WB_8kNrM,application/vnd.google-apps.document,3,processed,2025-11-11T06:25:20.327735,
1034,/Around the year/Purim/Purim Parties/themes ,Purim in Italy,google_doc,1671,1Kntg2ku1Vmr9blKU7v2MadEAa1HomJTfCYlaQ_iV_iI,application/vnd.google-apps.document,3,processed,2025-11-11T06:25:20.327735,
1035,/Around the year/Purim/Purim Parties/themes ,Purim Themes Drives,google_doc,1024,1NvII4DB6c6LlQnyoh-fS7d-gHOOYmsw-63nVVGTfBus,application/vnd.google-apps.document,3,processed,2025-11-11T06:30:33.862787,
1036,/Around the year/Purim/Purim Parties/themes ,Purim in South America,google_doc,1040,1o8bMgi_yI4GDroUil0PTLbcmXWSi-wQ6ULyLGtsT2VI,application/vnd.google-apps.document,3,processed,2025-11-11T06:30:33.862787,
1037,/Around the year/Purim/Purim Parties/themes ,Purim in Japan,google_doc,1024,1ba_ArSpWYqAXN9d8xc6aa3mtOkE9YVzuvo4liePktPw,application/vnd.google-apps.document,3,processed,2025-11-11T06:30:33.862787,
1038,/Around the year/Purim/Purim Parties/themes ,Purim in Africa,google_doc,1024,1AC0Of-M3swXd751YOMkEQbSoTv8p_Was3wjPFstd3tw,application/vnd.google-apps.document,3,processed,2025-11-11T06:30:33.862787,
1039,/Around the year/Purim/Purim Parties/themes ,Purim in the Stadium,google_doc,1024,1XGAdMtkfBMQVhK6SK-UkFdMEiLbVCNBgi19p9uDIN-Y,application/vnd.google-apps.document,3,processed,2025-11-11T06:30:33.862787,
1040,/Around the year/Purim/Purim Parties/themes ,Purim in Outer Space,google_doc,1170,185wtED7khEfAzdg_5mTetDWJeWtAzHreT0SubljQS8s,application/vnd.google-apps.document,3,processed,2025-11-11T18:46:31.774615,
1041,/Around the year/Purim/Purim Parties/themes ,Purim in the Wild West,google_doc,1035,1fFVrHK4qeb98iqPEboy_D6oIrYh3oO3D2W3bhFEvWMw,application/vnd.google-apps.document,3,processed,2025-11-11T18:46:31.774615,
1042,/Around the year/Purim/Purim Parties/themes ,Purim in the Shtetl,google_doc,1163,1gN0U6AvUEXSDTogUbmVKN5sGMhC24la_K_8JKQo-0RE,application/vnd.google-apps.document,3,processed,2025-11-11T18:46:31.774615,
1043,/Around the year/Purim/Mitzvos,shalach manos ideas,google_doc,18590,1koXh70IlMEaiOhO1nxFFt6WkQdfEIC32UysS5aeDX18,application/vnd.google-apps.document,3,processed,2025-11-11T18:46:31.774615,
1044,/Around the year/Purim/Mitzvos,how to how to implement Purim Mitzvahs,google_doc,2001,1Nas3m9YKao3P5HgYpZ8H2eBSHoGOZVvRjV1KJDUum0Q,application/vnd.google-apps.document,3,processed,2025-11-11T18:46:31.774615,
1053,/Around the year/Purim/Megillah/Purim,Purim/Megillah Videos,google_doc,1024,1IegCrxp0JSWHLdBLSrpw2G5KiTL8gPNpBBe6N7yEcSw,application/vnd.google-apps.document,3,processed,2025-11-11T19:02:07.189455,
1056,/Around the year/Purim/Megillah,Megillah,google_doc,1024,1Lz40AO09B1T8n9yekL-CcNrugaEH0jH9C_YY4jdLXcQ,application/vnd.google-apps.document,3,processed,2025-11-11T19:02:07.189455,
1057,/Around the year/Purim/Classes,Classes,google_doc,7706,165ehrFAXesIBZ8kIqbcEV3EexGUeYDJ9_5WlJg2UACU,application/vnd.google-apps.document,3,processed,2025-11-11T19:02:07.189455,
1059,/Around the year/Purim/halacha,Copy Purim Halachos draft,google_doc,15913,1tsdS2fB8kJK0NMSw5jE8G58FThdAYNsCdcQw3nAVqWU,application/vnd.google-apps.document,3,processed,2025-11-11T19:02:07.189455,
1060,/Around the year/Purim/halacha,original Translated copy of halachos draft,google_doc,43741,1qqHHMUwdCwYD2WdR8mpAz1Dm8jROdghiUrkRGnYiJrk,application/vnd.google-apps.document,3,processed,2025-11-11T19:02:07.189455,
1061,/Around the year/Purim/halacha,Original halachos draft,google_doc,6986,1plMyOE0gIEVfp_vRmCMrgof3Nf0u_phg1MCICpynZr4,application/vnd.google-apps.document,3,processed,2025-11-11T19:14:57.824232,
1062,/Around the year/Purim/halacha,Copy Translated Copy of Purim Halachos draft,google_doc,10425,16bm98hGCmi_pRdzeLFeIuSNcjm29TOOgs8GQg_s3q_I,application/vnd.google-apps.document,3,processed,2025-11-11T19:14:57.824232,
1063,/Around the year/Purim/halacha,halochos purim,google_doc,2319,1uw0ZRfbkC3r0GRSXUnsLQ-uFrNPYv8kfIohOH1juoVQ,application/vnd.google-apps.document,3,processed,2025-11-11T19:14:57.824232,
1065,/Around the year/Purim/Speeches,Speech 6,google_doc,5385,1KLwgJEaOO27AgXFg3pJiOTN3FWm0KHklr1EsttUcPL4,application/vnd.google-apps.document,3,processed,2025-11-11T19:14:57.824232,
1066,/Around the year/Purim/Speeches,Speech 5,google_doc,5399,1MCE_YTon4XNhL2kie0lF3vSnvPnOFWbEVlVus4j8xHI,application/vnd.google-apps.document,3,processed,2025-11-11T19:14:57.824232,
